appid,name,release_date,metric,date,day_offset,value,status,captured_at
3902800,[HERROR] Gas Station Case,2026-08-11,pre_launch_wishlist_rank,2026-08-04,-7,,not_in_captured_wishlist_ranking,
3902800,[HERROR] Gas Station Case,2026-08-11,pre_launch_wishlist_rank,2026-08-05,-6,,not_in_captured_wishlist_ranking,
3902800,[HERROR] Gas Station Case,2026-08-11,pre_launch_wishlist_rank,2026-08-06,-5,,not_in_captured_wishlist_ranking,
3902800,[HERROR] Gas Station Case,2026-08-11,pre_launch_wishlist_rank,2026-08-07,-4,,not_in_captured_wishlist_ranking,
3902800,[HERROR] Gas Station Case,2026-08-11,pre_launch_wishlist_rank,2026-08-08,-3,,not_in_captured_wishlist_ranking,
3902800,[HERROR] Gas Station Case,2026-08-11,pre_launch_wishlist_rank,2026-08-09,-2,,not_in_captured_wishlist_ranking,
3902800,[HERROR] Gas Station Case,2026-08-11,pre_launch_wishlist_rank,2026-08-10,-1,1912,ok,2026-08-10T03:29:07.136Z
3902800,[HERROR] Gas Station Case,2026-08-11,post_launch_reviews_total,2026-08-11,0,0,ok,2026-08-11T03:21:55.619Z
3902800,[HERROR] Gas Station Case,2026-08-11,post_launch_reviews_total,2026-08-12,1,,not_collected,
3902800,[HERROR] Gas Station Case,2026-08-11,post_launch_reviews_total,2026-08-13,2,,not_collected,
3902800,[HERROR] Gas Station Case,2026-08-11,post_launch_reviews_total,2026-08-14,3,,not_collected,
3902800,[HERROR] Gas Station Case,2026-08-11,post_launch_reviews_total,2026-08-15,4,,not_collected,
3902800,[HERROR] Gas Station Case,2026-08-11,post_launch_reviews_total,2026-08-16,5,,not_collected,
3902800,[HERROR] Gas Station Case,2026-08-11,post_launch_reviews_total,2026-08-17,6,,not_collected,
3902800,[HERROR] Gas Station Case,2026-08-11,post_launch_reviews_total,2026-08-18,7,,not_collected,
3949550,1666: Amsterdam,2026-08-25,pre_launch_wishlist_rank,2026-08-18,-7,50,ok,2026-08-18T02:39:27.140Z
3949550,1666: Amsterdam,2026-08-25,pre_launch_wishlist_rank,2026-08-19,-6,50,ok,2026-08-19T02:42:36.358Z
3949550,1666: Amsterdam,2026-08-25,pre_launch_wishlist_rank,2026-08-20,-5,48,ok,2026-08-20T02:40:42.136Z
3949550,1666: Amsterdam,2026-08-25,pre_launch_wishlist_rank,2026-08-21,-4,46,ok,2026-08-21T02:47:33.763Z
3949550,1666: Amsterdam,2026-08-25,pre_launch_wishlist_rank,2026-08-22,-3,45,ok,2026-08-22T02:38:05.157Z
3949550,1666: Amsterdam,2026-08-25,pre_launch_wishlist_rank,2026-08-23,-2,43,ok,2026-08-23T02:47:54.993Z
3949550,1666: Amsterdam,2026-08-25,pre_launch_wishlist_rank,2026-08-24,-1,42,ok,2026-08-24T02:48:36.097Z
3949550,1666: Amsterdam,2026-08-25,post_launch_reviews_total,2026-08-25,0,0,ok,2026-08-25T02:42:46.392Z
3949550,1666: Amsterdam,2026-08-25,post_launch_reviews_total,2026-08-26,1,,not_collected,
3949550,1666: Amsterdam,2026-08-25,post_launch_reviews_total,2026-08-27,2,,not_collected,
3949550,1666: Amsterdam,2026-08-25,post_launch_reviews_total,2026-08-28,3,,not_collected,
3949550,1666: Amsterdam,2026-08-25,post_launch_reviews_total,2026-08-29,4,,not_collected,
3949550,1666: Amsterdam,2026-08-25,post_launch_reviews_total,2026-08-30,5,,not_collected,
3949550,1666: Amsterdam,2026-08-25,post_launch_reviews_total,2026-08-31,6,,not_collected,
3949550,1666: Amsterdam,2026-08-25,post_launch_reviews_total,2026-09-01,7,,not_collected,
4655470,16叠谋杀之谜,2026-07-10,pre_launch_wishlist_rank,2026-07-03,-7,,not_in_captured_wishlist_ranking,
4655470,16叠谋杀之谜,2026-07-10,pre_launch_wishlist_rank,2026-07-04,-6,,not_in_captured_wishlist_ranking,
4655470,16叠谋杀之谜,2026-07-10,pre_launch_wishlist_rank,2026-07-05,-5,,not_in_captured_wishlist_ranking,
4655470,16叠谋杀之谜,2026-07-10,pre_launch_wishlist_rank,2026-07-06,-4,,not_in_captured_wishlist_ranking,
4655470,16叠谋杀之谜,2026-07-10,pre_launch_wishlist_rank,2026-07-07,-3,,not_in_captured_wishlist_ranking,
4655470,16叠谋杀之谜,2026-07-10,pre_launch_wishlist_rank,2026-07-08,-2,,not_in_captured_wishlist_ranking,
4655470,16叠谋杀之谜,2026-07-10,pre_launch_wishlist_rank,2026-07-09,-1,,not_in_captured_wishlist_ranking,
4655470,16叠谋杀之谜,2026-07-10,post_launch_reviews_total,2026-07-10,0,0,ok,2026-07-10T05:43:57.377Z
4655470,16叠谋杀之谜,2026-07-10,post_launch_reviews_total,2026-07-11,1,,not_collected,
4655470,16叠谋杀之谜,2026-07-10,post_launch_reviews_total,2026-07-12,2,,not_collected,
4655470,16叠谋杀之谜,2026-07-10,post_launch_reviews_total,2026-07-13,3,,not_collected,
4655470,16叠谋杀之谜,2026-07-10,post_launch_reviews_total,2026-07-14,4,,not_collected,
4655470,16叠谋杀之谜,2026-07-10,post_launch_reviews_total,2026-07-15,5,,not_collected,
4655470,16叠谋杀之谜,2026-07-10,post_launch_reviews_total,2026-07-16,6,,not_collected,
4655470,16叠谋杀之谜,2026-07-10,post_launch_reviews_total,2026-07-17,7,,not_collected,
4512570,A Game About Chopping Trees,2026-07-15,pre_launch_wishlist_rank,2026-07-08,-7,1639,ok,2026-07-08T04:50:41.299Z
4512570,A Game About Chopping Trees,2026-07-15,pre_launch_wishlist_rank,2026-07-09,-6,1627,ok,2026-07-09T05:46:21.155Z
4512570,A Game About Chopping Trees,2026-07-15,pre_launch_wishlist_rank,2026-07-10,-5,1580,ok,2026-07-10T05:43:57.377Z
4512570,A Game About Chopping Trees,2026-07-15,pre_launch_wishlist_rank,2026-07-11,-4,1491,ok,2026-07-11T04:45:57.358Z
4512570,A Game About Chopping Trees,2026-07-15,pre_launch_wishlist_rank,2026-07-12,-3,1394,ok,2026-07-12T04:57:39.930Z
4512570,A Game About Chopping Trees,2026-07-15,pre_launch_wishlist_rank,2026-07-13,-2,1221,ok,2026-07-13T05:04:37.802Z
4512570,A Game About Chopping Trees,2026-07-15,pre_launch_wishlist_rank,2026-07-14,-1,1093,ok,2026-07-14T04:32:48.120Z
4512570,A Game About Chopping Trees,2026-07-15,post_launch_reviews_total,2026-07-15,0,0,ok,2026-07-15T04:32:45.763Z
4512570,A Game About Chopping Trees,2026-07-15,post_launch_reviews_total,2026-07-16,1,,not_collected,
4512570,A Game About Chopping Trees,2026-07-15,post_launch_reviews_total,2026-07-17,2,,not_collected,
4512570,A Game About Chopping Trees,2026-07-15,post_launch_reviews_total,2026-07-18,3,,not_collected,
4512570,A Game About Chopping Trees,2026-07-15,post_launch_reviews_total,2026-07-19,4,,not_collected,
4512570,A Game About Chopping Trees,2026-07-15,post_launch_reviews_total,2026-07-20,5,,not_collected,
4512570,A Game About Chopping Trees,2026-07-15,post_launch_reviews_total,2026-07-21,6,,not_collected,
4512570,A Game About Chopping Trees,2026-07-15,post_launch_reviews_total,2026-07-22,7,,not_collected,
1530850,A Little Age,2026-08-28,pre_launch_wishlist_rank,2026-08-21,-7,,not_in_captured_wishlist_ranking,
1530850,A Little Age,2026-08-28,pre_launch_wishlist_rank,2026-08-22,-6,1963,ok,2026-08-22T02:38:05.157Z
1530850,A Little Age,2026-08-28,pre_launch_wishlist_rank,2026-08-23,-5,1908,ok,2026-08-23T02:47:54.993Z
1530850,A Little Age,2026-08-28,pre_launch_wishlist_rank,2026-08-24,-4,1806,ok,2026-08-24T02:48:36.097Z
1530850,A Little Age,2026-08-28,pre_launch_wishlist_rank,2026-08-25,-3,1707,ok,2026-08-25T02:42:46.392Z
1530850,A Little Age,2026-08-28,pre_launch_wishlist_rank,2026-08-26,-2,1650,ok,2026-08-26T02:50:15.789Z
1530850,A Little Age,2026-08-28,pre_launch_wishlist_rank,2026-08-27,-1,1577,ok,2026-08-27T11:57:45.810Z
1530850,A Little Age,2026-08-28,post_launch_reviews_total,2026-08-28,0,,not_collected,
1530850,A Little Age,2026-08-28,post_launch_reviews_total,2026-08-29,1,,not_collected,
1530850,A Little Age,2026-08-28,post_launch_reviews_total,2026-08-30,2,,not_collected,
1530850,A Little Age,2026-08-28,post_launch_reviews_total,2026-08-31,3,,not_collected,
1530850,A Little Age,2026-08-28,post_launch_reviews_total,2026-09-01,4,,not_collected,
1530850,A Little Age,2026-08-28,post_launch_reviews_total,2026-09-02,5,,not_collected,
1530850,A Little Age,2026-08-28,post_launch_reviews_total,2026-09-03,6,,not_collected,
1530850,A Little Age,2026-08-28,post_launch_reviews_total,2026-09-04,7,,not_collected,
3508910,Abyss Kitchen,2026-07-24,pre_launch_wishlist_rank,2026-07-17,-7,1562,ok,2026-07-17T04:45:39.030Z
3508910,Abyss Kitchen,2026-07-24,pre_launch_wishlist_rank,2026-07-18,-6,1536,ok,2026-07-18T04:29:54.503Z
3508910,Abyss Kitchen,2026-07-24,pre_launch_wishlist_rank,2026-07-19,-5,1481,ok,2026-07-19T04:54:49.781Z
3508910,Abyss Kitchen,2026-07-24,pre_launch_wishlist_rank,2026-07-20,-4,1428,ok,2026-07-20T05:09:45.900Z
3508910,Abyss Kitchen,2026-07-24,pre_launch_wishlist_rank,2026-07-21,-3,1384,ok,2026-07-21T04:50:39.944Z
3508910,Abyss Kitchen,2026-07-24,pre_launch_wishlist_rank,2026-07-22,-2,1354,ok,2026-07-22T04:50:32.272Z
3508910,Abyss Kitchen,2026-07-24,pre_launch_wishlist_rank,2026-07-23,-1,1306,ok,2026-07-23T04:56:12.842Z
3508910,Abyss Kitchen,2026-07-24,post_launch_reviews_total,2026-07-24,0,,not_collected,
3508910,Abyss Kitchen,2026-07-24,post_launch_reviews_total,2026-07-25,1,,not_collected,
3508910,Abyss Kitchen,2026-07-24,post_launch_reviews_total,2026-07-26,2,,not_collected,
3508910,Abyss Kitchen,2026-07-24,post_launch_reviews_total,2026-07-27,3,,not_collected,
3508910,Abyss Kitchen,2026-07-24,post_launch_reviews_total,2026-07-28,4,,not_collected,
3508910,Abyss Kitchen,2026-07-24,post_launch_reviews_total,2026-07-29,5,,not_collected,
3508910,Abyss Kitchen,2026-07-24,post_launch_reviews_total,2026-07-30,6,,not_collected,
3508910,Abyss Kitchen,2026-07-24,post_launch_reviews_total,2026-07-31,7,,not_collected,
2887580,Active Matter,2026-09-15,pre_launch_wishlist_rank,2026-09-08,-7,,not_collected,
2887580,Active Matter,2026-09-15,pre_launch_wishlist_rank,2026-09-09,-6,,not_collected,
2887580,Active Matter,2026-09-15,pre_launch_wishlist_rank,2026-09-10,-5,,not_collected,
2887580,Active Matter,2026-09-15,pre_launch_wishlist_rank,2026-09-11,-4,,not_collected,
2887580,Active Matter,2026-09-15,pre_launch_wishlist_rank,2026-09-12,-3,,not_collected,
2887580,Active Matter,2026-09-15,pre_launch_wishlist_rank,2026-09-13,-2,,not_collected,
2887580,Active Matter,2026-09-15,pre_launch_wishlist_rank,2026-09-14,-1,,not_collected,
2887580,Active Matter,2026-09-15,post_launch_reviews_total,2026-09-15,0,,not_collected,
2887580,Active Matter,2026-09-15,post_launch_reviews_total,2026-09-16,1,,not_collected,
2887580,Active Matter,2026-09-15,post_launch_reviews_total,2026-09-17,2,,not_collected,
2887580,Active Matter,2026-09-15,post_launch_reviews_total,2026-09-18,3,,not_collected,
2887580,Active Matter,2026-09-15,post_launch_reviews_total,2026-09-19,4,,not_collected,
2887580,Active Matter,2026-09-15,post_launch_reviews_total,2026-09-20,5,,not_collected,
2887580,Active Matter,2026-09-15,post_launch_reviews_total,2026-09-21,6,,not_collected,
2887580,Active Matter,2026-09-15,post_launch_reviews_total,2026-09-22,7,,not_collected,
4804480,Age of Clicks,2026-07-21,pre_launch_wishlist_rank,2026-07-14,-7,,not_in_captured_wishlist_ranking,
4804480,Age of Clicks,2026-07-21,pre_launch_wishlist_rank,2026-07-15,-6,,not_in_captured_wishlist_ranking,
4804480,Age of Clicks,2026-07-21,pre_launch_wishlist_rank,2026-07-16,-5,,not_in_captured_wishlist_ranking,
4804480,Age of Clicks,2026-07-21,pre_launch_wishlist_rank,2026-07-17,-4,,not_in_captured_wishlist_ranking,
4804480,Age of Clicks,2026-07-21,pre_launch_wishlist_rank,2026-07-18,-3,,not_in_captured_wishlist_ranking,
4804480,Age of Clicks,2026-07-21,pre_launch_wishlist_rank,2026-07-19,-2,1914,ok,2026-07-19T04:54:49.781Z
4804480,Age of Clicks,2026-07-21,pre_launch_wishlist_rank,2026-07-20,-1,1642,ok,2026-07-20T05:09:45.900Z
4804480,Age of Clicks,2026-07-21,post_launch_reviews_total,2026-07-21,0,0,ok,2026-07-21T04:50:39.944Z
4804480,Age of Clicks,2026-07-21,post_launch_reviews_total,2026-07-22,1,,not_collected,
4804480,Age of Clicks,2026-07-21,post_launch_reviews_total,2026-07-23,2,,not_collected,
4804480,Age of Clicks,2026-07-21,post_launch_reviews_total,2026-07-24,3,,not_collected,
4804480,Age of Clicks,2026-07-21,post_launch_reviews_total,2026-07-25,4,,not_collected,
4804480,Age of Clicks,2026-07-21,post_launch_reviews_total,2026-07-26,5,,not_collected,
4804480,Age of Clicks,2026-07-21,post_launch_reviews_total,2026-07-27,6,,not_collected,
4804480,Age of Clicks,2026-07-21,post_launch_reviews_total,2026-07-28,7,,not_collected,
3562580,Agefield High: Rock the School,2026-08-12,pre_launch_wishlist_rank,2026-08-05,-7,222,ok,2026-08-05T04:46:35.103Z
3562580,Agefield High: Rock the School,2026-08-12,pre_launch_wishlist_rank,2026-08-06,-6,220,ok,2026-08-06T04:47:09.485Z
3562580,Agefield High: Rock the School,2026-08-12,pre_launch_wishlist_rank,2026-08-07,-5,211,ok,2026-08-07T04:13:26.771Z
3562580,Agefield High: Rock the School,2026-08-12,pre_launch_wishlist_rank,2026-08-08,-4,207,ok,2026-08-08T03:11:38.214Z
3562580,Agefield High: Rock the School,2026-08-12,pre_launch_wishlist_rank,2026-08-09,-3,197,ok,2026-08-09T03:19:17.318Z
3562580,Agefield High: Rock the School,2026-08-12,pre_launch_wishlist_rank,2026-08-10,-2,186,ok,2026-08-10T03:29:07.136Z
3562580,Agefield High: Rock the School,2026-08-12,pre_launch_wishlist_rank,2026-08-11,-1,178,ok,2026-08-11T03:21:55.619Z
3562580,Agefield High: Rock the School,2026-08-12,post_launch_reviews_total,2026-08-12,0,0,ok,2026-08-12T03:40:42.315Z
3562580,Agefield High: Rock the School,2026-08-12,post_launch_reviews_total,2026-08-13,1,,not_collected,
3562580,Agefield High: Rock the School,2026-08-12,post_launch_reviews_total,2026-08-14,2,,not_collected,
3562580,Agefield High: Rock the School,2026-08-12,post_launch_reviews_total,2026-08-15,3,,not_collected,
3562580,Agefield High: Rock the School,2026-08-12,post_launch_reviews_total,2026-08-16,4,,not_collected,
3562580,Agefield High: Rock the School,2026-08-12,post_launch_reviews_total,2026-08-17,5,,not_collected,
3562580,Agefield High: Rock the School,2026-08-12,post_launch_reviews_total,2026-08-18,6,,not_collected,
3562580,Agefield High: Rock the School,2026-08-12,post_launch_reviews_total,2026-08-19,7,,not_collected,
1574480,Agent 64: Spies Never Die,2026-08-11,pre_launch_wishlist_rank,2026-08-04,-7,363,ok,2026-08-04T04:47:02.633Z
1574480,Agent 64: Spies Never Die,2026-08-11,pre_launch_wishlist_rank,2026-08-05,-6,354,ok,2026-08-05T04:46:35.103Z
1574480,Agent 64: Spies Never Die,2026-08-11,pre_launch_wishlist_rank,2026-08-06,-5,352,ok,2026-08-06T04:47:09.485Z
1574480,Agent 64: Spies Never Die,2026-08-11,pre_launch_wishlist_rank,2026-08-07,-4,350,ok,2026-08-07T04:13:26.771Z
1574480,Agent 64: Spies Never Die,2026-08-11,pre_launch_wishlist_rank,2026-08-08,-3,344,ok,2026-08-08T03:11:38.214Z
1574480,Agent 64: Spies Never Die,2026-08-11,pre_launch_wishlist_rank,2026-08-09,-2,344,ok,2026-08-09T03:19:17.318Z
1574480,Agent 64: Spies Never Die,2026-08-11,pre_launch_wishlist_rank,2026-08-10,-1,328,ok,2026-08-10T03:29:07.136Z
1574480,Agent 64: Spies Never Die,2026-08-11,post_launch_reviews_total,2026-08-11,0,0,ok,2026-08-11T03:21:55.619Z
1574480,Agent 64: Spies Never Die,2026-08-11,post_launch_reviews_total,2026-08-12,1,,not_collected,
1574480,Agent 64: Spies Never Die,2026-08-11,post_launch_reviews_total,2026-08-13,2,,not_collected,
1574480,Agent 64: Spies Never Die,2026-08-11,post_launch_reviews_total,2026-08-14,3,,not_collected,
1574480,Agent 64: Spies Never Die,2026-08-11,post_launch_reviews_total,2026-08-15,4,,not_collected,
1574480,Agent 64: Spies Never Die,2026-08-11,post_launch_reviews_total,2026-08-16,5,,not_collected,
1574480,Agent 64: Spies Never Die,2026-08-11,post_launch_reviews_total,2026-08-17,6,,not_collected,
1574480,Agent 64: Spies Never Die,2026-08-11,post_launch_reviews_total,2026-08-18,7,,not_collected,
3393110,AION 2,2026-10-05,pre_launch_wishlist_rank,2026-09-28,-7,,not_collected,
3393110,AION 2,2026-10-05,pre_launch_wishlist_rank,2026-09-29,-6,,not_collected,
3393110,AION 2,2026-10-05,pre_launch_wishlist_rank,2026-09-30,-5,,not_collected,
3393110,AION 2,2026-10-05,pre_launch_wishlist_rank,2026-10-01,-4,,not_collected,
3393110,AION 2,2026-10-05,pre_launch_wishlist_rank,2026-10-02,-3,,not_collected,
3393110,AION 2,2026-10-05,pre_launch_wishlist_rank,2026-10-03,-2,,not_collected,
3393110,AION 2,2026-10-05,pre_launch_wishlist_rank,2026-10-04,-1,,not_collected,
3393110,AION 2,2026-10-05,post_launch_reviews_total,2026-10-05,0,,not_collected,
3393110,AION 2,2026-10-05,post_launch_reviews_total,2026-10-06,1,,not_collected,
3393110,AION 2,2026-10-05,post_launch_reviews_total,2026-10-07,2,,not_collected,
3393110,AION 2,2026-10-05,post_launch_reviews_total,2026-10-08,3,,not_collected,
3393110,AION 2,2026-10-05,post_launch_reviews_total,2026-10-09,4,,not_collected,
3393110,AION 2,2026-10-05,post_launch_reviews_total,2026-10-10,5,,not_collected,
3393110,AION 2,2026-10-05,post_launch_reviews_total,2026-10-11,6,,not_collected,
3393110,AION 2,2026-10-05,post_launch_reviews_total,2026-10-12,7,,not_collected,
4729250,Airline Founder,2026-09-05,pre_launch_wishlist_rank,2026-08-29,-7,,not_in_captured_wishlist_ranking,
4729250,Airline Founder,2026-09-05,pre_launch_wishlist_rank,2026-08-30,-6,,not_in_captured_wishlist_ranking,
4729250,Airline Founder,2026-09-05,pre_launch_wishlist_rank,2026-08-31,-5,,not_in_captured_wishlist_ranking,
4729250,Airline Founder,2026-09-05,pre_launch_wishlist_rank,2026-09-01,-4,,not_in_captured_wishlist_ranking,
4729250,Airline Founder,2026-09-05,pre_launch_wishlist_rank,2026-09-02,-3,,not_in_captured_wishlist_ranking,
4729250,Airline Founder,2026-09-05,pre_launch_wishlist_rank,2026-09-03,-2,,not_in_captured_wishlist_ranking,
4729250,Airline Founder,2026-09-05,pre_launch_wishlist_rank,2026-09-04,-1,,not_collected,
4729250,Airline Founder,2026-09-05,post_launch_reviews_total,2026-09-05,0,,not_collected,
4729250,Airline Founder,2026-09-05,post_launch_reviews_total,2026-09-06,1,,not_collected,
4729250,Airline Founder,2026-09-05,post_launch_reviews_total,2026-09-07,2,,not_collected,
4729250,Airline Founder,2026-09-05,post_launch_reviews_total,2026-09-08,3,,not_collected,
4729250,Airline Founder,2026-09-05,post_launch_reviews_total,2026-09-09,4,,not_collected,
4729250,Airline Founder,2026-09-05,post_launch_reviews_total,2026-09-10,5,,not_collected,
4729250,Airline Founder,2026-09-05,post_launch_reviews_total,2026-09-11,6,,not_collected,
4729250,Airline Founder,2026-09-05,post_launch_reviews_total,2026-09-12,7,,not_collected,
1442520,Akatori,2026-08-05,pre_launch_wishlist_rank,2026-07-29,-7,330,ok,2026-07-29T04:50:58.767Z
1442520,Akatori,2026-08-05,pre_launch_wishlist_rank,2026-07-30,-6,327,ok,2026-07-30T04:38:29.620Z
1442520,Akatori,2026-08-05,pre_launch_wishlist_rank,2026-07-31,-5,317,ok,2026-07-31T05:04:54.532Z
1442520,Akatori,2026-08-05,pre_launch_wishlist_rank,2026-08-01,-4,312,ok,2026-08-01T04:58:14.130Z
1442520,Akatori,2026-08-05,pre_launch_wishlist_rank,2026-08-02,-3,307,ok,2026-08-02T04:58:24.052Z
1442520,Akatori,2026-08-05,pre_launch_wishlist_rank,2026-08-03,-2,296,ok,2026-08-03T05:07:42.912Z
1442520,Akatori,2026-08-05,pre_launch_wishlist_rank,2026-08-04,-1,287,ok,2026-08-04T04:47:02.633Z
1442520,Akatori,2026-08-05,post_launch_reviews_total,2026-08-05,0,0,ok,2026-08-05T04:46:35.103Z
1442520,Akatori,2026-08-05,post_launch_reviews_total,2026-08-06,1,,not_collected,
1442520,Akatori,2026-08-05,post_launch_reviews_total,2026-08-07,2,,not_collected,
1442520,Akatori,2026-08-05,post_launch_reviews_total,2026-08-08,3,,not_collected,
1442520,Akatori,2026-08-05,post_launch_reviews_total,2026-08-09,4,,not_collected,
1442520,Akatori,2026-08-05,post_launch_reviews_total,2026-08-10,5,,not_collected,
1442520,Akatori,2026-08-05,post_launch_reviews_total,2026-08-11,6,,not_collected,
1442520,Akatori,2026-08-05,post_launch_reviews_total,2026-08-12,7,,not_collected,
4145350,Alice and the Devil's Prison,2026-08-07,pre_launch_wishlist_rank,2026-07-31,-7,,not_in_captured_wishlist_ranking,
4145350,Alice and the Devil's Prison,2026-08-07,pre_launch_wishlist_rank,2026-08-01,-6,,not_in_captured_wishlist_ranking,
4145350,Alice and the Devil's Prison,2026-08-07,pre_launch_wishlist_rank,2026-08-02,-5,,not_in_captured_wishlist_ranking,
4145350,Alice and the Devil's Prison,2026-08-07,pre_launch_wishlist_rank,2026-08-03,-4,,not_in_captured_wishlist_ranking,
4145350,Alice and the Devil's Prison,2026-08-07,pre_launch_wishlist_rank,2026-08-04,-3,1924,ok,2026-08-04T04:47:02.633Z
4145350,Alice and the Devil's Prison,2026-08-07,pre_launch_wishlist_rank,2026-08-05,-2,1811,ok,2026-08-05T04:46:35.103Z
4145350,Alice and the Devil's Prison,2026-08-07,pre_launch_wishlist_rank,2026-08-06,-1,1696,ok,2026-08-06T04:47:09.485Z
4145350,Alice and the Devil's Prison,2026-08-07,post_launch_reviews_total,2026-08-07,0,0,ok,2026-08-07T04:13:26.771Z
4145350,Alice and the Devil's Prison,2026-08-07,post_launch_reviews_total,2026-08-08,1,,not_collected,
4145350,Alice and the Devil's Prison,2026-08-07,post_launch_reviews_total,2026-08-09,2,,not_collected,
4145350,Alice and the Devil's Prison,2026-08-07,post_launch_reviews_total,2026-08-10,3,,not_collected,
4145350,Alice and the Devil's Prison,2026-08-07,post_launch_reviews_total,2026-08-11,4,,not_collected,
4145350,Alice and the Devil's Prison,2026-08-07,post_launch_reviews_total,2026-08-12,5,,not_collected,
4145350,Alice and the Devil's Prison,2026-08-07,post_launch_reviews_total,2026-08-13,6,,not_collected,
4145350,Alice and the Devil's Prison,2026-08-07,post_launch_reviews_total,2026-08-14,7,,not_collected,
4529120,Alice's Gaze,2026-08-28,pre_launch_wishlist_rank,2026-08-21,-7,,not_in_captured_wishlist_ranking,
4529120,Alice's Gaze,2026-08-28,pre_launch_wishlist_rank,2026-08-22,-6,,not_in_captured_wishlist_ranking,
4529120,Alice's Gaze,2026-08-28,pre_launch_wishlist_rank,2026-08-23,-5,,not_in_captured_wishlist_ranking,
4529120,Alice's Gaze,2026-08-28,pre_launch_wishlist_rank,2026-08-24,-4,,not_in_captured_wishlist_ranking,
4529120,Alice's Gaze,2026-08-28,pre_launch_wishlist_rank,2026-08-25,-3,,not_in_captured_wishlist_ranking,
4529120,Alice's Gaze,2026-08-28,pre_launch_wishlist_rank,2026-08-26,-2,,not_in_captured_wishlist_ranking,
4529120,Alice's Gaze,2026-08-28,pre_launch_wishlist_rank,2026-08-27,-1,,not_in_captured_wishlist_ranking,
4529120,Alice's Gaze,2026-08-28,post_launch_reviews_total,2026-08-28,0,,not_collected,
4529120,Alice's Gaze,2026-08-28,post_launch_reviews_total,2026-08-29,1,,not_collected,
4529120,Alice's Gaze,2026-08-28,post_launch_reviews_total,2026-08-30,2,,not_collected,
4529120,Alice's Gaze,2026-08-28,post_launch_reviews_total,2026-08-31,3,,not_collected,
4529120,Alice's Gaze,2026-08-28,post_launch_reviews_total,2026-09-01,4,,not_collected,
4529120,Alice's Gaze,2026-08-28,post_launch_reviews_total,2026-09-02,5,,not_collected,
4529120,Alice's Gaze,2026-08-28,post_launch_reviews_total,2026-09-03,6,,not_collected,
4529120,Alice's Gaze,2026-08-28,post_launch_reviews_total,2026-09-04,7,,not_collected,
3635510,Alien Apocalypse,2026-08-21,pre_launch_wishlist_rank,2026-08-14,-7,1995,ok,2026-08-14T03:41:13.555Z
3635510,Alien Apocalypse,2026-08-21,pre_launch_wishlist_rank,2026-08-15,-6,1926,ok,2026-08-15T02:36:13.648Z
3635510,Alien Apocalypse,2026-08-21,pre_launch_wishlist_rank,2026-08-16,-5,1863,ok,2026-08-16T02:45:28.861Z
3635510,Alien Apocalypse,2026-08-21,pre_launch_wishlist_rank,2026-08-17,-4,1725,ok,2026-08-17T02:45:10.258Z
3635510,Alien Apocalypse,2026-08-21,pre_launch_wishlist_rank,2026-08-18,-3,1627,ok,2026-08-18T02:39:27.140Z
3635510,Alien Apocalypse,2026-08-21,pre_launch_wishlist_rank,2026-08-19,-2,1558,ok,2026-08-19T02:42:36.358Z
3635510,Alien Apocalypse,2026-08-21,pre_launch_wishlist_rank,2026-08-20,-1,1488,ok,2026-08-20T02:40:42.136Z
3635510,Alien Apocalypse,2026-08-21,post_launch_reviews_total,2026-08-21,0,0,ok,2026-08-21T02:47:33.763Z
3635510,Alien Apocalypse,2026-08-21,post_launch_reviews_total,2026-08-22,1,,not_collected,
3635510,Alien Apocalypse,2026-08-21,post_launch_reviews_total,2026-08-23,2,,not_collected,
3635510,Alien Apocalypse,2026-08-21,post_launch_reviews_total,2026-08-24,3,,not_collected,
3635510,Alien Apocalypse,2026-08-21,post_launch_reviews_total,2026-08-25,4,,not_collected,
3635510,Alien Apocalypse,2026-08-21,post_launch_reviews_total,2026-08-26,5,,not_collected,
3635510,Alien Apocalypse,2026-08-21,post_launch_reviews_total,2026-08-27,6,,not_collected,
3635510,Alien Apocalypse,2026-08-21,post_launch_reviews_total,2026-08-28,7,,not_collected,
3448650,Aliens: Fireteam Elite 2,2026-08-25,pre_launch_wishlist_rank,2026-08-18,-7,254,ok,2026-08-18T02:39:27.140Z
3448650,Aliens: Fireteam Elite 2,2026-08-25,pre_launch_wishlist_rank,2026-08-19,-6,245,ok,2026-08-19T02:42:36.358Z
3448650,Aliens: Fireteam Elite 2,2026-08-25,pre_launch_wishlist_rank,2026-08-20,-5,231,ok,2026-08-20T02:40:42.136Z
3448650,Aliens: Fireteam Elite 2,2026-08-25,pre_launch_wishlist_rank,2026-08-21,-4,223,ok,2026-08-21T02:47:33.763Z
3448650,Aliens: Fireteam Elite 2,2026-08-25,pre_launch_wishlist_rank,2026-08-22,-3,217,ok,2026-08-22T02:38:05.157Z
3448650,Aliens: Fireteam Elite 2,2026-08-25,pre_launch_wishlist_rank,2026-08-23,-2,208,ok,2026-08-23T02:47:54.993Z
3448650,Aliens: Fireteam Elite 2,2026-08-25,pre_launch_wishlist_rank,2026-08-24,-1,186,ok,2026-08-24T02:48:36.097Z
3448650,Aliens: Fireteam Elite 2,2026-08-25,post_launch_reviews_total,2026-08-25,0,0,ok,2026-08-25T02:42:46.392Z
3448650,Aliens: Fireteam Elite 2,2026-08-25,post_launch_reviews_total,2026-08-26,1,,not_collected,
3448650,Aliens: Fireteam Elite 2,2026-08-25,post_launch_reviews_total,2026-08-27,2,,not_collected,
3448650,Aliens: Fireteam Elite 2,2026-08-25,post_launch_reviews_total,2026-08-28,3,,not_collected,
3448650,Aliens: Fireteam Elite 2,2026-08-25,post_launch_reviews_total,2026-08-29,4,,not_collected,
3448650,Aliens: Fireteam Elite 2,2026-08-25,post_launch_reviews_total,2026-08-30,5,,not_collected,
3448650,Aliens: Fireteam Elite 2,2026-08-25,post_launch_reviews_total,2026-08-31,6,,not_collected,
3448650,Aliens: Fireteam Elite 2,2026-08-25,post_launch_reviews_total,2026-09-01,7,,not_collected,
3516590,Allumeria,2026-08-28,pre_launch_wishlist_rank,2026-08-21,-7,1020,ok,2026-08-21T02:47:33.763Z
3516590,Allumeria,2026-08-28,pre_launch_wishlist_rank,2026-08-22,-6,1016,ok,2026-08-22T02:38:05.157Z
3516590,Allumeria,2026-08-28,pre_launch_wishlist_rank,2026-08-23,-5,1009,ok,2026-08-23T02:47:54.993Z
3516590,Allumeria,2026-08-28,pre_launch_wishlist_rank,2026-08-24,-4,1002,ok,2026-08-24T02:48:36.097Z
3516590,Allumeria,2026-08-28,pre_launch_wishlist_rank,2026-08-25,-3,987,ok,2026-08-25T02:42:46.392Z
3516590,Allumeria,2026-08-28,pre_launch_wishlist_rank,2026-08-26,-2,972,ok,2026-08-26T02:50:15.789Z
3516590,Allumeria,2026-08-28,pre_launch_wishlist_rank,2026-08-27,-1,956,ok,2026-08-27T11:57:45.810Z
3516590,Allumeria,2026-08-28,post_launch_reviews_total,2026-08-28,0,0,ok,2026-08-28T13:19:41.332Z
3516590,Allumeria,2026-08-28,post_launch_reviews_total,2026-08-29,1,,not_collected,
3516590,Allumeria,2026-08-28,post_launch_reviews_total,2026-08-30,2,,not_collected,
3516590,Allumeria,2026-08-28,post_launch_reviews_total,2026-08-31,3,,not_collected,
3516590,Allumeria,2026-08-28,post_launch_reviews_total,2026-09-01,4,,not_collected,
3516590,Allumeria,2026-08-28,post_launch_reviews_total,2026-09-02,5,,not_collected,
3516590,Allumeria,2026-08-28,post_launch_reviews_total,2026-09-03,6,,not_collected,
3516590,Allumeria,2026-08-28,post_launch_reviews_total,2026-09-04,7,,not_collected,
4671050,American Revolutionary War,2026-07-03,pre_launch_wishlist_rank,2026-06-26,-7,,not_collected,
4671050,American Revolutionary War,2026-07-03,pre_launch_wishlist_rank,2026-06-27,-6,,not_collected,
4671050,American Revolutionary War,2026-07-03,pre_launch_wishlist_rank,2026-06-28,-5,,not_collected,
4671050,American Revolutionary War,2026-07-03,pre_launch_wishlist_rank,2026-06-29,-4,,not_collected,
4671050,American Revolutionary War,2026-07-03,pre_launch_wishlist_rank,2026-06-30,-3,,not_collected,
4671050,American Revolutionary War,2026-07-03,pre_launch_wishlist_rank,2026-07-01,-2,,not_collected,
4671050,American Revolutionary War,2026-07-03,pre_launch_wishlist_rank,2026-07-02,-1,,not_collected,
4671050,American Revolutionary War,2026-07-03,post_launch_reviews_total,2026-07-03,0,0,ok,2026-07-03T04:27:24.412Z
4671050,American Revolutionary War,2026-07-03,post_launch_reviews_total,2026-07-04,1,,not_collected,
4671050,American Revolutionary War,2026-07-03,post_launch_reviews_total,2026-07-05,2,,not_collected,
4671050,American Revolutionary War,2026-07-03,post_launch_reviews_total,2026-07-06,3,,not_collected,
4671050,American Revolutionary War,2026-07-03,post_launch_reviews_total,2026-07-07,4,,not_collected,
4671050,American Revolutionary War,2026-07-03,post_launch_reviews_total,2026-07-08,5,,not_collected,
4671050,American Revolutionary War,2026-07-03,post_launch_reviews_total,2026-07-09,6,,not_collected,
4671050,American Revolutionary War,2026-07-03,post_launch_reviews_total,2026-07-10,7,,not_collected,
4112070,An Eggstremely Hard Game,2026-07-24,pre_launch_wishlist_rank,2026-07-17,-7,545,ok,2026-07-17T04:45:39.030Z
4112070,An Eggstremely Hard Game,2026-07-24,pre_launch_wishlist_rank,2026-07-18,-6,539,ok,2026-07-18T04:29:54.503Z
4112070,An Eggstremely Hard Game,2026-07-24,pre_launch_wishlist_rank,2026-07-19,-5,530,ok,2026-07-19T04:54:49.781Z
4112070,An Eggstremely Hard Game,2026-07-24,pre_launch_wishlist_rank,2026-07-20,-4,523,ok,2026-07-20T05:09:45.900Z
4112070,An Eggstremely Hard Game,2026-07-24,pre_launch_wishlist_rank,2026-07-21,-3,516,ok,2026-07-21T04:50:39.944Z
4112070,An Eggstremely Hard Game,2026-07-24,pre_launch_wishlist_rank,2026-07-22,-2,507,ok,2026-07-22T04:50:32.272Z
4112070,An Eggstremely Hard Game,2026-07-24,pre_launch_wishlist_rank,2026-07-23,-1,491,ok,2026-07-23T04:56:12.842Z
4112070,An Eggstremely Hard Game,2026-07-24,post_launch_reviews_total,2026-07-24,0,0,ok,2026-07-24T04:51:55.902Z
4112070,An Eggstremely Hard Game,2026-07-24,post_launch_reviews_total,2026-07-25,1,,not_collected,
4112070,An Eggstremely Hard Game,2026-07-24,post_launch_reviews_total,2026-07-26,2,,not_collected,
4112070,An Eggstremely Hard Game,2026-07-24,post_launch_reviews_total,2026-07-27,3,,not_collected,
4112070,An Eggstremely Hard Game,2026-07-24,post_launch_reviews_total,2026-07-28,4,,not_collected,
4112070,An Eggstremely Hard Game,2026-07-24,post_launch_reviews_total,2026-07-29,5,,not_collected,
4112070,An Eggstremely Hard Game,2026-07-24,post_launch_reviews_total,2026-07-30,6,,not_collected,
4112070,An Eggstremely Hard Game,2026-07-24,post_launch_reviews_total,2026-07-31,7,,not_collected,
4814120,ANANTA,2027-01-15,pre_launch_wishlist_rank,2027-01-08,-7,,not_collected,
4814120,ANANTA,2027-01-15,pre_launch_wishlist_rank,2027-01-09,-6,,not_collected,
4814120,ANANTA,2027-01-15,pre_launch_wishlist_rank,2027-01-10,-5,,not_collected,
4814120,ANANTA,2027-01-15,pre_launch_wishlist_rank,2027-01-11,-4,,not_collected,
4814120,ANANTA,2027-01-15,pre_launch_wishlist_rank,2027-01-12,-3,,not_collected,
4814120,ANANTA,2027-01-15,pre_launch_wishlist_rank,2027-01-13,-2,,not_collected,
4814120,ANANTA,2027-01-15,pre_launch_wishlist_rank,2027-01-14,-1,,not_collected,
4814120,ANANTA,2027-01-15,post_launch_reviews_total,2027-01-15,0,,not_collected,
4814120,ANANTA,2027-01-15,post_launch_reviews_total,2027-01-16,1,,not_collected,
4814120,ANANTA,2027-01-15,post_launch_reviews_total,2027-01-17,2,,not_collected,
4814120,ANANTA,2027-01-15,post_launch_reviews_total,2027-01-18,3,,not_collected,
4814120,ANANTA,2027-01-15,post_launch_reviews_total,2027-01-19,4,,not_collected,
4814120,ANANTA,2027-01-15,post_launch_reviews_total,2027-01-20,5,,not_collected,
4814120,ANANTA,2027-01-15,post_launch_reviews_total,2027-01-21,6,,not_collected,
4814120,ANANTA,2027-01-15,post_launch_reviews_total,2027-01-22,7,,not_collected,
4126040,Aniimo,2026-09-15,pre_launch_wishlist_rank,2026-09-08,-7,,not_collected,
4126040,Aniimo,2026-09-15,pre_launch_wishlist_rank,2026-09-09,-6,,not_collected,
4126040,Aniimo,2026-09-15,pre_launch_wishlist_rank,2026-09-10,-5,,not_collected,
4126040,Aniimo,2026-09-15,pre_launch_wishlist_rank,2026-09-11,-4,,not_collected,
4126040,Aniimo,2026-09-15,pre_launch_wishlist_rank,2026-09-12,-3,,not_collected,
4126040,Aniimo,2026-09-15,pre_launch_wishlist_rank,2026-09-13,-2,,not_collected,
4126040,Aniimo,2026-09-15,pre_launch_wishlist_rank,2026-09-14,-1,,not_collected,
4126040,Aniimo,2026-09-15,post_launch_reviews_total,2026-09-15,0,,not_collected,
4126040,Aniimo,2026-09-15,post_launch_reviews_total,2026-09-16,1,,not_collected,
4126040,Aniimo,2026-09-15,post_launch_reviews_total,2026-09-17,2,,not_collected,
4126040,Aniimo,2026-09-15,post_launch_reviews_total,2026-09-18,3,,not_collected,
4126040,Aniimo,2026-09-15,post_launch_reviews_total,2026-09-19,4,,not_collected,
4126040,Aniimo,2026-09-15,post_launch_reviews_total,2026-09-20,5,,not_collected,
4126040,Aniimo,2026-09-15,post_launch_reviews_total,2026-09-21,6,,not_collected,
4126040,Aniimo,2026-09-15,post_launch_reviews_total,2026-09-22,7,,not_collected,
3393280,Anime Shop Simulator ✨,2026-09-11,pre_launch_wishlist_rank,2026-09-04,-7,,not_collected,
3393280,Anime Shop Simulator ✨,2026-09-11,pre_launch_wishlist_rank,2026-09-05,-6,,not_collected,
3393280,Anime Shop Simulator ✨,2026-09-11,pre_launch_wishlist_rank,2026-09-06,-5,,not_collected,
3393280,Anime Shop Simulator ✨,2026-09-11,pre_launch_wishlist_rank,2026-09-07,-4,,not_collected,
3393280,Anime Shop Simulator ✨,2026-09-11,pre_launch_wishlist_rank,2026-09-08,-3,,not_collected,
3393280,Anime Shop Simulator ✨,2026-09-11,pre_launch_wishlist_rank,2026-09-09,-2,,not_collected,
3393280,Anime Shop Simulator ✨,2026-09-11,pre_launch_wishlist_rank,2026-09-10,-1,,not_collected,
3393280,Anime Shop Simulator ✨,2026-09-11,post_launch_reviews_total,2026-09-11,0,,not_collected,
3393280,Anime Shop Simulator ✨,2026-09-11,post_launch_reviews_total,2026-09-12,1,,not_collected,
3393280,Anime Shop Simulator ✨,2026-09-11,post_launch_reviews_total,2026-09-13,2,,not_collected,
3393280,Anime Shop Simulator ✨,2026-09-11,post_launch_reviews_total,2026-09-14,3,,not_collected,
3393280,Anime Shop Simulator ✨,2026-09-11,post_launch_reviews_total,2026-09-15,4,,not_collected,
3393280,Anime Shop Simulator ✨,2026-09-11,post_launch_reviews_total,2026-09-16,5,,not_collected,
3393280,Anime Shop Simulator ✨,2026-09-11,post_launch_reviews_total,2026-09-17,6,,not_collected,
3393280,Anime Shop Simulator ✨,2026-09-11,post_launch_reviews_total,2026-09-18,7,,not_collected,
3156330,Anomaly President,2026-08-03,pre_launch_wishlist_rank,2026-07-27,-7,807,ok,2026-07-27T05:28:24.621Z
3156330,Anomaly President,2026-08-03,pre_launch_wishlist_rank,2026-07-28,-6,803,ok,2026-07-28T04:45:52.627Z
3156330,Anomaly President,2026-08-03,pre_launch_wishlist_rank,2026-07-29,-5,787,ok,2026-07-29T04:50:58.767Z
3156330,Anomaly President,2026-08-03,pre_launch_wishlist_rank,2026-07-30,-4,769,ok,2026-07-30T04:38:29.620Z
3156330,Anomaly President,2026-08-03,pre_launch_wishlist_rank,2026-07-31,-3,753,ok,2026-07-31T05:04:54.532Z
3156330,Anomaly President,2026-08-03,pre_launch_wishlist_rank,2026-08-01,-2,744,ok,2026-08-01T04:58:14.130Z
3156330,Anomaly President,2026-08-03,pre_launch_wishlist_rank,2026-08-02,-1,730,ok,2026-08-02T04:58:24.052Z
3156330,Anomaly President,2026-08-03,post_launch_reviews_total,2026-08-03,0,0,ok,2026-08-03T05:07:42.912Z
3156330,Anomaly President,2026-08-03,post_launch_reviews_total,2026-08-04,1,,not_collected,
3156330,Anomaly President,2026-08-03,post_launch_reviews_total,2026-08-05,2,,not_collected,
3156330,Anomaly President,2026-08-03,post_launch_reviews_total,2026-08-06,3,,not_collected,
3156330,Anomaly President,2026-08-03,post_launch_reviews_total,2026-08-07,4,,not_collected,
3156330,Anomaly President,2026-08-03,post_launch_reviews_total,2026-08-08,5,,not_collected,
3156330,Anomaly President,2026-08-03,post_launch_reviews_total,2026-08-09,6,,not_collected,
3156330,Anomaly President,2026-08-03,post_launch_reviews_total,2026-08-10,7,,not_collected,
3904850,Approximately Up,2026-08-06,pre_launch_wishlist_rank,2026-07-30,-7,454,ok,2026-07-30T04:38:29.620Z
3904850,Approximately Up,2026-08-06,pre_launch_wishlist_rank,2026-07-31,-6,449,ok,2026-07-31T05:04:54.532Z
3904850,Approximately Up,2026-08-06,pre_launch_wishlist_rank,2026-08-01,-5,448,ok,2026-08-01T04:58:14.130Z
3904850,Approximately Up,2026-08-06,pre_launch_wishlist_rank,2026-08-02,-4,448,ok,2026-08-02T04:58:24.052Z
3904850,Approximately Up,2026-08-06,pre_launch_wishlist_rank,2026-08-03,-3,447,ok,2026-08-03T05:07:42.912Z
3904850,Approximately Up,2026-08-06,pre_launch_wishlist_rank,2026-08-04,-2,440,ok,2026-08-04T04:47:02.633Z
3904850,Approximately Up,2026-08-06,pre_launch_wishlist_rank,2026-08-05,-1,434,ok,2026-08-05T04:46:35.103Z
3904850,Approximately Up,2026-08-06,post_launch_reviews_total,2026-08-06,0,0,ok,2026-08-06T04:47:09.485Z
3904850,Approximately Up,2026-08-06,post_launch_reviews_total,2026-08-07,1,,not_collected,
3904850,Approximately Up,2026-08-06,post_launch_reviews_total,2026-08-08,2,,not_collected,
3904850,Approximately Up,2026-08-06,post_launch_reviews_total,2026-08-09,3,,not_collected,
3904850,Approximately Up,2026-08-06,post_launch_reviews_total,2026-08-10,4,,not_collected,
3904850,Approximately Up,2026-08-06,post_launch_reviews_total,2026-08-11,5,,not_collected,
3904850,Approximately Up,2026-08-06,post_launch_reviews_total,2026-08-12,6,,not_collected,
3904850,Approximately Up,2026-08-06,post_launch_reviews_total,2026-08-13,7,,not_collected,
2819470,Aquapark Tycoon,2026-07-22,pre_launch_wishlist_rank,2026-07-15,-7,912,ok,2026-07-15T04:32:45.763Z
2819470,Aquapark Tycoon,2026-07-22,pre_launch_wishlist_rank,2026-07-16,-6,901,ok,2026-07-16T04:42:31.378Z
2819470,Aquapark Tycoon,2026-07-22,pre_launch_wishlist_rank,2026-07-17,-5,882,ok,2026-07-17T04:45:39.030Z
2819470,Aquapark Tycoon,2026-07-22,pre_launch_wishlist_rank,2026-07-18,-4,866,ok,2026-07-18T04:29:54.503Z
2819470,Aquapark Tycoon,2026-07-22,pre_launch_wishlist_rank,2026-07-19,-3,853,ok,2026-07-19T04:54:49.781Z
2819470,Aquapark Tycoon,2026-07-22,pre_launch_wishlist_rank,2026-07-20,-2,818,ok,2026-07-20T05:09:45.900Z
2819470,Aquapark Tycoon,2026-07-22,pre_launch_wishlist_rank,2026-07-21,-1,791,ok,2026-07-21T04:50:39.944Z
2819470,Aquapark Tycoon,2026-07-22,post_launch_reviews_total,2026-07-22,0,0,ok,2026-07-22T04:50:32.272Z
2819470,Aquapark Tycoon,2026-07-22,post_launch_reviews_total,2026-07-23,1,,not_collected,
2819470,Aquapark Tycoon,2026-07-22,post_launch_reviews_total,2026-07-24,2,,not_collected,
2819470,Aquapark Tycoon,2026-07-22,post_launch_reviews_total,2026-07-25,3,,not_collected,
2819470,Aquapark Tycoon,2026-07-22,post_launch_reviews_total,2026-07-26,4,,not_collected,
2819470,Aquapark Tycoon,2026-07-22,post_launch_reviews_total,2026-07-27,5,,not_collected,
2819470,Aquapark Tycoon,2026-07-22,post_launch_reviews_total,2026-07-28,6,,not_collected,
2819470,Aquapark Tycoon,2026-07-22,post_launch_reviews_total,2026-07-29,7,,not_collected,
4252700,Archon Soul,2026-07-29,pre_launch_wishlist_rank,2026-07-22,-7,,not_in_captured_wishlist_ranking,
4252700,Archon Soul,2026-07-29,pre_launch_wishlist_rank,2026-07-23,-6,,not_in_captured_wishlist_ranking,
4252700,Archon Soul,2026-07-29,pre_launch_wishlist_rank,2026-07-24,-5,1991,ok,2026-07-24T04:51:55.902Z
4252700,Archon Soul,2026-07-29,pre_launch_wishlist_rank,2026-07-25,-4,1960,ok,2026-07-25T04:47:58.982Z
4252700,Archon Soul,2026-07-29,pre_launch_wishlist_rank,2026-07-26,-3,1931,ok,2026-07-26T05:02:25.100Z
4252700,Archon Soul,2026-07-29,pre_launch_wishlist_rank,2026-07-27,-2,1861,ok,2026-07-27T05:28:24.621Z
4252700,Archon Soul,2026-07-29,pre_launch_wishlist_rank,2026-07-28,-1,1792,ok,2026-07-28T04:45:52.627Z
4252700,Archon Soul,2026-07-29,post_launch_reviews_total,2026-07-29,0,0,ok,2026-07-29T04:50:58.767Z
4252700,Archon Soul,2026-07-29,post_launch_reviews_total,2026-07-30,1,,not_collected,
4252700,Archon Soul,2026-07-29,post_launch_reviews_total,2026-07-31,2,,not_collected,
4252700,Archon Soul,2026-07-29,post_launch_reviews_total,2026-08-01,3,,not_collected,
4252700,Archon Soul,2026-07-29,post_launch_reviews_total,2026-08-02,4,,not_collected,
4252700,Archon Soul,2026-07-29,post_launch_reviews_total,2026-08-03,5,,not_collected,
4252700,Archon Soul,2026-07-29,post_launch_reviews_total,2026-08-04,6,,not_collected,
4252700,Archon Soul,2026-07-29,post_launch_reviews_total,2026-08-05,7,,not_collected,
4371450,Arctic Shift: Fuel Station,2026-07-24,pre_launch_wishlist_rank,2026-07-17,-7,,not_in_captured_wishlist_ranking,
4371450,Arctic Shift: Fuel Station,2026-07-24,pre_launch_wishlist_rank,2026-07-18,-6,,not_in_captured_wishlist_ranking,
4371450,Arctic Shift: Fuel Station,2026-07-24,pre_launch_wishlist_rank,2026-07-19,-5,,not_in_captured_wishlist_ranking,
4371450,Arctic Shift: Fuel Station,2026-07-24,pre_launch_wishlist_rank,2026-07-20,-4,,not_in_captured_wishlist_ranking,
4371450,Arctic Shift: Fuel Station,2026-07-24,pre_launch_wishlist_rank,2026-07-21,-3,1947,ok,2026-07-21T04:50:39.944Z
4371450,Arctic Shift: Fuel Station,2026-07-24,pre_launch_wishlist_rank,2026-07-22,-2,1857,ok,2026-07-22T04:50:32.272Z
4371450,Arctic Shift: Fuel Station,2026-07-24,pre_launch_wishlist_rank,2026-07-23,-1,1750,ok,2026-07-23T04:56:12.842Z
4371450,Arctic Shift: Fuel Station,2026-07-24,post_launch_reviews_total,2026-07-24,0,0,ok,2026-07-24T04:51:55.902Z
4371450,Arctic Shift: Fuel Station,2026-07-24,post_launch_reviews_total,2026-07-25,1,,not_collected,
4371450,Arctic Shift: Fuel Station,2026-07-24,post_launch_reviews_total,2026-07-26,2,,not_collected,
4371450,Arctic Shift: Fuel Station,2026-07-24,post_launch_reviews_total,2026-07-27,3,,not_collected,
4371450,Arctic Shift: Fuel Station,2026-07-24,post_launch_reviews_total,2026-07-28,4,,not_collected,
4371450,Arctic Shift: Fuel Station,2026-07-24,post_launch_reviews_total,2026-07-29,5,,not_collected,
4371450,Arctic Shift: Fuel Station,2026-07-24,post_launch_reviews_total,2026-07-30,6,,not_collected,
4371450,Arctic Shift: Fuel Station,2026-07-24,post_launch_reviews_total,2026-07-31,7,,not_collected,
4874010,Arsica: Echoes of Ars,2026-07-06,pre_launch_wishlist_rank,2026-06-29,-7,,not_collected,
4874010,Arsica: Echoes of Ars,2026-07-06,pre_launch_wishlist_rank,2026-06-30,-6,,not_collected,
4874010,Arsica: Echoes of Ars,2026-07-06,pre_launch_wishlist_rank,2026-07-01,-5,,not_collected,
4874010,Arsica: Echoes of Ars,2026-07-06,pre_launch_wishlist_rank,2026-07-02,-4,,not_collected,
4874010,Arsica: Echoes of Ars,2026-07-06,pre_launch_wishlist_rank,2026-07-03,-3,,not_in_captured_wishlist_ranking,
4874010,Arsica: Echoes of Ars,2026-07-06,pre_launch_wishlist_rank,2026-07-04,-2,,not_in_captured_wishlist_ranking,
4874010,Arsica: Echoes of Ars,2026-07-06,pre_launch_wishlist_rank,2026-07-05,-1,,not_in_captured_wishlist_ranking,
4874010,Arsica: Echoes of Ars,2026-07-06,post_launch_reviews_total,2026-07-06,0,,not_collected,
4874010,Arsica: Echoes of Ars,2026-07-06,post_launch_reviews_total,2026-07-07,1,0,ok,2026-07-07T05:48:04.813Z
4874010,Arsica: Echoes of Ars,2026-07-06,post_launch_reviews_total,2026-07-08,2,,not_collected,
4874010,Arsica: Echoes of Ars,2026-07-06,post_launch_reviews_total,2026-07-09,3,,not_collected,
4874010,Arsica: Echoes of Ars,2026-07-06,post_launch_reviews_total,2026-07-10,4,,not_collected,
4874010,Arsica: Echoes of Ars,2026-07-06,post_launch_reviews_total,2026-07-11,5,,not_collected,
4874010,Arsica: Echoes of Ars,2026-07-06,post_launch_reviews_total,2026-07-12,6,,not_collected,
4874010,Arsica: Echoes of Ars,2026-07-06,post_launch_reviews_total,2026-07-13,7,,not_collected,
4485620,Artesnaut,2026-07-12,pre_launch_wishlist_rank,2026-07-05,-7,,not_in_captured_wishlist_ranking,
4485620,Artesnaut,2026-07-12,pre_launch_wishlist_rank,2026-07-06,-6,,not_in_captured_wishlist_ranking,
4485620,Artesnaut,2026-07-12,pre_launch_wishlist_rank,2026-07-07,-5,,not_in_captured_wishlist_ranking,
4485620,Artesnaut,2026-07-12,pre_launch_wishlist_rank,2026-07-08,-4,,not_in_captured_wishlist_ranking,
4485620,Artesnaut,2026-07-12,pre_launch_wishlist_rank,2026-07-09,-3,,not_in_captured_wishlist_ranking,
4485620,Artesnaut,2026-07-12,pre_launch_wishlist_rank,2026-07-10,-2,,not_in_captured_wishlist_ranking,
4485620,Artesnaut,2026-07-12,pre_launch_wishlist_rank,2026-07-11,-1,,not_in_captured_wishlist_ranking,
4485620,Artesnaut,2026-07-12,post_launch_reviews_total,2026-07-12,0,0,ok,2026-07-12T04:57:39.930Z
4485620,Artesnaut,2026-07-12,post_launch_reviews_total,2026-07-13,1,,not_collected,
4485620,Artesnaut,2026-07-12,post_launch_reviews_total,2026-07-14,2,,not_collected,
4485620,Artesnaut,2026-07-12,post_launch_reviews_total,2026-07-15,3,,not_collected,
4485620,Artesnaut,2026-07-12,post_launch_reviews_total,2026-07-16,4,,not_collected,
4485620,Artesnaut,2026-07-12,post_launch_reviews_total,2026-07-17,5,,not_collected,
4485620,Artesnaut,2026-07-12,post_launch_reviews_total,2026-07-18,6,,not_collected,
4485620,Artesnaut,2026-07-12,post_launch_reviews_total,2026-07-19,7,,not_collected,
2697940,Ascend to ZERO,2026-07-13,pre_launch_wishlist_rank,2026-07-06,-7,654,ok,2026-07-06T04:31:47.397Z
2697940,Ascend to ZERO,2026-07-13,pre_launch_wishlist_rank,2026-07-07,-6,649,ok,2026-07-07T05:48:04.813Z
2697940,Ascend to ZERO,2026-07-13,pre_launch_wishlist_rank,2026-07-08,-5,649,ok,2026-07-08T04:50:41.299Z
2697940,Ascend to ZERO,2026-07-13,pre_launch_wishlist_rank,2026-07-09,-4,647,ok,2026-07-09T05:46:21.155Z
2697940,Ascend to ZERO,2026-07-13,pre_launch_wishlist_rank,2026-07-10,-3,631,ok,2026-07-10T05:43:57.377Z
2697940,Ascend to ZERO,2026-07-13,pre_launch_wishlist_rank,2026-07-11,-2,610,ok,2026-07-11T04:45:57.358Z
2697940,Ascend to ZERO,2026-07-13,pre_launch_wishlist_rank,2026-07-12,-1,585,ok,2026-07-12T04:57:39.930Z
2697940,Ascend to ZERO,2026-07-13,post_launch_reviews_total,2026-07-13,0,0,ok,2026-07-13T05:04:37.802Z
2697940,Ascend to ZERO,2026-07-13,post_launch_reviews_total,2026-07-14,1,,not_collected,
2697940,Ascend to ZERO,2026-07-13,post_launch_reviews_total,2026-07-15,2,,not_collected,
2697940,Ascend to ZERO,2026-07-13,post_launch_reviews_total,2026-07-16,3,,not_collected,
2697940,Ascend to ZERO,2026-07-13,post_launch_reviews_total,2026-07-17,4,,not_collected,
2697940,Ascend to ZERO,2026-07-13,post_launch_reviews_total,2026-07-18,5,,not_collected,
2697940,Ascend to ZERO,2026-07-13,post_launch_reviews_total,2026-07-19,6,,not_collected,
2697940,Ascend to ZERO,2026-07-13,post_launch_reviews_total,2026-07-20,7,,not_collected,
3751950,Assassin's Creed Black Flag Resynced,2026-07-09,pre_launch_wishlist_rank,2026-07-02,-7,,not_collected,
3751950,Assassin's Creed Black Flag Resynced,2026-07-09,pre_launch_wishlist_rank,2026-07-03,-6,13,ok,2026-07-03T04:27:24.412Z
3751950,Assassin's Creed Black Flag Resynced,2026-07-09,pre_launch_wishlist_rank,2026-07-04,-5,12,ok,2026-07-04T05:10:05.970Z
3751950,Assassin's Creed Black Flag Resynced,2026-07-09,pre_launch_wishlist_rank,2026-07-05,-4,12,ok,2026-07-05T05:38:17.292Z
3751950,Assassin's Creed Black Flag Resynced,2026-07-09,pre_launch_wishlist_rank,2026-07-06,-3,12,ok,2026-07-06T04:31:47.397Z
3751950,Assassin's Creed Black Flag Resynced,2026-07-09,pre_launch_wishlist_rank,2026-07-07,-2,11,ok,2026-07-07T05:48:04.813Z
3751950,Assassin's Creed Black Flag Resynced,2026-07-09,pre_launch_wishlist_rank,2026-07-08,-1,11,ok,2026-07-08T04:50:41.299Z
3751950,Assassin's Creed Black Flag Resynced,2026-07-09,post_launch_reviews_total,2026-07-09,0,0,ok,2026-07-09T05:46:21.155Z
3751950,Assassin's Creed Black Flag Resynced,2026-07-09,post_launch_reviews_total,2026-07-10,1,,not_collected,
3751950,Assassin's Creed Black Flag Resynced,2026-07-09,post_launch_reviews_total,2026-07-11,2,,not_collected,
3751950,Assassin's Creed Black Flag Resynced,2026-07-09,post_launch_reviews_total,2026-07-12,3,,not_collected,
3751950,Assassin's Creed Black Flag Resynced,2026-07-09,post_launch_reviews_total,2026-07-13,4,,not_collected,
3751950,Assassin's Creed Black Flag Resynced,2026-07-09,post_launch_reviews_total,2026-07-14,5,,not_collected,
3751950,Assassin's Creed Black Flag Resynced,2026-07-09,post_launch_reviews_total,2026-07-15,6,,not_collected,
3751950,Assassin's Creed Black Flag Resynced,2026-07-09,post_launch_reviews_total,2026-07-16,7,,not_collected,
3690850,Asterika: Phantom Rose Refrain,2026-09-02,pre_launch_wishlist_rank,2026-08-26,-7,,not_in_captured_wishlist_ranking,
3690850,Asterika: Phantom Rose Refrain,2026-09-02,pre_launch_wishlist_rank,2026-08-27,-6,,not_in_captured_wishlist_ranking,
3690850,Asterika: Phantom Rose Refrain,2026-09-02,pre_launch_wishlist_rank,2026-08-28,-5,1990,ok,2026-08-28T13:19:41.332Z
3690850,Asterika: Phantom Rose Refrain,2026-09-02,pre_launch_wishlist_rank,2026-08-29,-4,1938,ok,2026-08-29T08:16:08.181Z
3690850,Asterika: Phantom Rose Refrain,2026-09-02,pre_launch_wishlist_rank,2026-08-30,-3,1865,ok,2026-08-30T07:17:27.365Z
3690850,Asterika: Phantom Rose Refrain,2026-09-02,pre_launch_wishlist_rank,2026-08-31,-2,1737,ok,2026-08-31T07:32:46.352Z
3690850,Asterika: Phantom Rose Refrain,2026-09-02,pre_launch_wishlist_rank,2026-09-01,-1,1649,ok,2026-09-01T06:43:33.167Z
3690850,Asterika: Phantom Rose Refrain,2026-09-02,post_launch_reviews_total,2026-09-02,0,0,ok,2026-09-02T06:21:55.398Z
3690850,Asterika: Phantom Rose Refrain,2026-09-02,post_launch_reviews_total,2026-09-03,1,,not_collected,
3690850,Asterika: Phantom Rose Refrain,2026-09-02,post_launch_reviews_total,2026-09-04,2,,not_collected,
3690850,Asterika: Phantom Rose Refrain,2026-09-02,post_launch_reviews_total,2026-09-05,3,,not_collected,
3690850,Asterika: Phantom Rose Refrain,2026-09-02,post_launch_reviews_total,2026-09-06,4,,not_collected,
3690850,Asterika: Phantom Rose Refrain,2026-09-02,post_launch_reviews_total,2026-09-07,5,,not_collected,
3690850,Asterika: Phantom Rose Refrain,2026-09-02,post_launch_reviews_total,2026-09-08,6,,not_collected,
3690850,Asterika: Phantom Rose Refrain,2026-09-02,post_launch_reviews_total,2026-09-09,7,,not_collected,
4568830,ASTRAL COURT DX,2026-08-25,pre_launch_wishlist_rank,2026-08-18,-7,,not_in_captured_wishlist_ranking,
4568830,ASTRAL COURT DX,2026-08-25,pre_launch_wishlist_rank,2026-08-19,-6,,not_in_captured_wishlist_ranking,
4568830,ASTRAL COURT DX,2026-08-25,pre_launch_wishlist_rank,2026-08-20,-5,,not_in_captured_wishlist_ranking,
4568830,ASTRAL COURT DX,2026-08-25,pre_launch_wishlist_rank,2026-08-21,-4,,not_in_captured_wishlist_ranking,
4568830,ASTRAL COURT DX,2026-08-25,pre_launch_wishlist_rank,2026-08-22,-3,,not_in_captured_wishlist_ranking,
4568830,ASTRAL COURT DX,2026-08-25,pre_launch_wishlist_rank,2026-08-23,-2,,not_in_captured_wishlist_ranking,
4568830,ASTRAL COURT DX,2026-08-25,pre_launch_wishlist_rank,2026-08-24,-1,,not_in_captured_wishlist_ranking,
4568830,ASTRAL COURT DX,2026-08-25,post_launch_reviews_total,2026-08-25,0,0,ok,2026-08-25T02:42:46.392Z
4568830,ASTRAL COURT DX,2026-08-25,post_launch_reviews_total,2026-08-26,1,,not_collected,
4568830,ASTRAL COURT DX,2026-08-25,post_launch_reviews_total,2026-08-27,2,,not_collected,
4568830,ASTRAL COURT DX,2026-08-25,post_launch_reviews_total,2026-08-28,3,,not_collected,
4568830,ASTRAL COURT DX,2026-08-25,post_launch_reviews_total,2026-08-29,4,,not_collected,
4568830,ASTRAL COURT DX,2026-08-25,post_launch_reviews_total,2026-08-30,5,,not_collected,
4568830,ASTRAL COURT DX,2026-08-25,post_launch_reviews_total,2026-08-31,6,,not_collected,
4568830,ASTRAL COURT DX,2026-08-25,post_launch_reviews_total,2026-09-01,7,,not_collected,
2424420,Avatar Legends: The Fighting Game,2026-07-23,pre_launch_wishlist_rank,2026-07-16,-7,198,ok,2026-07-16T04:42:31.378Z
2424420,Avatar Legends: The Fighting Game,2026-07-23,pre_launch_wishlist_rank,2026-07-17,-6,194,ok,2026-07-17T04:45:39.030Z
2424420,Avatar Legends: The Fighting Game,2026-07-23,pre_launch_wishlist_rank,2026-07-18,-5,191,ok,2026-07-18T04:29:54.503Z
2424420,Avatar Legends: The Fighting Game,2026-07-23,pre_launch_wishlist_rank,2026-07-19,-4,187,ok,2026-07-19T04:54:49.781Z
2424420,Avatar Legends: The Fighting Game,2026-07-23,pre_launch_wishlist_rank,2026-07-20,-3,183,ok,2026-07-20T05:09:45.900Z
2424420,Avatar Legends: The Fighting Game,2026-07-23,pre_launch_wishlist_rank,2026-07-21,-2,182,ok,2026-07-21T04:50:39.944Z
2424420,Avatar Legends: The Fighting Game,2026-07-23,pre_launch_wishlist_rank,2026-07-22,-1,176,ok,2026-07-22T04:50:32.272Z
2424420,Avatar Legends: The Fighting Game,2026-07-23,post_launch_reviews_total,2026-07-23,0,0,ok,2026-07-23T04:56:12.842Z
2424420,Avatar Legends: The Fighting Game,2026-07-23,post_launch_reviews_total,2026-07-24,1,,not_collected,
2424420,Avatar Legends: The Fighting Game,2026-07-23,post_launch_reviews_total,2026-07-25,2,,not_collected,
2424420,Avatar Legends: The Fighting Game,2026-07-23,post_launch_reviews_total,2026-07-26,3,,not_collected,
2424420,Avatar Legends: The Fighting Game,2026-07-23,post_launch_reviews_total,2026-07-27,4,,not_collected,
2424420,Avatar Legends: The Fighting Game,2026-07-23,post_launch_reviews_total,2026-07-28,5,,not_collected,
2424420,Avatar Legends: The Fighting Game,2026-07-23,post_launch_reviews_total,2026-07-29,6,,not_collected,
2424420,Avatar Legends: The Fighting Game,2026-07-23,post_launch_reviews_total,2026-07-30,7,,not_collected,
1012870,Backpack Inspector,2026-08-01,pre_launch_wishlist_rank,2026-07-25,-7,,not_in_captured_wishlist_ranking,
1012870,Backpack Inspector,2026-08-01,pre_launch_wishlist_rank,2026-07-26,-6,,not_in_captured_wishlist_ranking,
1012870,Backpack Inspector,2026-08-01,pre_launch_wishlist_rank,2026-07-27,-5,,not_in_captured_wishlist_ranking,
1012870,Backpack Inspector,2026-08-01,pre_launch_wishlist_rank,2026-07-28,-4,,not_in_captured_wishlist_ranking,
1012870,Backpack Inspector,2026-08-01,pre_launch_wishlist_rank,2026-07-29,-3,,not_in_captured_wishlist_ranking,
1012870,Backpack Inspector,2026-08-01,pre_launch_wishlist_rank,2026-07-30,-2,,not_in_captured_wishlist_ranking,
1012870,Backpack Inspector,2026-08-01,pre_launch_wishlist_rank,2026-07-31,-1,,not_in_captured_wishlist_ranking,
1012870,Backpack Inspector,2026-08-01,post_launch_reviews_total,2026-08-01,0,,not_collected,
1012870,Backpack Inspector,2026-08-01,post_launch_reviews_total,2026-08-02,1,,not_collected,
1012870,Backpack Inspector,2026-08-01,post_launch_reviews_total,2026-08-03,2,,not_collected,
1012870,Backpack Inspector,2026-08-01,post_launch_reviews_total,2026-08-04,3,,not_collected,
1012870,Backpack Inspector,2026-08-01,post_launch_reviews_total,2026-08-05,4,,not_collected,
1012870,Backpack Inspector,2026-08-01,post_launch_reviews_total,2026-08-06,5,,not_collected,
1012870,Backpack Inspector,2026-08-01,post_launch_reviews_total,2026-08-07,6,,not_collected,
1012870,Backpack Inspector,2026-08-01,post_launch_reviews_total,2026-08-08,7,,not_collected,
3451970,BACKROOMS ANOMALY,2026-07-24,pre_launch_wishlist_rank,2026-07-17,-7,1842,ok,2026-07-17T04:45:39.030Z
3451970,BACKROOMS ANOMALY,2026-07-24,pre_launch_wishlist_rank,2026-07-18,-6,1805,ok,2026-07-18T04:29:54.503Z
3451970,BACKROOMS ANOMALY,2026-07-24,pre_launch_wishlist_rank,2026-07-19,-5,1783,ok,2026-07-19T04:54:49.781Z
3451970,BACKROOMS ANOMALY,2026-07-24,pre_launch_wishlist_rank,2026-07-20,-4,1734,ok,2026-07-20T05:09:45.900Z
3451970,BACKROOMS ANOMALY,2026-07-24,pre_launch_wishlist_rank,2026-07-21,-3,1691,ok,2026-07-21T04:50:39.944Z
3451970,BACKROOMS ANOMALY,2026-07-24,pre_launch_wishlist_rank,2026-07-22,-2,1653,ok,2026-07-22T04:50:32.272Z
3451970,BACKROOMS ANOMALY,2026-07-24,pre_launch_wishlist_rank,2026-07-23,-1,1607,ok,2026-07-23T04:56:12.842Z
3451970,BACKROOMS ANOMALY,2026-07-24,post_launch_reviews_total,2026-07-24,0,0,ok,2026-07-24T04:51:55.902Z
3451970,BACKROOMS ANOMALY,2026-07-24,post_launch_reviews_total,2026-07-25,1,,not_collected,
3451970,BACKROOMS ANOMALY,2026-07-24,post_launch_reviews_total,2026-07-26,2,,not_collected,
3451970,BACKROOMS ANOMALY,2026-07-24,post_launch_reviews_total,2026-07-27,3,,not_collected,
3451970,BACKROOMS ANOMALY,2026-07-24,post_launch_reviews_total,2026-07-28,4,,not_collected,
3451970,BACKROOMS ANOMALY,2026-07-24,post_launch_reviews_total,2026-07-29,5,,not_collected,
3451970,BACKROOMS ANOMALY,2026-07-24,post_launch_reviews_total,2026-07-30,6,,not_collected,
3451970,BACKROOMS ANOMALY,2026-07-24,post_launch_reviews_total,2026-07-31,7,,not_collected,
4287480,Backrooms Protocol,2026-09-11,pre_launch_wishlist_rank,2026-09-04,-7,,not_collected,
4287480,Backrooms Protocol,2026-09-11,pre_launch_wishlist_rank,2026-09-05,-6,,not_collected,
4287480,Backrooms Protocol,2026-09-11,pre_launch_wishlist_rank,2026-09-06,-5,,not_collected,
4287480,Backrooms Protocol,2026-09-11,pre_launch_wishlist_rank,2026-09-07,-4,,not_collected,
4287480,Backrooms Protocol,2026-09-11,pre_launch_wishlist_rank,2026-09-08,-3,,not_collected,
4287480,Backrooms Protocol,2026-09-11,pre_launch_wishlist_rank,2026-09-09,-2,,not_collected,
4287480,Backrooms Protocol,2026-09-11,pre_launch_wishlist_rank,2026-09-10,-1,,not_collected,
4287480,Backrooms Protocol,2026-09-11,post_launch_reviews_total,2026-09-11,0,,not_collected,
4287480,Backrooms Protocol,2026-09-11,post_launch_reviews_total,2026-09-12,1,,not_collected,
4287480,Backrooms Protocol,2026-09-11,post_launch_reviews_total,2026-09-13,2,,not_collected,
4287480,Backrooms Protocol,2026-09-11,post_launch_reviews_total,2026-09-14,3,,not_collected,
4287480,Backrooms Protocol,2026-09-11,post_launch_reviews_total,2026-09-15,4,,not_collected,
4287480,Backrooms Protocol,2026-09-11,post_launch_reviews_total,2026-09-16,5,,not_collected,
4287480,Backrooms Protocol,2026-09-11,post_launch_reviews_total,2026-09-17,6,,not_collected,
4287480,Backrooms Protocol,2026-09-11,post_launch_reviews_total,2026-09-18,7,,not_collected,
3935020,Backyard Baseball,2026-07-09,pre_launch_wishlist_rank,2026-07-02,-7,,not_collected,
3935020,Backyard Baseball,2026-07-09,pre_launch_wishlist_rank,2026-07-03,-6,,not_in_captured_wishlist_ranking,
3935020,Backyard Baseball,2026-07-09,pre_launch_wishlist_rank,2026-07-04,-5,,not_in_captured_wishlist_ranking,
3935020,Backyard Baseball,2026-07-09,pre_launch_wishlist_rank,2026-07-05,-4,,not_in_captured_wishlist_ranking,
3935020,Backyard Baseball,2026-07-09,pre_launch_wishlist_rank,2026-07-06,-3,647,ok,2026-07-06T04:31:47.397Z
3935020,Backyard Baseball,2026-07-09,pre_launch_wishlist_rank,2026-07-07,-2,641,ok,2026-07-07T05:48:04.813Z
3935020,Backyard Baseball,2026-07-09,pre_launch_wishlist_rank,2026-07-08,-1,635,ok,2026-07-08T04:50:41.299Z
3935020,Backyard Baseball,2026-07-09,post_launch_reviews_total,2026-07-09,0,0,ok,2026-07-09T05:46:21.155Z
3935020,Backyard Baseball,2026-07-09,post_launch_reviews_total,2026-07-10,1,,not_collected,
3935020,Backyard Baseball,2026-07-09,post_launch_reviews_total,2026-07-11,2,,not_collected,
3935020,Backyard Baseball,2026-07-09,post_launch_reviews_total,2026-07-12,3,,not_collected,
3935020,Backyard Baseball,2026-07-09,post_launch_reviews_total,2026-07-13,4,,not_collected,
3935020,Backyard Baseball,2026-07-09,post_launch_reviews_total,2026-07-14,5,,not_collected,
3935020,Backyard Baseball,2026-07-09,post_launch_reviews_total,2026-07-15,6,,not_collected,
3935020,Backyard Baseball,2026-07-09,post_launch_reviews_total,2026-07-16,7,,not_collected,
4596010,Bar After Bar,2026-08-24,pre_launch_wishlist_rank,2026-08-17,-7,,not_in_captured_wishlist_ranking,
4596010,Bar After Bar,2026-08-24,pre_launch_wishlist_rank,2026-08-18,-6,,not_in_captured_wishlist_ranking,
4596010,Bar After Bar,2026-08-24,pre_launch_wishlist_rank,2026-08-19,-5,,not_in_captured_wishlist_ranking,
4596010,Bar After Bar,2026-08-24,pre_launch_wishlist_rank,2026-08-20,-4,1963,ok,2026-08-20T02:40:42.136Z
4596010,Bar After Bar,2026-08-24,pre_launch_wishlist_rank,2026-08-21,-3,1903,ok,2026-08-21T02:47:33.763Z
4596010,Bar After Bar,2026-08-24,pre_launch_wishlist_rank,2026-08-22,-2,1846,ok,2026-08-22T02:38:05.157Z
4596010,Bar After Bar,2026-08-24,pre_launch_wishlist_rank,2026-08-23,-1,1777,ok,2026-08-23T02:47:54.993Z
4596010,Bar After Bar,2026-08-24,post_launch_reviews_total,2026-08-24,0,0,ok,2026-08-24T02:48:36.097Z
4596010,Bar After Bar,2026-08-24,post_launch_reviews_total,2026-08-25,1,,not_collected,
4596010,Bar After Bar,2026-08-24,post_launch_reviews_total,2026-08-26,2,,not_collected,
4596010,Bar After Bar,2026-08-24,post_launch_reviews_total,2026-08-27,3,,not_collected,
4596010,Bar After Bar,2026-08-24,post_launch_reviews_total,2026-08-28,4,,not_collected,
4596010,Bar After Bar,2026-08-24,post_launch_reviews_total,2026-08-29,5,,not_collected,
4596010,Bar After Bar,2026-08-24,post_launch_reviews_total,2026-08-30,6,,not_collected,
4596010,Bar After Bar,2026-08-24,post_launch_reviews_total,2026-08-31,7,,not_collected,
3462790,Battle For Embolia,2026-07-03,pre_launch_wishlist_rank,2026-06-26,-7,,not_collected,
3462790,Battle For Embolia,2026-07-03,pre_launch_wishlist_rank,2026-06-27,-6,,not_collected,
3462790,Battle For Embolia,2026-07-03,pre_launch_wishlist_rank,2026-06-28,-5,,not_collected,
3462790,Battle For Embolia,2026-07-03,pre_launch_wishlist_rank,2026-06-29,-4,,not_collected,
3462790,Battle For Embolia,2026-07-03,pre_launch_wishlist_rank,2026-06-30,-3,,not_collected,
3462790,Battle For Embolia,2026-07-03,pre_launch_wishlist_rank,2026-07-01,-2,,not_collected,
3462790,Battle For Embolia,2026-07-03,pre_launch_wishlist_rank,2026-07-02,-1,,not_collected,
3462790,Battle For Embolia,2026-07-03,post_launch_reviews_total,2026-07-03,0,0,ok,2026-07-03T04:27:24.412Z
3462790,Battle For Embolia,2026-07-03,post_launch_reviews_total,2026-07-04,1,,not_collected,
3462790,Battle For Embolia,2026-07-03,post_launch_reviews_total,2026-07-05,2,,not_collected,
3462790,Battle For Embolia,2026-07-03,post_launch_reviews_total,2026-07-06,3,,not_collected,
3462790,Battle For Embolia,2026-07-03,post_launch_reviews_total,2026-07-07,4,,not_collected,
3462790,Battle For Embolia,2026-07-03,post_launch_reviews_total,2026-07-08,5,,not_collected,
3462790,Battle For Embolia,2026-07-03,post_launch_reviews_total,2026-07-09,6,,not_collected,
3462790,Battle For Embolia,2026-07-03,post_launch_reviews_total,2026-07-10,7,,not_collected,
4042330,Be Missed and Remembered: The Letter from Mayoiga,2026-07-09,pre_launch_wishlist_rank,2026-07-02,-7,,not_collected,
4042330,Be Missed and Remembered: The Letter from Mayoiga,2026-07-09,pre_launch_wishlist_rank,2026-07-03,-6,,not_in_captured_wishlist_ranking,
4042330,Be Missed and Remembered: The Letter from Mayoiga,2026-07-09,pre_launch_wishlist_rank,2026-07-04,-5,,not_in_captured_wishlist_ranking,
4042330,Be Missed and Remembered: The Letter from Mayoiga,2026-07-09,pre_launch_wishlist_rank,2026-07-05,-4,,not_in_captured_wishlist_ranking,
4042330,Be Missed and Remembered: The Letter from Mayoiga,2026-07-09,pre_launch_wishlist_rank,2026-07-06,-3,,not_in_captured_wishlist_ranking,
4042330,Be Missed and Remembered: The Letter from Mayoiga,2026-07-09,pre_launch_wishlist_rank,2026-07-07,-2,,not_in_captured_wishlist_ranking,
4042330,Be Missed and Remembered: The Letter from Mayoiga,2026-07-09,pre_launch_wishlist_rank,2026-07-08,-1,,not_in_captured_wishlist_ranking,
4042330,Be Missed and Remembered: The Letter from Mayoiga,2026-07-09,post_launch_reviews_total,2026-07-09,0,0,ok,2026-07-09T05:46:21.155Z
4042330,Be Missed and Remembered: The Letter from Mayoiga,2026-07-09,post_launch_reviews_total,2026-07-10,1,,not_collected,
4042330,Be Missed and Remembered: The Letter from Mayoiga,2026-07-09,post_launch_reviews_total,2026-07-11,2,,not_collected,
4042330,Be Missed and Remembered: The Letter from Mayoiga,2026-07-09,post_launch_reviews_total,2026-07-12,3,,not_collected,
4042330,Be Missed and Remembered: The Letter from Mayoiga,2026-07-09,post_launch_reviews_total,2026-07-13,4,,not_collected,
4042330,Be Missed and Remembered: The Letter from Mayoiga,2026-07-09,post_launch_reviews_total,2026-07-14,5,,not_collected,
4042330,Be Missed and Remembered: The Letter from Mayoiga,2026-07-09,post_launch_reviews_total,2026-07-15,6,,not_collected,
4042330,Be Missed and Remembered: The Letter from Mayoiga,2026-07-09,post_launch_reviews_total,2026-07-16,7,,not_collected,
2001760,Beast of Reincarnation,2026-08-03,pre_launch_wishlist_rank,2026-07-27,-7,44,ok,2026-07-27T05:28:24.621Z
2001760,Beast of Reincarnation,2026-08-03,pre_launch_wishlist_rank,2026-07-28,-6,43,ok,2026-07-28T04:45:52.627Z
2001760,Beast of Reincarnation,2026-08-03,pre_launch_wishlist_rank,2026-07-29,-5,42,ok,2026-07-29T04:50:58.767Z
2001760,Beast of Reincarnation,2026-08-03,pre_launch_wishlist_rank,2026-07-30,-4,39,ok,2026-07-30T04:38:29.620Z
2001760,Beast of Reincarnation,2026-08-03,pre_launch_wishlist_rank,2026-07-31,-3,38,ok,2026-07-31T05:04:54.532Z
2001760,Beast of Reincarnation,2026-08-03,pre_launch_wishlist_rank,2026-08-01,-2,38,ok,2026-08-01T04:58:14.130Z
2001760,Beast of Reincarnation,2026-08-03,pre_launch_wishlist_rank,2026-08-02,-1,36,ok,2026-08-02T04:58:24.052Z
2001760,Beast of Reincarnation,2026-08-03,post_launch_reviews_total,2026-08-03,0,0,ok,2026-08-03T05:07:42.912Z
2001760,Beast of Reincarnation,2026-08-03,post_launch_reviews_total,2026-08-04,1,,not_collected,
2001760,Beast of Reincarnation,2026-08-03,post_launch_reviews_total,2026-08-05,2,,not_collected,
2001760,Beast of Reincarnation,2026-08-03,post_launch_reviews_total,2026-08-06,3,,not_collected,
2001760,Beast of Reincarnation,2026-08-03,post_launch_reviews_total,2026-08-07,4,,not_collected,
2001760,Beast of Reincarnation,2026-08-03,post_launch_reviews_total,2026-08-08,5,,not_collected,
2001760,Beast of Reincarnation,2026-08-03,post_launch_reviews_total,2026-08-09,6,,not_collected,
2001760,Beast of Reincarnation,2026-08-03,post_launch_reviews_total,2026-08-10,7,,not_collected,
2962780,BeastLink,2026-08-18,pre_launch_wishlist_rank,2026-08-11,-7,985,ok,2026-08-11T03:21:55.619Z
2962780,BeastLink,2026-08-18,pre_launch_wishlist_rank,2026-08-12,-6,950,ok,2026-08-12T03:40:42.315Z
2962780,BeastLink,2026-08-18,pre_launch_wishlist_rank,2026-08-13,-5,928,ok,2026-08-13T03:51:51.678Z
2962780,BeastLink,2026-08-18,pre_launch_wishlist_rank,2026-08-14,-4,890,ok,2026-08-14T03:41:13.555Z
2962780,BeastLink,2026-08-18,pre_launch_wishlist_rank,2026-08-15,-3,858,ok,2026-08-15T02:36:13.648Z
2962780,BeastLink,2026-08-18,pre_launch_wishlist_rank,2026-08-16,-2,831,ok,2026-08-16T02:45:28.861Z
2962780,BeastLink,2026-08-18,pre_launch_wishlist_rank,2026-08-17,-1,772,ok,2026-08-17T02:45:10.258Z
2962780,BeastLink,2026-08-18,post_launch_reviews_total,2026-08-18,0,0,ok,2026-08-18T02:39:27.140Z
2962780,BeastLink,2026-08-18,post_launch_reviews_total,2026-08-19,1,,not_collected,
2962780,BeastLink,2026-08-18,post_launch_reviews_total,2026-08-20,2,,not_collected,
2962780,BeastLink,2026-08-18,post_launch_reviews_total,2026-08-21,3,,not_collected,
2962780,BeastLink,2026-08-18,post_launch_reviews_total,2026-08-22,4,,not_collected,
2962780,BeastLink,2026-08-18,post_launch_reviews_total,2026-08-23,5,,not_collected,
2962780,BeastLink,2026-08-18,post_launch_reviews_total,2026-08-24,6,,not_collected,
2962780,BeastLink,2026-08-18,post_launch_reviews_total,2026-08-25,7,,not_collected,
3711050,BeaterCore,2026-09-09,pre_launch_wishlist_rank,2026-09-02,-7,1504,ok,2026-09-02T06:21:55.398Z
3711050,BeaterCore,2026-09-09,pre_launch_wishlist_rank,2026-09-03,-6,1451,ok,2026-09-03T06:24:29.914Z
3711050,BeaterCore,2026-09-09,pre_launch_wishlist_rank,2026-09-04,-5,,not_collected,
3711050,BeaterCore,2026-09-09,pre_launch_wishlist_rank,2026-09-05,-4,,not_collected,
3711050,BeaterCore,2026-09-09,pre_launch_wishlist_rank,2026-09-06,-3,,not_collected,
3711050,BeaterCore,2026-09-09,pre_launch_wishlist_rank,2026-09-07,-2,,not_collected,
3711050,BeaterCore,2026-09-09,pre_launch_wishlist_rank,2026-09-08,-1,,not_collected,
3711050,BeaterCore,2026-09-09,post_launch_reviews_total,2026-09-09,0,,not_collected,
3711050,BeaterCore,2026-09-09,post_launch_reviews_total,2026-09-10,1,,not_collected,
3711050,BeaterCore,2026-09-09,post_launch_reviews_total,2026-09-11,2,,not_collected,
3711050,BeaterCore,2026-09-09,post_launch_reviews_total,2026-09-12,3,,not_collected,
3711050,BeaterCore,2026-09-09,post_launch_reviews_total,2026-09-13,4,,not_collected,
3711050,BeaterCore,2026-09-09,post_launch_reviews_total,2026-09-14,5,,not_collected,
3711050,BeaterCore,2026-09-09,post_launch_reviews_total,2026-09-15,6,,not_collected,
3711050,BeaterCore,2026-09-09,post_launch_reviews_total,2026-09-16,7,,not_collected,
2776270,Beetleball,2026-09-03,pre_launch_wishlist_rank,2026-08-27,-7,994,ok,2026-08-27T11:57:45.810Z
2776270,Beetleball,2026-09-03,pre_launch_wishlist_rank,2026-08-28,-6,996,ok,2026-08-28T13:19:41.332Z
2776270,Beetleball,2026-09-03,pre_launch_wishlist_rank,2026-08-29,-5,994,ok,2026-08-29T08:16:08.181Z
2776270,Beetleball,2026-09-03,pre_launch_wishlist_rank,2026-08-30,-4,992,ok,2026-08-30T07:17:27.365Z
2776270,Beetleball,2026-09-03,pre_launch_wishlist_rank,2026-08-31,-3,981,ok,2026-08-31T07:32:46.352Z
2776270,Beetleball,2026-09-03,pre_launch_wishlist_rank,2026-09-01,-2,974,ok,2026-09-01T06:43:33.167Z
2776270,Beetleball,2026-09-03,pre_launch_wishlist_rank,2026-09-02,-1,967,ok,2026-09-02T06:21:55.398Z
2776270,Beetleball,2026-09-03,post_launch_reviews_total,2026-09-03,0,0,ok,2026-09-03T06:24:29.914Z
2776270,Beetleball,2026-09-03,post_launch_reviews_total,2026-09-04,1,,not_collected,
2776270,Beetleball,2026-09-03,post_launch_reviews_total,2026-09-05,2,,not_collected,
2776270,Beetleball,2026-09-03,post_launch_reviews_total,2026-09-06,3,,not_collected,
2776270,Beetleball,2026-09-03,post_launch_reviews_total,2026-09-07,4,,not_collected,
2776270,Beetleball,2026-09-03,post_launch_reviews_total,2026-09-08,5,,not_collected,
2776270,Beetleball,2026-09-03,post_launch_reviews_total,2026-09-09,6,,not_collected,
2776270,Beetleball,2026-09-03,post_launch_reviews_total,2026-09-10,7,,not_collected,
3957810,Beghost,2026-07-08,pre_launch_wishlist_rank,2026-07-01,-7,,not_collected,
3957810,Beghost,2026-07-08,pre_launch_wishlist_rank,2026-07-02,-6,,not_collected,
3957810,Beghost,2026-07-08,pre_launch_wishlist_rank,2026-07-03,-5,,not_in_captured_wishlist_ranking,
3957810,Beghost,2026-07-08,pre_launch_wishlist_rank,2026-07-04,-4,,not_in_captured_wishlist_ranking,
3957810,Beghost,2026-07-08,pre_launch_wishlist_rank,2026-07-05,-3,,not_in_captured_wishlist_ranking,
3957810,Beghost,2026-07-08,pre_launch_wishlist_rank,2026-07-06,-2,,not_in_captured_wishlist_ranking,
3957810,Beghost,2026-07-08,pre_launch_wishlist_rank,2026-07-07,-1,,not_in_captured_wishlist_ranking,
3957810,Beghost,2026-07-08,post_launch_reviews_total,2026-07-08,0,0,ok,2026-07-08T04:50:41.299Z
3957810,Beghost,2026-07-08,post_launch_reviews_total,2026-07-09,1,,not_collected,
3957810,Beghost,2026-07-08,post_launch_reviews_total,2026-07-10,2,,not_collected,
3957810,Beghost,2026-07-08,post_launch_reviews_total,2026-07-11,3,,not_collected,
3957810,Beghost,2026-07-08,post_launch_reviews_total,2026-07-12,4,,not_collected,
3957810,Beghost,2026-07-08,post_launch_reviews_total,2026-07-13,5,,not_collected,
3957810,Beghost,2026-07-08,post_launch_reviews_total,2026-07-14,6,,not_collected,
3957810,Beghost,2026-07-08,post_launch_reviews_total,2026-07-15,7,,not_collected,
2895680,"Below, Rusted Gods",2026-07-29,pre_launch_wishlist_rank,2026-07-22,-7,1358,ok,2026-07-22T04:50:32.272Z
2895680,"Below, Rusted Gods",2026-07-29,pre_launch_wishlist_rank,2026-07-23,-6,1312,ok,2026-07-23T04:56:12.842Z
2895680,"Below, Rusted Gods",2026-07-29,pre_launch_wishlist_rank,2026-07-24,-5,1276,ok,2026-07-24T04:51:55.902Z
2895680,"Below, Rusted Gods",2026-07-29,pre_launch_wishlist_rank,2026-07-25,-4,1246,ok,2026-07-25T04:47:58.982Z
2895680,"Below, Rusted Gods",2026-07-29,pre_launch_wishlist_rank,2026-07-26,-3,1210,ok,2026-07-26T05:02:25.100Z
2895680,"Below, Rusted Gods",2026-07-29,pre_launch_wishlist_rank,2026-07-27,-2,1116,ok,2026-07-27T05:28:24.621Z
2895680,"Below, Rusted Gods",2026-07-29,pre_launch_wishlist_rank,2026-07-28,-1,1035,ok,2026-07-28T04:45:52.627Z
2895680,"Below, Rusted Gods",2026-07-29,post_launch_reviews_total,2026-07-29,0,0,ok,2026-07-29T04:50:58.767Z
2895680,"Below, Rusted Gods",2026-07-29,post_launch_reviews_total,2026-07-30,1,,not_collected,
2895680,"Below, Rusted Gods",2026-07-29,post_launch_reviews_total,2026-07-31,2,,not_collected,
2895680,"Below, Rusted Gods",2026-07-29,post_launch_reviews_total,2026-08-01,3,,not_collected,
2895680,"Below, Rusted Gods",2026-07-29,post_launch_reviews_total,2026-08-02,4,,not_collected,
2895680,"Below, Rusted Gods",2026-07-29,post_launch_reviews_total,2026-08-03,5,,not_collected,
2895680,"Below, Rusted Gods",2026-07-29,post_launch_reviews_total,2026-08-04,6,,not_collected,
2895680,"Below, Rusted Gods",2026-07-29,post_launch_reviews_total,2026-08-05,7,,not_collected,
1478500,Big Walk,2026-08-04,pre_launch_wishlist_rank,2026-07-28,-7,46,ok,2026-07-28T04:45:52.627Z
1478500,Big Walk,2026-08-04,pre_launch_wishlist_rank,2026-07-29,-6,45,ok,2026-07-29T04:50:58.767Z
1478500,Big Walk,2026-08-04,pre_launch_wishlist_rank,2026-07-30,-5,43,ok,2026-07-30T04:38:29.620Z
1478500,Big Walk,2026-08-04,pre_launch_wishlist_rank,2026-07-31,-4,43,ok,2026-07-31T05:04:54.532Z
1478500,Big Walk,2026-08-04,pre_launch_wishlist_rank,2026-08-01,-3,42,ok,2026-08-01T04:58:14.130Z
1478500,Big Walk,2026-08-04,pre_launch_wishlist_rank,2026-08-02,-2,40,ok,2026-08-02T04:58:24.052Z
1478500,Big Walk,2026-08-04,pre_launch_wishlist_rank,2026-08-03,-1,39,ok,2026-08-03T05:07:42.912Z
1478500,Big Walk,2026-08-04,post_launch_reviews_total,2026-08-04,0,0,ok,2026-08-04T04:47:02.633Z
1478500,Big Walk,2026-08-04,post_launch_reviews_total,2026-08-05,1,,not_collected,
1478500,Big Walk,2026-08-04,post_launch_reviews_total,2026-08-06,2,,not_collected,
1478500,Big Walk,2026-08-04,post_launch_reviews_total,2026-08-07,3,,not_collected,
1478500,Big Walk,2026-08-04,post_launch_reviews_total,2026-08-08,4,,not_collected,
1478500,Big Walk,2026-08-04,post_launch_reviews_total,2026-08-09,5,,not_collected,
1478500,Big Walk,2026-08-04,post_launch_reviews_total,2026-08-10,6,,not_collected,
1478500,Big Walk,2026-08-04,post_launch_reviews_total,2026-08-11,7,,not_collected,
4421010,Bills Must Be Paid,2026-07-29,pre_launch_wishlist_rank,2026-07-22,-7,1335,ok,2026-07-22T04:50:32.272Z
4421010,Bills Must Be Paid,2026-07-29,pre_launch_wishlist_rank,2026-07-23,-6,1295,ok,2026-07-23T04:56:12.842Z
4421010,Bills Must Be Paid,2026-07-29,pre_launch_wishlist_rank,2026-07-24,-5,1261,ok,2026-07-24T04:51:55.902Z
4421010,Bills Must Be Paid,2026-07-29,pre_launch_wishlist_rank,2026-07-25,-4,1231,ok,2026-07-25T04:47:58.982Z
4421010,Bills Must Be Paid,2026-07-29,pre_launch_wishlist_rank,2026-07-26,-3,1197,ok,2026-07-26T05:02:25.100Z
4421010,Bills Must Be Paid,2026-07-29,pre_launch_wishlist_rank,2026-07-27,-2,1097,ok,2026-07-27T05:28:24.621Z
4421010,Bills Must Be Paid,2026-07-29,pre_launch_wishlist_rank,2026-07-28,-1,1029,ok,2026-07-28T04:45:52.627Z
4421010,Bills Must Be Paid,2026-07-29,post_launch_reviews_total,2026-07-29,0,0,ok,2026-07-29T04:50:58.767Z
4421010,Bills Must Be Paid,2026-07-29,post_launch_reviews_total,2026-07-30,1,,not_collected,
4421010,Bills Must Be Paid,2026-07-29,post_launch_reviews_total,2026-07-31,2,,not_collected,
4421010,Bills Must Be Paid,2026-07-29,post_launch_reviews_total,2026-08-01,3,,not_collected,
4421010,Bills Must Be Paid,2026-07-29,post_launch_reviews_total,2026-08-02,4,,not_collected,
4421010,Bills Must Be Paid,2026-07-29,post_launch_reviews_total,2026-08-03,5,,not_collected,
4421010,Bills Must Be Paid,2026-07-29,post_launch_reviews_total,2026-08-04,6,,not_collected,
4421010,Bills Must Be Paid,2026-07-29,post_launch_reviews_total,2026-08-05,7,,not_collected,
3265840,BioEden,2026-09-03,pre_launch_wishlist_rank,2026-08-27,-7,1312,ok,2026-08-27T11:57:45.810Z
3265840,BioEden,2026-09-03,pre_launch_wishlist_rank,2026-08-28,-6,1289,ok,2026-08-28T13:19:41.332Z
3265840,BioEden,2026-09-03,pre_launch_wishlist_rank,2026-08-29,-5,1275,ok,2026-08-29T08:16:08.181Z
3265840,BioEden,2026-09-03,pre_launch_wishlist_rank,2026-08-30,-4,1255,ok,2026-08-30T07:17:27.365Z
3265840,BioEden,2026-09-03,pre_launch_wishlist_rank,2026-08-31,-3,1206,ok,2026-08-31T07:32:46.352Z
3265840,BioEden,2026-09-03,pre_launch_wishlist_rank,2026-09-01,-2,1176,ok,2026-09-01T06:43:33.167Z
3265840,BioEden,2026-09-03,pre_launch_wishlist_rank,2026-09-02,-1,1145,ok,2026-09-02T06:21:55.398Z
3265840,BioEden,2026-09-03,post_launch_reviews_total,2026-09-03,0,0,ok,2026-09-03T06:24:29.914Z
3265840,BioEden,2026-09-03,post_launch_reviews_total,2026-09-04,1,,not_collected,
3265840,BioEden,2026-09-03,post_launch_reviews_total,2026-09-05,2,,not_collected,
3265840,BioEden,2026-09-03,post_launch_reviews_total,2026-09-06,3,,not_collected,
3265840,BioEden,2026-09-03,post_launch_reviews_total,2026-09-07,4,,not_collected,
3265840,BioEden,2026-09-03,post_launch_reviews_total,2026-09-08,5,,not_collected,
3265840,BioEden,2026-09-03,post_launch_reviews_total,2026-09-09,6,,not_collected,
3265840,BioEden,2026-09-03,post_launch_reviews_total,2026-09-10,7,,not_collected,
4223300,Birds of War,2026-07-21,pre_launch_wishlist_rank,2026-07-14,-7,651,ok,2026-07-14T04:32:48.120Z
4223300,Birds of War,2026-07-21,pre_launch_wishlist_rank,2026-07-15,-6,649,ok,2026-07-15T04:32:45.763Z
4223300,Birds of War,2026-07-21,pre_launch_wishlist_rank,2026-07-16,-5,643,ok,2026-07-16T04:42:31.378Z
4223300,Birds of War,2026-07-21,pre_launch_wishlist_rank,2026-07-17,-4,629,ok,2026-07-17T04:45:39.030Z
4223300,Birds of War,2026-07-21,pre_launch_wishlist_rank,2026-07-18,-3,617,ok,2026-07-18T04:29:54.503Z
4223300,Birds of War,2026-07-21,pre_launch_wishlist_rank,2026-07-19,-2,609,ok,2026-07-19T04:54:49.781Z
4223300,Birds of War,2026-07-21,pre_launch_wishlist_rank,2026-07-20,-1,600,ok,2026-07-20T05:09:45.900Z
4223300,Birds of War,2026-07-21,post_launch_reviews_total,2026-07-21,0,0,ok,2026-07-21T04:50:39.944Z
4223300,Birds of War,2026-07-21,post_launch_reviews_total,2026-07-22,1,,not_collected,
4223300,Birds of War,2026-07-21,post_launch_reviews_total,2026-07-23,2,,not_collected,
4223300,Birds of War,2026-07-21,post_launch_reviews_total,2026-07-24,3,,not_collected,
4223300,Birds of War,2026-07-21,post_launch_reviews_total,2026-07-25,4,,not_collected,
4223300,Birds of War,2026-07-21,post_launch_reviews_total,2026-07-26,5,,not_collected,
4223300,Birds of War,2026-07-21,post_launch_reviews_total,2026-07-27,6,,not_collected,
4223300,Birds of War,2026-07-21,post_launch_reviews_total,2026-07-28,7,,not_collected,
3380380,Bits Of Love: An Otome Game,2026-08-28,pre_launch_wishlist_rank,2026-08-21,-7,,not_in_captured_wishlist_ranking,
3380380,Bits Of Love: An Otome Game,2026-08-28,pre_launch_wishlist_rank,2026-08-22,-6,,not_in_captured_wishlist_ranking,
3380380,Bits Of Love: An Otome Game,2026-08-28,pre_launch_wishlist_rank,2026-08-23,-5,,not_in_captured_wishlist_ranking,
3380380,Bits Of Love: An Otome Game,2026-08-28,pre_launch_wishlist_rank,2026-08-24,-4,,not_in_captured_wishlist_ranking,
3380380,Bits Of Love: An Otome Game,2026-08-28,pre_launch_wishlist_rank,2026-08-25,-3,,not_in_captured_wishlist_ranking,
3380380,Bits Of Love: An Otome Game,2026-08-28,pre_launch_wishlist_rank,2026-08-26,-2,,not_in_captured_wishlist_ranking,
3380380,Bits Of Love: An Otome Game,2026-08-28,pre_launch_wishlist_rank,2026-08-27,-1,,not_in_captured_wishlist_ranking,
3380380,Bits Of Love: An Otome Game,2026-08-28,post_launch_reviews_total,2026-08-28,0,0,ok,2026-08-28T13:19:41.332Z
3380380,Bits Of Love: An Otome Game,2026-08-28,post_launch_reviews_total,2026-08-29,1,,not_collected,
3380380,Bits Of Love: An Otome Game,2026-08-28,post_launch_reviews_total,2026-08-30,2,,not_collected,
3380380,Bits Of Love: An Otome Game,2026-08-28,post_launch_reviews_total,2026-08-31,3,,not_collected,
3380380,Bits Of Love: An Otome Game,2026-08-28,post_launch_reviews_total,2026-09-01,4,,not_collected,
3380380,Bits Of Love: An Otome Game,2026-08-28,post_launch_reviews_total,2026-09-02,5,,not_collected,
3380380,Bits Of Love: An Otome Game,2026-08-28,post_launch_reviews_total,2026-09-03,6,,not_collected,
3380380,Bits Of Love: An Otome Game,2026-08-28,post_launch_reviews_total,2026-09-04,7,,not_collected,
3375490,Block Block Block,2026-08-05,pre_launch_wishlist_rank,2026-07-29,-7,1903,ok,2026-07-29T04:50:58.767Z
3375490,Block Block Block,2026-08-05,pre_launch_wishlist_rank,2026-07-30,-6,1870,ok,2026-07-30T04:38:29.620Z
3375490,Block Block Block,2026-08-05,pre_launch_wishlist_rank,2026-07-31,-5,1841,ok,2026-07-31T05:04:54.532Z
3375490,Block Block Block,2026-08-05,pre_launch_wishlist_rank,2026-08-01,-4,1809,ok,2026-08-01T04:58:14.130Z
3375490,Block Block Block,2026-08-05,pre_launch_wishlist_rank,2026-08-02,-3,1769,ok,2026-08-02T04:58:24.052Z
3375490,Block Block Block,2026-08-05,pre_launch_wishlist_rank,2026-08-03,-2,1706,ok,2026-08-03T05:07:42.912Z
3375490,Block Block Block,2026-08-05,pre_launch_wishlist_rank,2026-08-04,-1,1660,ok,2026-08-04T04:47:02.633Z
3375490,Block Block Block,2026-08-05,post_launch_reviews_total,2026-08-05,0,0,ok,2026-08-05T04:46:35.103Z
3375490,Block Block Block,2026-08-05,post_launch_reviews_total,2026-08-06,1,,not_collected,
3375490,Block Block Block,2026-08-05,post_launch_reviews_total,2026-08-07,2,,not_collected,
3375490,Block Block Block,2026-08-05,post_launch_reviews_total,2026-08-08,3,,not_collected,
3375490,Block Block Block,2026-08-05,post_launch_reviews_total,2026-08-09,4,,not_collected,
3375490,Block Block Block,2026-08-05,post_launch_reviews_total,2026-08-10,5,,not_collected,
3375490,Block Block Block,2026-08-05,post_launch_reviews_total,2026-08-11,6,,not_collected,
3375490,Block Block Block,2026-08-05,post_launch_reviews_total,2026-08-12,7,,not_collected,
2431080,Blood Dungeon,2026-08-25,pre_launch_wishlist_rank,2026-08-18,-7,1547,ok,2026-08-18T02:39:27.140Z
2431080,Blood Dungeon,2026-08-25,pre_launch_wishlist_rank,2026-08-19,-6,1519,ok,2026-08-19T02:42:36.358Z
2431080,Blood Dungeon,2026-08-25,pre_launch_wishlist_rank,2026-08-20,-5,1483,ok,2026-08-20T02:40:42.136Z
2431080,Blood Dungeon,2026-08-25,pre_launch_wishlist_rank,2026-08-21,-4,1455,ok,2026-08-21T02:47:33.763Z
2431080,Blood Dungeon,2026-08-25,pre_launch_wishlist_rank,2026-08-22,-3,1424,ok,2026-08-22T02:38:05.157Z
2431080,Blood Dungeon,2026-08-25,pre_launch_wishlist_rank,2026-08-23,-2,1396,ok,2026-08-23T02:47:54.993Z
2431080,Blood Dungeon,2026-08-25,pre_launch_wishlist_rank,2026-08-24,-1,1340,ok,2026-08-24T02:48:36.097Z
2431080,Blood Dungeon,2026-08-25,post_launch_reviews_total,2026-08-25,0,0,ok,2026-08-25T02:42:46.392Z
2431080,Blood Dungeon,2026-08-25,post_launch_reviews_total,2026-08-26,1,,not_collected,
2431080,Blood Dungeon,2026-08-25,post_launch_reviews_total,2026-08-27,2,,not_collected,
2431080,Blood Dungeon,2026-08-25,post_launch_reviews_total,2026-08-28,3,,not_collected,
2431080,Blood Dungeon,2026-08-25,post_launch_reviews_total,2026-08-29,4,,not_collected,
2431080,Blood Dungeon,2026-08-25,post_launch_reviews_total,2026-08-30,5,,not_collected,
2431080,Blood Dungeon,2026-08-25,post_launch_reviews_total,2026-08-31,6,,not_collected,
2431080,Blood Dungeon,2026-08-25,post_launch_reviews_total,2026-09-01,7,,not_collected,
3825390,BLUE REFLECTION Quartet,2026-07-29,pre_launch_wishlist_rank,2026-07-22,-7,1133,ok,2026-07-22T04:50:32.272Z
3825390,BLUE REFLECTION Quartet,2026-07-29,pre_launch_wishlist_rank,2026-07-23,-6,1112,ok,2026-07-23T04:56:12.842Z
3825390,BLUE REFLECTION Quartet,2026-07-29,pre_launch_wishlist_rank,2026-07-24,-5,1066,ok,2026-07-24T04:51:55.902Z
3825390,BLUE REFLECTION Quartet,2026-07-29,pre_launch_wishlist_rank,2026-07-25,-4,1045,ok,2026-07-25T04:47:58.982Z
3825390,BLUE REFLECTION Quartet,2026-07-29,pre_launch_wishlist_rank,2026-07-26,-3,1023,ok,2026-07-26T05:02:25.100Z
3825390,BLUE REFLECTION Quartet,2026-07-29,pre_launch_wishlist_rank,2026-07-27,-2,993,ok,2026-07-27T05:28:24.621Z
3825390,BLUE REFLECTION Quartet,2026-07-29,pre_launch_wishlist_rank,2026-07-28,-1,959,ok,2026-07-28T04:45:52.627Z
3825390,BLUE REFLECTION Quartet,2026-07-29,post_launch_reviews_total,2026-07-29,0,0,ok,2026-07-29T04:50:58.767Z
3825390,BLUE REFLECTION Quartet,2026-07-29,post_launch_reviews_total,2026-07-30,1,,not_collected,
3825390,BLUE REFLECTION Quartet,2026-07-29,post_launch_reviews_total,2026-07-31,2,,not_collected,
3825390,BLUE REFLECTION Quartet,2026-07-29,post_launch_reviews_total,2026-08-01,3,,not_collected,
3825390,BLUE REFLECTION Quartet,2026-07-29,post_launch_reviews_total,2026-08-02,4,,not_collected,
3825390,BLUE REFLECTION Quartet,2026-07-29,post_launch_reviews_total,2026-08-03,5,,not_collected,
3825390,BLUE REFLECTION Quartet,2026-07-29,post_launch_reviews_total,2026-08-04,6,,not_collected,
3825390,BLUE REFLECTION Quartet,2026-07-29,post_launch_reviews_total,2026-08-05,7,,not_collected,
3683770,Boba Cafe Simulator,2026-07-24,pre_launch_wishlist_rank,2026-07-17,-7,954,ok,2026-07-17T04:45:39.030Z
3683770,Boba Cafe Simulator,2026-07-24,pre_launch_wishlist_rank,2026-07-18,-6,941,ok,2026-07-18T04:29:54.503Z
3683770,Boba Cafe Simulator,2026-07-24,pre_launch_wishlist_rank,2026-07-19,-5,931,ok,2026-07-19T04:54:49.781Z
3683770,Boba Cafe Simulator,2026-07-24,pre_launch_wishlist_rank,2026-07-20,-4,914,ok,2026-07-20T05:09:45.900Z
3683770,Boba Cafe Simulator,2026-07-24,pre_launch_wishlist_rank,2026-07-21,-3,897,ok,2026-07-21T04:50:39.944Z
3683770,Boba Cafe Simulator,2026-07-24,pre_launch_wishlist_rank,2026-07-22,-2,874,ok,2026-07-22T04:50:32.272Z
3683770,Boba Cafe Simulator,2026-07-24,pre_launch_wishlist_rank,2026-07-23,-1,851,ok,2026-07-23T04:56:12.842Z
3683770,Boba Cafe Simulator,2026-07-24,post_launch_reviews_total,2026-07-24,0,0,ok,2026-07-24T04:51:55.902Z
3683770,Boba Cafe Simulator,2026-07-24,post_launch_reviews_total,2026-07-25,1,,not_collected,
3683770,Boba Cafe Simulator,2026-07-24,post_launch_reviews_total,2026-07-26,2,,not_collected,
3683770,Boba Cafe Simulator,2026-07-24,post_launch_reviews_total,2026-07-27,3,,not_collected,
3683770,Boba Cafe Simulator,2026-07-24,post_launch_reviews_total,2026-07-28,4,,not_collected,
3683770,Boba Cafe Simulator,2026-07-24,post_launch_reviews_total,2026-07-29,5,,not_collected,
3683770,Boba Cafe Simulator,2026-07-24,post_launch_reviews_total,2026-07-30,6,,not_collected,
3683770,Boba Cafe Simulator,2026-07-24,post_launch_reviews_total,2026-07-31,7,,not_collected,
4656000,BOMBANANA!,2026-09-02,pre_launch_wishlist_rank,2026-08-26,-7,39,ok,2026-08-26T02:50:15.789Z
4656000,BOMBANANA!,2026-09-02,pre_launch_wishlist_rank,2026-08-27,-6,39,ok,2026-08-27T11:57:45.810Z
4656000,BOMBANANA!,2026-09-02,pre_launch_wishlist_rank,2026-08-28,-5,36,ok,2026-08-28T13:19:41.332Z
4656000,BOMBANANA!,2026-09-02,pre_launch_wishlist_rank,2026-08-29,-4,36,ok,2026-08-29T08:16:08.181Z
4656000,BOMBANANA!,2026-09-02,pre_launch_wishlist_rank,2026-08-30,-3,36,ok,2026-08-30T07:17:27.365Z
4656000,BOMBANANA!,2026-09-02,pre_launch_wishlist_rank,2026-08-31,-2,36,ok,2026-08-31T07:32:46.352Z
4656000,BOMBANANA!,2026-09-02,pre_launch_wishlist_rank,2026-09-01,-1,35,ok,2026-09-01T06:43:33.167Z
4656000,BOMBANANA!,2026-09-02,post_launch_reviews_total,2026-09-02,0,0,ok,2026-09-02T06:21:55.398Z
4656000,BOMBANANA!,2026-09-02,post_launch_reviews_total,2026-09-03,1,,not_collected,
4656000,BOMBANANA!,2026-09-02,post_launch_reviews_total,2026-09-04,2,,not_collected,
4656000,BOMBANANA!,2026-09-02,post_launch_reviews_total,2026-09-05,3,,not_collected,
4656000,BOMBANANA!,2026-09-02,post_launch_reviews_total,2026-09-06,4,,not_collected,
4656000,BOMBANANA!,2026-09-02,post_launch_reviews_total,2026-09-07,5,,not_collected,
4656000,BOMBANANA!,2026-09-02,post_launch_reviews_total,2026-09-08,6,,not_collected,
4656000,BOMBANANA!,2026-09-02,post_launch_reviews_total,2026-09-09,7,,not_collected,
3497800,Bonehold,2026-07-28,pre_launch_wishlist_rank,2026-07-21,-7,,not_in_captured_wishlist_ranking,
3497800,Bonehold,2026-07-28,pre_launch_wishlist_rank,2026-07-22,-6,,not_in_captured_wishlist_ranking,
3497800,Bonehold,2026-07-28,pre_launch_wishlist_rank,2026-07-23,-5,,not_in_captured_wishlist_ranking,
3497800,Bonehold,2026-07-28,pre_launch_wishlist_rank,2026-07-24,-4,,not_in_captured_wishlist_ranking,
3497800,Bonehold,2026-07-28,pre_launch_wishlist_rank,2026-07-25,-3,,not_in_captured_wishlist_ranking,
3497800,Bonehold,2026-07-28,pre_launch_wishlist_rank,2026-07-26,-2,,not_in_captured_wishlist_ranking,
3497800,Bonehold,2026-07-28,pre_launch_wishlist_rank,2026-07-27,-1,,not_in_captured_wishlist_ranking,
3497800,Bonehold,2026-07-28,post_launch_reviews_total,2026-07-28,0,0,ok,2026-07-28T04:45:52.627Z
3497800,Bonehold,2026-07-28,post_launch_reviews_total,2026-07-29,1,,not_collected,
3497800,Bonehold,2026-07-28,post_launch_reviews_total,2026-07-30,2,,not_collected,
3497800,Bonehold,2026-07-28,post_launch_reviews_total,2026-07-31,3,,not_collected,
3497800,Bonehold,2026-07-28,post_launch_reviews_total,2026-08-01,4,,not_collected,
3497800,Bonehold,2026-07-28,post_launch_reviews_total,2026-08-02,5,,not_collected,
3497800,Bonehold,2026-07-28,post_launch_reviews_total,2026-08-03,6,,not_collected,
3497800,Bonehold,2026-07-28,post_launch_reviews_total,2026-08-04,7,,not_collected,
3555780,Bookbinding – Dark Cozy Sim,2026-07-24,pre_launch_wishlist_rank,2026-07-17,-7,1055,ok,2026-07-17T04:45:39.030Z
3555780,Bookbinding – Dark Cozy Sim,2026-07-24,pre_launch_wishlist_rank,2026-07-18,-6,1032,ok,2026-07-18T04:29:54.503Z
3555780,Bookbinding – Dark Cozy Sim,2026-07-24,pre_launch_wishlist_rank,2026-07-19,-5,1017,ok,2026-07-19T04:54:49.781Z
3555780,Bookbinding – Dark Cozy Sim,2026-07-24,pre_launch_wishlist_rank,2026-07-20,-4,969,ok,2026-07-20T05:09:45.900Z
3555780,Bookbinding – Dark Cozy Sim,2026-07-24,pre_launch_wishlist_rank,2026-07-21,-3,932,ok,2026-07-21T04:50:39.944Z
3555780,Bookbinding – Dark Cozy Sim,2026-07-24,pre_launch_wishlist_rank,2026-07-22,-2,899,ok,2026-07-22T04:50:32.272Z
3555780,Bookbinding – Dark Cozy Sim,2026-07-24,pre_launch_wishlist_rank,2026-07-23,-1,863,ok,2026-07-23T04:56:12.842Z
3555780,Bookbinding – Dark Cozy Sim,2026-07-24,post_launch_reviews_total,2026-07-24,0,0,ok,2026-07-24T04:51:55.902Z
3555780,Bookbinding – Dark Cozy Sim,2026-07-24,post_launch_reviews_total,2026-07-25,1,,not_collected,
3555780,Bookbinding – Dark Cozy Sim,2026-07-24,post_launch_reviews_total,2026-07-26,2,,not_collected,
3555780,Bookbinding – Dark Cozy Sim,2026-07-24,post_launch_reviews_total,2026-07-27,3,,not_collected,
3555780,Bookbinding – Dark Cozy Sim,2026-07-24,post_launch_reviews_total,2026-07-28,4,,not_collected,
3555780,Bookbinding – Dark Cozy Sim,2026-07-24,post_launch_reviews_total,2026-07-29,5,,not_collected,
3555780,Bookbinding – Dark Cozy Sim,2026-07-24,post_launch_reviews_total,2026-07-30,6,,not_collected,
3555780,Bookbinding – Dark Cozy Sim,2026-07-24,post_launch_reviews_total,2026-07-31,7,,not_collected,
4853710,Borrow or Rob,2026-07-09,pre_launch_wishlist_rank,2026-07-02,-7,,not_collected,
4853710,Borrow or Rob,2026-07-09,pre_launch_wishlist_rank,2026-07-03,-6,,not_in_captured_wishlist_ranking,
4853710,Borrow or Rob,2026-07-09,pre_launch_wishlist_rank,2026-07-04,-5,,not_in_captured_wishlist_ranking,
4853710,Borrow or Rob,2026-07-09,pre_launch_wishlist_rank,2026-07-05,-4,,not_in_captured_wishlist_ranking,
4853710,Borrow or Rob,2026-07-09,pre_launch_wishlist_rank,2026-07-06,-3,,not_in_captured_wishlist_ranking,
4853710,Borrow or Rob,2026-07-09,pre_launch_wishlist_rank,2026-07-07,-2,,not_in_captured_wishlist_ranking,
4853710,Borrow or Rob,2026-07-09,pre_launch_wishlist_rank,2026-07-08,-1,,not_in_captured_wishlist_ranking,
4853710,Borrow or Rob,2026-07-09,post_launch_reviews_total,2026-07-09,0,,not_collected,
4853710,Borrow or Rob,2026-07-09,post_launch_reviews_total,2026-07-10,1,0,ok,2026-07-10T05:43:57.377Z
4853710,Borrow or Rob,2026-07-09,post_launch_reviews_total,2026-07-11,2,,not_collected,
4853710,Borrow or Rob,2026-07-09,post_launch_reviews_total,2026-07-12,3,,not_collected,
4853710,Borrow or Rob,2026-07-09,post_launch_reviews_total,2026-07-13,4,,not_collected,
4853710,Borrow or Rob,2026-07-09,post_launch_reviews_total,2026-07-14,5,,not_collected,
4853710,Borrow or Rob,2026-07-09,post_launch_reviews_total,2026-07-15,6,,not_collected,
4853710,Borrow or Rob,2026-07-09,post_launch_reviews_total,2026-07-16,7,,not_collected,
2913190,Bravest Coconut,2026-07-10,pre_launch_wishlist_rank,2026-07-03,-7,,not_in_captured_wishlist_ranking,
2913190,Bravest Coconut,2026-07-10,pre_launch_wishlist_rank,2026-07-04,-6,,not_in_captured_wishlist_ranking,
2913190,Bravest Coconut,2026-07-10,pre_launch_wishlist_rank,2026-07-05,-5,,not_in_captured_wishlist_ranking,
2913190,Bravest Coconut,2026-07-10,pre_launch_wishlist_rank,2026-07-06,-4,,not_in_captured_wishlist_ranking,
2913190,Bravest Coconut,2026-07-10,pre_launch_wishlist_rank,2026-07-07,-3,,not_in_captured_wishlist_ranking,
2913190,Bravest Coconut,2026-07-10,pre_launch_wishlist_rank,2026-07-08,-2,,not_in_captured_wishlist_ranking,
2913190,Bravest Coconut,2026-07-10,pre_launch_wishlist_rank,2026-07-09,-1,,not_in_captured_wishlist_ranking,
2913190,Bravest Coconut,2026-07-10,post_launch_reviews_total,2026-07-10,0,0,ok,2026-07-10T05:43:57.377Z
2913190,Bravest Coconut,2026-07-10,post_launch_reviews_total,2026-07-11,1,,not_collected,
2913190,Bravest Coconut,2026-07-10,post_launch_reviews_total,2026-07-12,2,,not_collected,
2913190,Bravest Coconut,2026-07-10,post_launch_reviews_total,2026-07-13,3,,not_collected,
2913190,Bravest Coconut,2026-07-10,post_launch_reviews_total,2026-07-14,4,,not_collected,
2913190,Bravest Coconut,2026-07-10,post_launch_reviews_total,2026-07-15,5,,not_collected,
2913190,Bravest Coconut,2026-07-10,post_launch_reviews_total,2026-07-16,6,,not_collected,
2913190,Bravest Coconut,2026-07-10,post_launch_reviews_total,2026-07-17,7,,not_collected,
2412960,Breathedge 2,2026-08-31,pre_launch_wishlist_rank,2026-08-24,-7,113,ok,2026-08-24T02:48:36.097Z
2412960,Breathedge 2,2026-08-31,pre_launch_wishlist_rank,2026-08-25,-6,113,ok,2026-08-25T02:42:46.392Z
2412960,Breathedge 2,2026-08-31,pre_launch_wishlist_rank,2026-08-26,-5,113,ok,2026-08-26T02:50:15.789Z
2412960,Breathedge 2,2026-08-31,pre_launch_wishlist_rank,2026-08-27,-4,115,ok,2026-08-27T11:57:45.810Z
2412960,Breathedge 2,2026-08-31,pre_launch_wishlist_rank,2026-08-28,-3,113,ok,2026-08-28T13:19:41.332Z
2412960,Breathedge 2,2026-08-31,pre_launch_wishlist_rank,2026-08-29,-2,110,ok,2026-08-29T08:16:08.181Z
2412960,Breathedge 2,2026-08-31,pre_launch_wishlist_rank,2026-08-30,-1,109,ok,2026-08-30T07:17:27.365Z
2412960,Breathedge 2,2026-08-31,post_launch_reviews_total,2026-08-31,0,0,ok,2026-08-31T07:32:46.352Z
2412960,Breathedge 2,2026-08-31,post_launch_reviews_total,2026-09-01,1,,not_collected,
2412960,Breathedge 2,2026-08-31,post_launch_reviews_total,2026-09-02,2,,not_collected,
2412960,Breathedge 2,2026-08-31,post_launch_reviews_total,2026-09-03,3,,not_collected,
2412960,Breathedge 2,2026-08-31,post_launch_reviews_total,2026-09-04,4,,not_collected,
2412960,Breathedge 2,2026-08-31,post_launch_reviews_total,2026-09-05,5,,not_collected,
2412960,Breathedge 2,2026-08-31,post_launch_reviews_total,2026-09-06,6,,not_collected,
2412960,Breathedge 2,2026-08-31,post_launch_reviews_total,2026-09-07,7,,not_collected,
903930,Brigador Killers,2026-08-20,pre_launch_wishlist_rank,2026-08-13,-7,521,ok,2026-08-13T03:51:51.678Z
903930,Brigador Killers,2026-08-20,pre_launch_wishlist_rank,2026-08-14,-6,510,ok,2026-08-14T03:41:13.555Z
903930,Brigador Killers,2026-08-20,pre_launch_wishlist_rank,2026-08-15,-5,507,ok,2026-08-15T02:36:13.648Z
903930,Brigador Killers,2026-08-20,pre_launch_wishlist_rank,2026-08-16,-4,505,ok,2026-08-16T02:45:28.861Z
903930,Brigador Killers,2026-08-20,pre_launch_wishlist_rank,2026-08-17,-3,494,ok,2026-08-17T02:45:10.258Z
903930,Brigador Killers,2026-08-20,pre_launch_wishlist_rank,2026-08-18,-2,483,ok,2026-08-18T02:39:27.140Z
903930,Brigador Killers,2026-08-20,pre_launch_wishlist_rank,2026-08-19,-1,469,ok,2026-08-19T02:42:36.358Z
903930,Brigador Killers,2026-08-20,post_launch_reviews_total,2026-08-20,0,0,ok,2026-08-20T02:40:42.136Z
903930,Brigador Killers,2026-08-20,post_launch_reviews_total,2026-08-21,1,,not_collected,
903930,Brigador Killers,2026-08-20,post_launch_reviews_total,2026-08-22,2,,not_collected,
903930,Brigador Killers,2026-08-20,post_launch_reviews_total,2026-08-23,3,,not_collected,
903930,Brigador Killers,2026-08-20,post_launch_reviews_total,2026-08-24,4,,not_collected,
903930,Brigador Killers,2026-08-20,post_launch_reviews_total,2026-08-25,5,,not_collected,
903930,Brigador Killers,2026-08-20,post_launch_reviews_total,2026-08-26,6,,not_collected,
903930,Brigador Killers,2026-08-20,post_launch_reviews_total,2026-08-27,7,,not_collected,
3211430,BRIGANDINE ABYSS,2026-08-26,pre_launch_wishlist_rank,2026-08-19,-7,576,ok,2026-08-19T02:42:36.358Z
3211430,BRIGANDINE ABYSS,2026-08-26,pre_launch_wishlist_rank,2026-08-20,-6,562,ok,2026-08-20T02:40:42.136Z
3211430,BRIGANDINE ABYSS,2026-08-26,pre_launch_wishlist_rank,2026-08-21,-5,543,ok,2026-08-21T02:47:33.763Z
3211430,BRIGANDINE ABYSS,2026-08-26,pre_launch_wishlist_rank,2026-08-22,-4,533,ok,2026-08-22T02:38:05.157Z
3211430,BRIGANDINE ABYSS,2026-08-26,pre_launch_wishlist_rank,2026-08-23,-3,520,ok,2026-08-23T02:47:54.993Z
3211430,BRIGANDINE ABYSS,2026-08-26,pre_launch_wishlist_rank,2026-08-24,-2,506,ok,2026-08-24T02:48:36.097Z
3211430,BRIGANDINE ABYSS,2026-08-26,pre_launch_wishlist_rank,2026-08-25,-1,485,ok,2026-08-25T02:42:46.392Z
3211430,BRIGANDINE ABYSS,2026-08-26,post_launch_reviews_total,2026-08-26,0,0,ok,2026-08-26T02:50:15.789Z
3211430,BRIGANDINE ABYSS,2026-08-26,post_launch_reviews_total,2026-08-27,1,,not_collected,
3211430,BRIGANDINE ABYSS,2026-08-26,post_launch_reviews_total,2026-08-28,2,,not_collected,
3211430,BRIGANDINE ABYSS,2026-08-26,post_launch_reviews_total,2026-08-29,3,,not_collected,
3211430,BRIGANDINE ABYSS,2026-08-26,post_launch_reviews_total,2026-08-30,4,,not_collected,
3211430,BRIGANDINE ABYSS,2026-08-26,post_launch_reviews_total,2026-08-31,5,,not_collected,
3211430,BRIGANDINE ABYSS,2026-08-26,post_launch_reviews_total,2026-09-01,6,,not_collected,
3211430,BRIGANDINE ABYSS,2026-08-26,post_launch_reviews_total,2026-09-02,7,,not_collected,
4232510,Broken Arrow: Russian Guard,2026-08-31,pre_launch_wishlist_rank,2026-08-24,-7,1777,ok,2026-08-24T02:48:36.097Z
4232510,Broken Arrow: Russian Guard,2026-08-31,pre_launch_wishlist_rank,2026-08-25,-6,1766,ok,2026-08-25T02:42:46.392Z
4232510,Broken Arrow: Russian Guard,2026-08-31,pre_launch_wishlist_rank,2026-08-26,-5,1769,ok,2026-08-26T02:50:15.789Z
4232510,Broken Arrow: Russian Guard,2026-08-31,pre_launch_wishlist_rank,2026-08-27,-4,1757,ok,2026-08-27T11:57:45.810Z
4232510,Broken Arrow: Russian Guard,2026-08-31,pre_launch_wishlist_rank,2026-08-28,-3,1719,ok,2026-08-28T13:19:41.332Z
4232510,Broken Arrow: Russian Guard,2026-08-31,pre_launch_wishlist_rank,2026-08-29,-2,1668,ok,2026-08-29T08:16:08.181Z
4232510,Broken Arrow: Russian Guard,2026-08-31,pre_launch_wishlist_rank,2026-08-30,-1,1609,ok,2026-08-30T07:17:27.365Z
4232510,Broken Arrow: Russian Guard,2026-08-31,post_launch_reviews_total,2026-08-31,0,0,ok,2026-08-31T07:32:46.352Z
4232510,Broken Arrow: Russian Guard,2026-08-31,post_launch_reviews_total,2026-09-01,1,,not_collected,
4232510,Broken Arrow: Russian Guard,2026-08-31,post_launch_reviews_total,2026-09-02,2,,not_collected,
4232510,Broken Arrow: Russian Guard,2026-08-31,post_launch_reviews_total,2026-09-03,3,,not_collected,
4232510,Broken Arrow: Russian Guard,2026-08-31,post_launch_reviews_total,2026-09-04,4,,not_collected,
4232510,Broken Arrow: Russian Guard,2026-08-31,post_launch_reviews_total,2026-09-05,5,,not_collected,
4232510,Broken Arrow: Russian Guard,2026-08-31,post_launch_reviews_total,2026-09-06,6,,not_collected,
4232510,Broken Arrow: Russian Guard,2026-08-31,post_launch_reviews_total,2026-09-07,7,,not_collected,
2133850,Broken Reality 2000,2026-07-27,pre_launch_wishlist_rank,2026-07-20,-7,1795,ok,2026-07-20T05:09:45.900Z
2133850,Broken Reality 2000,2026-07-27,pre_launch_wishlist_rank,2026-07-21,-6,1757,ok,2026-07-21T04:50:39.944Z
2133850,Broken Reality 2000,2026-07-27,pre_launch_wishlist_rank,2026-07-22,-5,1715,ok,2026-07-22T04:50:32.272Z
2133850,Broken Reality 2000,2026-07-27,pre_launch_wishlist_rank,2026-07-23,-4,1669,ok,2026-07-23T04:56:12.842Z
2133850,Broken Reality 2000,2026-07-27,pre_launch_wishlist_rank,2026-07-24,-3,1618,ok,2026-07-24T04:51:55.902Z
2133850,Broken Reality 2000,2026-07-27,pre_launch_wishlist_rank,2026-07-25,-2,1577,ok,2026-07-25T04:47:58.982Z
2133850,Broken Reality 2000,2026-07-27,pre_launch_wishlist_rank,2026-07-26,-1,1545,ok,2026-07-26T05:02:25.100Z
2133850,Broken Reality 2000,2026-07-27,post_launch_reviews_total,2026-07-27,0,0,ok,2026-07-27T05:28:24.621Z
2133850,Broken Reality 2000,2026-07-27,post_launch_reviews_total,2026-07-28,1,,not_collected,
2133850,Broken Reality 2000,2026-07-27,post_launch_reviews_total,2026-07-29,2,,not_collected,
2133850,Broken Reality 2000,2026-07-27,post_launch_reviews_total,2026-07-30,3,,not_collected,
2133850,Broken Reality 2000,2026-07-27,post_launch_reviews_total,2026-07-31,4,,not_collected,
2133850,Broken Reality 2000,2026-07-27,post_launch_reviews_total,2026-08-01,5,,not_collected,
2133850,Broken Reality 2000,2026-07-27,post_launch_reviews_total,2026-08-02,6,,not_collected,
2133850,Broken Reality 2000,2026-07-27,post_launch_reviews_total,2026-08-03,7,,not_collected,
4876950,Bunker Buster,2026-07-07,pre_launch_wishlist_rank,2026-06-30,-7,,not_collected,
4876950,Bunker Buster,2026-07-07,pre_launch_wishlist_rank,2026-07-01,-6,,not_collected,
4876950,Bunker Buster,2026-07-07,pre_launch_wishlist_rank,2026-07-02,-5,,not_collected,
4876950,Bunker Buster,2026-07-07,pre_launch_wishlist_rank,2026-07-03,-4,,not_in_captured_wishlist_ranking,
4876950,Bunker Buster,2026-07-07,pre_launch_wishlist_rank,2026-07-04,-3,,not_in_captured_wishlist_ranking,
4876950,Bunker Buster,2026-07-07,pre_launch_wishlist_rank,2026-07-05,-2,,not_in_captured_wishlist_ranking,
4876950,Bunker Buster,2026-07-07,pre_launch_wishlist_rank,2026-07-06,-1,,not_in_captured_wishlist_ranking,
4876950,Bunker Buster,2026-07-07,post_launch_reviews_total,2026-07-07,0,0,ok,2026-07-07T05:48:04.813Z
4876950,Bunker Buster,2026-07-07,post_launch_reviews_total,2026-07-08,1,,not_collected,
4876950,Bunker Buster,2026-07-07,post_launch_reviews_total,2026-07-09,2,,not_collected,
4876950,Bunker Buster,2026-07-07,post_launch_reviews_total,2026-07-10,3,,not_collected,
4876950,Bunker Buster,2026-07-07,post_launch_reviews_total,2026-07-11,4,,not_collected,
4876950,Bunker Buster,2026-07-07,post_launch_reviews_total,2026-07-12,5,,not_collected,
4876950,Bunker Buster,2026-07-07,post_launch_reviews_total,2026-07-13,6,,not_collected,
4876950,Bunker Buster,2026-07-07,post_launch_reviews_total,2026-07-14,7,,not_collected,
3985330,BURNED HORIZONS,2026-08-24,pre_launch_wishlist_rank,2026-08-17,-7,1502,ok,2026-08-17T02:45:10.258Z
3985330,BURNED HORIZONS,2026-08-24,pre_launch_wishlist_rank,2026-08-18,-6,1494,ok,2026-08-18T02:39:27.140Z
3985330,BURNED HORIZONS,2026-08-24,pre_launch_wishlist_rank,2026-08-19,-5,1491,ok,2026-08-19T02:42:36.358Z
3985330,BURNED HORIZONS,2026-08-24,pre_launch_wishlist_rank,2026-08-20,-4,1490,ok,2026-08-20T02:40:42.136Z
3985330,BURNED HORIZONS,2026-08-24,pre_launch_wishlist_rank,2026-08-21,-3,1478,ok,2026-08-21T02:47:33.763Z
3985330,BURNED HORIZONS,2026-08-24,pre_launch_wishlist_rank,2026-08-22,-2,1471,ok,2026-08-22T02:38:05.157Z
3985330,BURNED HORIZONS,2026-08-24,pre_launch_wishlist_rank,2026-08-23,-1,1475,ok,2026-08-23T02:47:54.993Z
3985330,BURNED HORIZONS,2026-08-24,post_launch_reviews_total,2026-08-24,0,0,ok,2026-08-24T02:48:36.097Z
3985330,BURNED HORIZONS,2026-08-24,post_launch_reviews_total,2026-08-25,1,,not_collected,
3985330,BURNED HORIZONS,2026-08-24,post_launch_reviews_total,2026-08-26,2,,not_collected,
3985330,BURNED HORIZONS,2026-08-24,post_launch_reviews_total,2026-08-27,3,,not_collected,
3985330,BURNED HORIZONS,2026-08-24,post_launch_reviews_total,2026-08-28,4,,not_collected,
3985330,BURNED HORIZONS,2026-08-24,post_launch_reviews_total,2026-08-29,5,,not_collected,
3985330,BURNED HORIZONS,2026-08-24,post_launch_reviews_total,2026-08-30,6,,not_collected,
3985330,BURNED HORIZONS,2026-08-24,post_launch_reviews_total,2026-08-31,7,,not_collected,
4435490,Call of Duty®: Modern Warfare® 4,2026-10-22,pre_launch_wishlist_rank,2026-10-15,-7,,not_collected,
4435490,Call of Duty®: Modern Warfare® 4,2026-10-22,pre_launch_wishlist_rank,2026-10-16,-6,,not_collected,
4435490,Call of Duty®: Modern Warfare® 4,2026-10-22,pre_launch_wishlist_rank,2026-10-17,-5,,not_collected,
4435490,Call of Duty®: Modern Warfare® 4,2026-10-22,pre_launch_wishlist_rank,2026-10-18,-4,,not_collected,
4435490,Call of Duty®: Modern Warfare® 4,2026-10-22,pre_launch_wishlist_rank,2026-10-19,-3,,not_collected,
4435490,Call of Duty®: Modern Warfare® 4,2026-10-22,pre_launch_wishlist_rank,2026-10-20,-2,,not_collected,
4435490,Call of Duty®: Modern Warfare® 4,2026-10-22,pre_launch_wishlist_rank,2026-10-21,-1,,not_collected,
4435490,Call of Duty®: Modern Warfare® 4,2026-10-22,post_launch_reviews_total,2026-10-22,0,,not_collected,
4435490,Call of Duty®: Modern Warfare® 4,2026-10-22,post_launch_reviews_total,2026-10-23,1,,not_collected,
4435490,Call of Duty®: Modern Warfare® 4,2026-10-22,post_launch_reviews_total,2026-10-24,2,,not_collected,
4435490,Call of Duty®: Modern Warfare® 4,2026-10-22,post_launch_reviews_total,2026-10-25,3,,not_collected,
4435490,Call of Duty®: Modern Warfare® 4,2026-10-22,post_launch_reviews_total,2026-10-26,4,,not_collected,
4435490,Call of Duty®: Modern Warfare® 4,2026-10-22,post_launch_reviews_total,2026-10-27,5,,not_collected,
4435490,Call of Duty®: Modern Warfare® 4,2026-10-22,post_launch_reviews_total,2026-10-28,6,,not_collected,
4435490,Call of Duty®: Modern Warfare® 4,2026-10-22,post_launch_reviews_total,2026-10-29,7,,not_collected,
4783780,Call of Duty®: Modern Warfare® 4 - Beta,2026-08-21,pre_launch_wishlist_rank,2026-08-14,-7,,not_in_captured_wishlist_ranking,
4783780,Call of Duty®: Modern Warfare® 4 - Beta,2026-08-21,pre_launch_wishlist_rank,2026-08-15,-6,,not_in_captured_wishlist_ranking,
4783780,Call of Duty®: Modern Warfare® 4 - Beta,2026-08-21,pre_launch_wishlist_rank,2026-08-16,-5,,not_in_captured_wishlist_ranking,
4783780,Call of Duty®: Modern Warfare® 4 - Beta,2026-08-21,pre_launch_wishlist_rank,2026-08-17,-4,,not_in_captured_wishlist_ranking,
4783780,Call of Duty®: Modern Warfare® 4 - Beta,2026-08-21,pre_launch_wishlist_rank,2026-08-18,-3,,not_in_captured_wishlist_ranking,
4783780,Call of Duty®: Modern Warfare® 4 - Beta,2026-08-21,pre_launch_wishlist_rank,2026-08-19,-2,,not_in_captured_wishlist_ranking,
4783780,Call of Duty®: Modern Warfare® 4 - Beta,2026-08-21,pre_launch_wishlist_rank,2026-08-20,-1,,not_in_captured_wishlist_ranking,
4783780,Call of Duty®: Modern Warfare® 4 - Beta,2026-08-21,post_launch_reviews_total,2026-08-21,0,0,ok,2026-08-21T02:47:33.763Z
4783780,Call of Duty®: Modern Warfare® 4 - Beta,2026-08-21,post_launch_reviews_total,2026-08-22,1,,not_collected,
4783780,Call of Duty®: Modern Warfare® 4 - Beta,2026-08-21,post_launch_reviews_total,2026-08-23,2,,not_collected,
4783780,Call of Duty®: Modern Warfare® 4 - Beta,2026-08-21,post_launch_reviews_total,2026-08-24,3,,not_collected,
4783780,Call of Duty®: Modern Warfare® 4 - Beta,2026-08-21,post_launch_reviews_total,2026-08-25,4,,not_collected,
4783780,Call of Duty®: Modern Warfare® 4 - Beta,2026-08-21,post_launch_reviews_total,2026-08-26,5,,not_collected,
4783780,Call of Duty®: Modern Warfare® 4 - Beta,2026-08-21,post_launch_reviews_total,2026-08-27,6,,not_collected,
4783780,Call of Duty®: Modern Warfare® 4 - Beta,2026-08-21,post_launch_reviews_total,2026-08-28,7,,not_collected,
2172910,CAPTAIN TSUBASA 2: WORLD FIGHTERS,2026-08-27,pre_launch_wishlist_rank,2026-08-20,-7,1268,ok,2026-08-20T02:40:42.136Z
2172910,CAPTAIN TSUBASA 2: WORLD FIGHTERS,2026-08-27,pre_launch_wishlist_rank,2026-08-21,-6,1256,ok,2026-08-21T02:47:33.763Z
2172910,CAPTAIN TSUBASA 2: WORLD FIGHTERS,2026-08-27,pre_launch_wishlist_rank,2026-08-22,-5,1248,ok,2026-08-22T02:38:05.157Z
2172910,CAPTAIN TSUBASA 2: WORLD FIGHTERS,2026-08-27,pre_launch_wishlist_rank,2026-08-23,-4,1243,ok,2026-08-23T02:47:54.993Z
2172910,CAPTAIN TSUBASA 2: WORLD FIGHTERS,2026-08-27,pre_launch_wishlist_rank,2026-08-24,-3,1234,ok,2026-08-24T02:48:36.097Z
2172910,CAPTAIN TSUBASA 2: WORLD FIGHTERS,2026-08-27,pre_launch_wishlist_rank,2026-08-25,-2,1221,ok,2026-08-25T02:42:46.392Z
2172910,CAPTAIN TSUBASA 2: WORLD FIGHTERS,2026-08-27,pre_launch_wishlist_rank,2026-08-26,-1,1215,ok,2026-08-26T02:50:15.789Z
2172910,CAPTAIN TSUBASA 2: WORLD FIGHTERS,2026-08-27,post_launch_reviews_total,2026-08-27,0,0,ok,2026-08-27T11:57:45.810Z
2172910,CAPTAIN TSUBASA 2: WORLD FIGHTERS,2026-08-27,post_launch_reviews_total,2026-08-28,1,,not_collected,
2172910,CAPTAIN TSUBASA 2: WORLD FIGHTERS,2026-08-27,post_launch_reviews_total,2026-08-29,2,,not_collected,
2172910,CAPTAIN TSUBASA 2: WORLD FIGHTERS,2026-08-27,post_launch_reviews_total,2026-08-30,3,,not_collected,
2172910,CAPTAIN TSUBASA 2: WORLD FIGHTERS,2026-08-27,post_launch_reviews_total,2026-08-31,4,,not_collected,
2172910,CAPTAIN TSUBASA 2: WORLD FIGHTERS,2026-08-27,post_launch_reviews_total,2026-09-01,5,,not_collected,
2172910,CAPTAIN TSUBASA 2: WORLD FIGHTERS,2026-08-27,post_launch_reviews_total,2026-09-02,6,,not_collected,
2172910,CAPTAIN TSUBASA 2: WORLD FIGHTERS,2026-08-27,post_launch_reviews_total,2026-09-03,7,,not_collected,
2890240,Capy Castaway,2026-08-06,pre_launch_wishlist_rank,2026-07-30,-7,649,ok,2026-07-30T04:38:29.620Z
2890240,Capy Castaway,2026-08-06,pre_launch_wishlist_rank,2026-07-31,-6,642,ok,2026-07-31T05:04:54.532Z
2890240,Capy Castaway,2026-08-06,pre_launch_wishlist_rank,2026-08-01,-5,640,ok,2026-08-01T04:58:14.130Z
2890240,Capy Castaway,2026-08-06,pre_launch_wishlist_rank,2026-08-02,-4,637,ok,2026-08-02T04:58:24.052Z
2890240,Capy Castaway,2026-08-06,pre_launch_wishlist_rank,2026-08-03,-3,633,ok,2026-08-03T05:07:42.912Z
2890240,Capy Castaway,2026-08-06,pre_launch_wishlist_rank,2026-08-04,-2,629,ok,2026-08-04T04:47:02.633Z
2890240,Capy Castaway,2026-08-06,pre_launch_wishlist_rank,2026-08-05,-1,621,ok,2026-08-05T04:46:35.103Z
2890240,Capy Castaway,2026-08-06,post_launch_reviews_total,2026-08-06,0,0,ok,2026-08-06T04:47:09.485Z
2890240,Capy Castaway,2026-08-06,post_launch_reviews_total,2026-08-07,1,,not_collected,
2890240,Capy Castaway,2026-08-06,post_launch_reviews_total,2026-08-08,2,,not_collected,
2890240,Capy Castaway,2026-08-06,post_launch_reviews_total,2026-08-09,3,,not_collected,
2890240,Capy Castaway,2026-08-06,post_launch_reviews_total,2026-08-10,4,,not_collected,
2890240,Capy Castaway,2026-08-06,post_launch_reviews_total,2026-08-11,5,,not_collected,
2890240,Capy Castaway,2026-08-06,post_launch_reviews_total,2026-08-12,6,,not_collected,
2890240,Capy Castaway,2026-08-06,post_launch_reviews_total,2026-08-13,7,,not_collected,
992840,Car Wash Simulator,2026-08-10,pre_launch_wishlist_rank,2026-08-03,-7,1314,ok,2026-08-03T05:07:42.912Z
992840,Car Wash Simulator,2026-08-10,pre_launch_wishlist_rank,2026-08-04,-6,1284,ok,2026-08-04T04:47:02.633Z
992840,Car Wash Simulator,2026-08-10,pre_launch_wishlist_rank,2026-08-05,-5,1256,ok,2026-08-05T04:46:35.103Z
992840,Car Wash Simulator,2026-08-10,pre_launch_wishlist_rank,2026-08-06,-4,1237,ok,2026-08-06T04:47:09.485Z
992840,Car Wash Simulator,2026-08-10,pre_launch_wishlist_rank,2026-08-07,-3,1198,ok,2026-08-07T04:13:26.771Z
992840,Car Wash Simulator,2026-08-10,pre_launch_wishlist_rank,2026-08-08,-2,1162,ok,2026-08-08T03:11:38.214Z
992840,Car Wash Simulator,2026-08-10,pre_launch_wishlist_rank,2026-08-09,-1,1130,ok,2026-08-09T03:19:17.318Z
992840,Car Wash Simulator,2026-08-10,post_launch_reviews_total,2026-08-10,0,0,ok,2026-08-10T03:29:07.136Z
992840,Car Wash Simulator,2026-08-10,post_launch_reviews_total,2026-08-11,1,,not_collected,
992840,Car Wash Simulator,2026-08-10,post_launch_reviews_total,2026-08-12,2,,not_collected,
992840,Car Wash Simulator,2026-08-10,post_launch_reviews_total,2026-08-13,3,,not_collected,
992840,Car Wash Simulator,2026-08-10,post_launch_reviews_total,2026-08-14,4,,not_collected,
992840,Car Wash Simulator,2026-08-10,post_launch_reviews_total,2026-08-15,5,,not_collected,
992840,Car Wash Simulator,2026-08-10,post_launch_reviews_total,2026-08-16,6,,not_collected,
992840,Car Wash Simulator,2026-08-10,post_launch_reviews_total,2026-08-17,7,,not_collected,
1181550,Carnival Hunt,2026-07-23,pre_launch_wishlist_rank,2026-07-16,-7,157,ok,2026-07-16T04:42:31.378Z
1181550,Carnival Hunt,2026-07-23,pre_launch_wishlist_rank,2026-07-17,-6,155,ok,2026-07-17T04:45:39.030Z
1181550,Carnival Hunt,2026-07-23,pre_launch_wishlist_rank,2026-07-18,-5,151,ok,2026-07-18T04:29:54.503Z
1181550,Carnival Hunt,2026-07-23,pre_launch_wishlist_rank,2026-07-19,-4,149,ok,2026-07-19T04:54:49.781Z
1181550,Carnival Hunt,2026-07-23,pre_launch_wishlist_rank,2026-07-20,-3,148,ok,2026-07-20T05:09:45.900Z
1181550,Carnival Hunt,2026-07-23,pre_launch_wishlist_rank,2026-07-21,-2,146,ok,2026-07-21T04:50:39.944Z
1181550,Carnival Hunt,2026-07-23,pre_launch_wishlist_rank,2026-07-22,-1,144,ok,2026-07-22T04:50:32.272Z
1181550,Carnival Hunt,2026-07-23,post_launch_reviews_total,2026-07-23,0,0,ok,2026-07-23T04:56:12.842Z
1181550,Carnival Hunt,2026-07-23,post_launch_reviews_total,2026-07-24,1,,not_collected,
1181550,Carnival Hunt,2026-07-23,post_launch_reviews_total,2026-07-25,2,,not_collected,
1181550,Carnival Hunt,2026-07-23,post_launch_reviews_total,2026-07-26,3,,not_collected,
1181550,Carnival Hunt,2026-07-23,post_launch_reviews_total,2026-07-27,4,,not_collected,
1181550,Carnival Hunt,2026-07-23,post_launch_reviews_total,2026-07-28,5,,not_collected,
1181550,Carnival Hunt,2026-07-23,post_launch_reviews_total,2026-07-29,6,,not_collected,
1181550,Carnival Hunt,2026-07-23,post_launch_reviews_total,2026-07-30,7,,not_collected,
3902040,Carpet Cleaning Master,2026-07-01,pre_launch_wishlist_rank,2026-06-24,-7,,not_collected,
3902040,Carpet Cleaning Master,2026-07-01,pre_launch_wishlist_rank,2026-06-25,-6,,not_collected,
3902040,Carpet Cleaning Master,2026-07-01,pre_launch_wishlist_rank,2026-06-26,-5,,not_collected,
3902040,Carpet Cleaning Master,2026-07-01,pre_launch_wishlist_rank,2026-06-27,-4,,not_collected,
3902040,Carpet Cleaning Master,2026-07-01,pre_launch_wishlist_rank,2026-06-28,-3,,not_collected,
3902040,Carpet Cleaning Master,2026-07-01,pre_launch_wishlist_rank,2026-06-29,-2,,not_collected,
3902040,Carpet Cleaning Master,2026-07-01,pre_launch_wishlist_rank,2026-06-30,-1,,not_collected,
3902040,Carpet Cleaning Master,2026-07-01,post_launch_reviews_total,2026-07-01,0,,not_collected,
3902040,Carpet Cleaning Master,2026-07-01,post_launch_reviews_total,2026-07-02,1,,not_collected,
3902040,Carpet Cleaning Master,2026-07-01,post_launch_reviews_total,2026-07-03,2,,not_collected,
3902040,Carpet Cleaning Master,2026-07-01,post_launch_reviews_total,2026-07-04,3,,not_collected,
3902040,Carpet Cleaning Master,2026-07-01,post_launch_reviews_total,2026-07-05,4,,not_collected,
3902040,Carpet Cleaning Master,2026-07-01,post_launch_reviews_total,2026-07-06,5,,not_collected,
3902040,Carpet Cleaning Master,2026-07-01,post_launch_reviews_total,2026-07-07,6,,not_collected,
3902040,Carpet Cleaning Master,2026-07-01,post_launch_reviews_total,2026-07-08,7,,not_collected,
4634560,Carpet Cleaning Simulator,2026-07-12,pre_launch_wishlist_rank,2026-07-05,-7,,not_in_captured_wishlist_ranking,
4634560,Carpet Cleaning Simulator,2026-07-12,pre_launch_wishlist_rank,2026-07-06,-6,,not_in_captured_wishlist_ranking,
4634560,Carpet Cleaning Simulator,2026-07-12,pre_launch_wishlist_rank,2026-07-07,-5,,not_in_captured_wishlist_ranking,
4634560,Carpet Cleaning Simulator,2026-07-12,pre_launch_wishlist_rank,2026-07-08,-4,,not_in_captured_wishlist_ranking,
4634560,Carpet Cleaning Simulator,2026-07-12,pre_launch_wishlist_rank,2026-07-09,-3,,not_in_captured_wishlist_ranking,
4634560,Carpet Cleaning Simulator,2026-07-12,pre_launch_wishlist_rank,2026-07-10,-2,,not_in_captured_wishlist_ranking,
4634560,Carpet Cleaning Simulator,2026-07-12,pre_launch_wishlist_rank,2026-07-11,-1,,not_in_captured_wishlist_ranking,
4634560,Carpet Cleaning Simulator,2026-07-12,post_launch_reviews_total,2026-07-12,0,0,ok,2026-07-12T04:57:39.930Z
4634560,Carpet Cleaning Simulator,2026-07-12,post_launch_reviews_total,2026-07-13,1,,not_collected,
4634560,Carpet Cleaning Simulator,2026-07-12,post_launch_reviews_total,2026-07-14,2,,not_collected,
4634560,Carpet Cleaning Simulator,2026-07-12,post_launch_reviews_total,2026-07-15,3,,not_collected,
4634560,Carpet Cleaning Simulator,2026-07-12,post_launch_reviews_total,2026-07-16,4,,not_collected,
4634560,Carpet Cleaning Simulator,2026-07-12,post_launch_reviews_total,2026-07-17,5,,not_collected,
4634560,Carpet Cleaning Simulator,2026-07-12,post_launch_reviews_total,2026-07-18,6,,not_collected,
4634560,Carpet Cleaning Simulator,2026-07-12,post_launch_reviews_total,2026-07-19,7,,not_collected,
4127360,Case Solved: The London Files,2026-07-29,pre_launch_wishlist_rank,2026-07-22,-7,,not_in_captured_wishlist_ranking,
4127360,Case Solved: The London Files,2026-07-29,pre_launch_wishlist_rank,2026-07-23,-6,,not_in_captured_wishlist_ranking,
4127360,Case Solved: The London Files,2026-07-29,pre_launch_wishlist_rank,2026-07-24,-5,1999,ok,2026-07-24T04:51:55.902Z
4127360,Case Solved: The London Files,2026-07-29,pre_launch_wishlist_rank,2026-07-25,-4,1933,ok,2026-07-25T04:47:58.982Z
4127360,Case Solved: The London Files,2026-07-29,pre_launch_wishlist_rank,2026-07-26,-3,1874,ok,2026-07-26T05:02:25.100Z
4127360,Case Solved: The London Files,2026-07-29,pre_launch_wishlist_rank,2026-07-27,-2,1718,ok,2026-07-27T05:28:24.621Z
4127360,Case Solved: The London Files,2026-07-29,pre_launch_wishlist_rank,2026-07-28,-1,1599,ok,2026-07-28T04:45:52.627Z
4127360,Case Solved: The London Files,2026-07-29,post_launch_reviews_total,2026-07-29,0,0,ok,2026-07-29T04:50:58.767Z
4127360,Case Solved: The London Files,2026-07-29,post_launch_reviews_total,2026-07-30,1,,not_collected,
4127360,Case Solved: The London Files,2026-07-29,post_launch_reviews_total,2026-07-31,2,,not_collected,
4127360,Case Solved: The London Files,2026-07-29,post_launch_reviews_total,2026-08-01,3,,not_collected,
4127360,Case Solved: The London Files,2026-07-29,post_launch_reviews_total,2026-08-02,4,,not_collected,
4127360,Case Solved: The London Files,2026-07-29,post_launch_reviews_total,2026-08-03,5,,not_collected,
4127360,Case Solved: The London Files,2026-07-29,post_launch_reviews_total,2026-08-04,6,,not_collected,
4127360,Case Solved: The London Files,2026-07-29,post_launch_reviews_total,2026-08-05,7,,not_collected,
4163030,Cat Chess,2026-07-14,pre_launch_wishlist_rank,2026-07-07,-7,873,ok,2026-07-07T05:48:04.813Z
4163030,Cat Chess,2026-07-14,pre_launch_wishlist_rank,2026-07-08,-6,867,ok,2026-07-08T04:50:41.299Z
4163030,Cat Chess,2026-07-14,pre_launch_wishlist_rank,2026-07-09,-5,858,ok,2026-07-09T05:46:21.155Z
4163030,Cat Chess,2026-07-14,pre_launch_wishlist_rank,2026-07-10,-4,821,ok,2026-07-10T05:43:57.377Z
4163030,Cat Chess,2026-07-14,pre_launch_wishlist_rank,2026-07-11,-3,781,ok,2026-07-11T04:45:57.358Z
4163030,Cat Chess,2026-07-14,pre_launch_wishlist_rank,2026-07-12,-2,744,ok,2026-07-12T04:57:39.930Z
4163030,Cat Chess,2026-07-14,pre_launch_wishlist_rank,2026-07-13,-1,636,ok,2026-07-13T05:04:37.802Z
4163030,Cat Chess,2026-07-14,post_launch_reviews_total,2026-07-14,0,0,ok,2026-07-14T04:32:48.120Z
4163030,Cat Chess,2026-07-14,post_launch_reviews_total,2026-07-15,1,,not_collected,
4163030,Cat Chess,2026-07-14,post_launch_reviews_total,2026-07-16,2,,not_collected,
4163030,Cat Chess,2026-07-14,post_launch_reviews_total,2026-07-17,3,,not_collected,
4163030,Cat Chess,2026-07-14,post_launch_reviews_total,2026-07-18,4,,not_collected,
4163030,Cat Chess,2026-07-14,post_launch_reviews_total,2026-07-19,5,,not_collected,
4163030,Cat Chess,2026-07-14,post_launch_reviews_total,2026-07-20,6,,not_collected,
4163030,Cat Chess,2026-07-14,post_launch_reviews_total,2026-07-21,7,,not_collected,
4874470,Cat Eats Sushi Demo,2026-07-09,pre_launch_wishlist_rank,2026-07-02,-7,,not_collected,
4874470,Cat Eats Sushi Demo,2026-07-09,pre_launch_wishlist_rank,2026-07-03,-6,,not_in_captured_wishlist_ranking,
4874470,Cat Eats Sushi Demo,2026-07-09,pre_launch_wishlist_rank,2026-07-04,-5,,not_in_captured_wishlist_ranking,
4874470,Cat Eats Sushi Demo,2026-07-09,pre_launch_wishlist_rank,2026-07-05,-4,,not_in_captured_wishlist_ranking,
4874470,Cat Eats Sushi Demo,2026-07-09,pre_launch_wishlist_rank,2026-07-06,-3,,not_in_captured_wishlist_ranking,
4874470,Cat Eats Sushi Demo,2026-07-09,pre_launch_wishlist_rank,2026-07-07,-2,,not_in_captured_wishlist_ranking,
4874470,Cat Eats Sushi Demo,2026-07-09,pre_launch_wishlist_rank,2026-07-08,-1,,not_in_captured_wishlist_ranking,
4874470,Cat Eats Sushi Demo,2026-07-09,post_launch_reviews_total,2026-07-09,0,0,ok,2026-07-09T05:46:21.155Z
4874470,Cat Eats Sushi Demo,2026-07-09,post_launch_reviews_total,2026-07-10,1,,not_collected,
4874470,Cat Eats Sushi Demo,2026-07-09,post_launch_reviews_total,2026-07-11,2,,not_collected,
4874470,Cat Eats Sushi Demo,2026-07-09,post_launch_reviews_total,2026-07-12,3,,not_collected,
4874470,Cat Eats Sushi Demo,2026-07-09,post_launch_reviews_total,2026-07-13,4,,not_collected,
4874470,Cat Eats Sushi Demo,2026-07-09,post_launch_reviews_total,2026-07-14,5,,not_collected,
4874470,Cat Eats Sushi Demo,2026-07-09,post_launch_reviews_total,2026-07-15,6,,not_collected,
4874470,Cat Eats Sushi Demo,2026-07-09,post_launch_reviews_total,2026-07-16,7,,not_collected,
4018550,Cat Isle,2026-07-20,pre_launch_wishlist_rank,2026-07-13,-7,,not_in_captured_wishlist_ranking,
4018550,Cat Isle,2026-07-20,pre_launch_wishlist_rank,2026-07-14,-6,,not_in_captured_wishlist_ranking,
4018550,Cat Isle,2026-07-20,pre_launch_wishlist_rank,2026-07-15,-5,,not_in_captured_wishlist_ranking,
4018550,Cat Isle,2026-07-20,pre_launch_wishlist_rank,2026-07-16,-4,,not_in_captured_wishlist_ranking,
4018550,Cat Isle,2026-07-20,pre_launch_wishlist_rank,2026-07-17,-3,,not_in_captured_wishlist_ranking,
4018550,Cat Isle,2026-07-20,pre_launch_wishlist_rank,2026-07-18,-2,1962,ok,2026-07-18T04:29:54.503Z
4018550,Cat Isle,2026-07-20,pre_launch_wishlist_rank,2026-07-19,-1,1898,ok,2026-07-19T04:54:49.781Z
4018550,Cat Isle,2026-07-20,post_launch_reviews_total,2026-07-20,0,0,ok,2026-07-20T05:09:45.900Z
4018550,Cat Isle,2026-07-20,post_launch_reviews_total,2026-07-21,1,,not_collected,
4018550,Cat Isle,2026-07-20,post_launch_reviews_total,2026-07-22,2,,not_collected,
4018550,Cat Isle,2026-07-20,post_launch_reviews_total,2026-07-23,3,,not_collected,
4018550,Cat Isle,2026-07-20,post_launch_reviews_total,2026-07-24,4,,not_collected,
4018550,Cat Isle,2026-07-20,post_launch_reviews_total,2026-07-25,5,,not_collected,
4018550,Cat Isle,2026-07-20,post_launch_reviews_total,2026-07-26,6,,not_collected,
4018550,Cat Isle,2026-07-20,post_launch_reviews_total,2026-07-27,7,,not_collected,
4380490,Cat Mail Co.,2026-07-09,pre_launch_wishlist_rank,2026-07-02,-7,,not_collected,
4380490,Cat Mail Co.,2026-07-09,pre_launch_wishlist_rank,2026-07-03,-6,,not_in_captured_wishlist_ranking,
4380490,Cat Mail Co.,2026-07-09,pre_launch_wishlist_rank,2026-07-04,-5,,not_in_captured_wishlist_ranking,
4380490,Cat Mail Co.,2026-07-09,pre_launch_wishlist_rank,2026-07-05,-4,,not_in_captured_wishlist_ranking,
4380490,Cat Mail Co.,2026-07-09,pre_launch_wishlist_rank,2026-07-06,-3,366,ok,2026-07-06T04:31:47.397Z
4380490,Cat Mail Co.,2026-07-09,pre_launch_wishlist_rank,2026-07-07,-2,349,ok,2026-07-07T05:48:04.813Z
4380490,Cat Mail Co.,2026-07-09,pre_launch_wishlist_rank,2026-07-08,-1,335,ok,2026-07-08T04:50:41.299Z
4380490,Cat Mail Co.,2026-07-09,post_launch_reviews_total,2026-07-09,0,0,ok,2026-07-09T05:46:21.155Z
4380490,Cat Mail Co.,2026-07-09,post_launch_reviews_total,2026-07-10,1,,not_collected,
4380490,Cat Mail Co.,2026-07-09,post_launch_reviews_total,2026-07-11,2,,not_collected,
4380490,Cat Mail Co.,2026-07-09,post_launch_reviews_total,2026-07-12,3,,not_collected,
4380490,Cat Mail Co.,2026-07-09,post_launch_reviews_total,2026-07-13,4,,not_collected,
4380490,Cat Mail Co.,2026-07-09,post_launch_reviews_total,2026-07-14,5,,not_collected,
4380490,Cat Mail Co.,2026-07-09,post_launch_reviews_total,2026-07-15,6,,not_collected,
4380490,Cat Mail Co.,2026-07-09,post_launch_reviews_total,2026-07-16,7,,not_collected,
3665520,Catto Pew Pew!,2026-07-20,pre_launch_wishlist_rank,2026-07-13,-7,,not_in_captured_wishlist_ranking,
3665520,Catto Pew Pew!,2026-07-20,pre_launch_wishlist_rank,2026-07-14,-6,,not_in_captured_wishlist_ranking,
3665520,Catto Pew Pew!,2026-07-20,pre_launch_wishlist_rank,2026-07-15,-5,,not_in_captured_wishlist_ranking,
3665520,Catto Pew Pew!,2026-07-20,pre_launch_wishlist_rank,2026-07-16,-4,,not_in_captured_wishlist_ranking,
3665520,Catto Pew Pew!,2026-07-20,pre_launch_wishlist_rank,2026-07-17,-3,,not_in_captured_wishlist_ranking,
3665520,Catto Pew Pew!,2026-07-20,pre_launch_wishlist_rank,2026-07-18,-2,,not_in_captured_wishlist_ranking,
3665520,Catto Pew Pew!,2026-07-20,pre_launch_wishlist_rank,2026-07-19,-1,,not_in_captured_wishlist_ranking,
3665520,Catto Pew Pew!,2026-07-20,post_launch_reviews_total,2026-07-20,0,0,ok,2026-07-20T05:09:45.900Z
3665520,Catto Pew Pew!,2026-07-20,post_launch_reviews_total,2026-07-21,1,,not_collected,
3665520,Catto Pew Pew!,2026-07-20,post_launch_reviews_total,2026-07-22,2,,not_collected,
3665520,Catto Pew Pew!,2026-07-20,post_launch_reviews_total,2026-07-23,3,,not_collected,
3665520,Catto Pew Pew!,2026-07-20,post_launch_reviews_total,2026-07-24,4,,not_collected,
3665520,Catto Pew Pew!,2026-07-20,post_launch_reviews_total,2026-07-25,5,,not_collected,
3665520,Catto Pew Pew!,2026-07-20,post_launch_reviews_total,2026-07-26,6,,not_collected,
3665520,Catto Pew Pew!,2026-07-20,post_launch_reviews_total,2026-07-27,7,,not_collected,
2704090,Celestial Return,2026-07-14,pre_launch_wishlist_rank,2026-07-07,-7,1892,ok,2026-07-07T05:48:04.813Z
2704090,Celestial Return,2026-07-14,pre_launch_wishlist_rank,2026-07-08,-6,1889,ok,2026-07-08T04:50:41.299Z
2704090,Celestial Return,2026-07-14,pre_launch_wishlist_rank,2026-07-09,-5,1882,ok,2026-07-09T05:46:21.155Z
2704090,Celestial Return,2026-07-14,pre_launch_wishlist_rank,2026-07-10,-4,1854,ok,2026-07-10T05:43:57.377Z
2704090,Celestial Return,2026-07-14,pre_launch_wishlist_rank,2026-07-11,-3,1780,ok,2026-07-11T04:45:57.358Z
2704090,Celestial Return,2026-07-14,pre_launch_wishlist_rank,2026-07-12,-2,1713,ok,2026-07-12T04:57:39.930Z
2704090,Celestial Return,2026-07-14,pre_launch_wishlist_rank,2026-07-13,-1,1606,ok,2026-07-13T05:04:37.802Z
2704090,Celestial Return,2026-07-14,post_launch_reviews_total,2026-07-14,0,0,ok,2026-07-14T04:32:48.120Z
2704090,Celestial Return,2026-07-14,post_launch_reviews_total,2026-07-15,1,,not_collected,
2704090,Celestial Return,2026-07-14,post_launch_reviews_total,2026-07-16,2,,not_collected,
2704090,Celestial Return,2026-07-14,post_launch_reviews_total,2026-07-17,3,,not_collected,
2704090,Celestial Return,2026-07-14,post_launch_reviews_total,2026-07-18,4,,not_collected,
2704090,Celestial Return,2026-07-14,post_launch_reviews_total,2026-07-19,5,,not_collected,
2704090,Celestial Return,2026-07-14,post_launch_reviews_total,2026-07-20,6,,not_collected,
2704090,Celestial Return,2026-07-14,post_launch_reviews_total,2026-07-21,7,,not_collected,
4935510,Cellar Keeper,2026-08-06,pre_launch_wishlist_rank,2026-07-30,-7,1685,ok,2026-07-30T04:38:29.620Z
4935510,Cellar Keeper,2026-08-06,pre_launch_wishlist_rank,2026-07-31,-6,1568,ok,2026-07-31T05:04:54.532Z
4935510,Cellar Keeper,2026-08-06,pre_launch_wishlist_rank,2026-08-01,-5,1467,ok,2026-08-01T04:58:14.130Z
4935510,Cellar Keeper,2026-08-06,pre_launch_wishlist_rank,2026-08-02,-4,1364,ok,2026-08-02T04:58:24.052Z
4935510,Cellar Keeper,2026-08-06,pre_launch_wishlist_rank,2026-08-03,-3,1241,ok,2026-08-03T05:07:42.912Z
4935510,Cellar Keeper,2026-08-06,pre_launch_wishlist_rank,2026-08-04,-2,1133,ok,2026-08-04T04:47:02.633Z
4935510,Cellar Keeper,2026-08-06,pre_launch_wishlist_rank,2026-08-05,-1,1025,ok,2026-08-05T04:46:35.103Z
4935510,Cellar Keeper,2026-08-06,post_launch_reviews_total,2026-08-06,0,0,ok,2026-08-06T04:47:09.485Z
4935510,Cellar Keeper,2026-08-06,post_launch_reviews_total,2026-08-07,1,,not_collected,
4935510,Cellar Keeper,2026-08-06,post_launch_reviews_total,2026-08-08,2,,not_collected,
4935510,Cellar Keeper,2026-08-06,post_launch_reviews_total,2026-08-09,3,,not_collected,
4935510,Cellar Keeper,2026-08-06,post_launch_reviews_total,2026-08-10,4,,not_collected,
4935510,Cellar Keeper,2026-08-06,post_launch_reviews_total,2026-08-11,5,,not_collected,
4935510,Cellar Keeper,2026-08-06,post_launch_reviews_total,2026-08-12,6,,not_collected,
4935510,Cellar Keeper,2026-08-06,post_launch_reviews_total,2026-08-13,7,,not_collected,
2770330,Chaos Front,2026-09-03,pre_launch_wishlist_rank,2026-08-27,-7,1392,ok,2026-08-27T11:57:45.810Z
2770330,Chaos Front,2026-09-03,pre_launch_wishlist_rank,2026-08-28,-6,1364,ok,2026-08-28T13:19:41.332Z
2770330,Chaos Front,2026-09-03,pre_launch_wishlist_rank,2026-08-29,-5,1345,ok,2026-08-29T08:16:08.181Z
2770330,Chaos Front,2026-09-03,pre_launch_wishlist_rank,2026-08-30,-4,1307,ok,2026-08-30T07:17:27.365Z
2770330,Chaos Front,2026-09-03,pre_launch_wishlist_rank,2026-08-31,-3,1236,ok,2026-08-31T07:32:46.352Z
2770330,Chaos Front,2026-09-03,pre_launch_wishlist_rank,2026-09-01,-2,1165,ok,2026-09-01T06:43:33.167Z
2770330,Chaos Front,2026-09-03,pre_launch_wishlist_rank,2026-09-02,-1,1103,ok,2026-09-02T06:21:55.398Z
2770330,Chaos Front,2026-09-03,post_launch_reviews_total,2026-09-03,0,0,ok,2026-09-03T06:24:29.914Z
2770330,Chaos Front,2026-09-03,post_launch_reviews_total,2026-09-04,1,,not_collected,
2770330,Chaos Front,2026-09-03,post_launch_reviews_total,2026-09-05,2,,not_collected,
2770330,Chaos Front,2026-09-03,post_launch_reviews_total,2026-09-06,3,,not_collected,
2770330,Chaos Front,2026-09-03,post_launch_reviews_total,2026-09-07,4,,not_collected,
2770330,Chaos Front,2026-09-03,post_launch_reviews_total,2026-09-08,5,,not_collected,
2770330,Chaos Front,2026-09-03,post_launch_reviews_total,2026-09-09,6,,not_collected,
2770330,Chaos Front,2026-09-03,post_launch_reviews_total,2026-09-10,7,,not_collected,
4502180,CHEMISTS: Dead Zone,2026-07-10,pre_launch_wishlist_rank,2026-07-03,-7,,not_in_captured_wishlist_ranking,
4502180,CHEMISTS: Dead Zone,2026-07-10,pre_launch_wishlist_rank,2026-07-04,-6,,not_in_captured_wishlist_ranking,
4502180,CHEMISTS: Dead Zone,2026-07-10,pre_launch_wishlist_rank,2026-07-05,-5,,not_in_captured_wishlist_ranking,
4502180,CHEMISTS: Dead Zone,2026-07-10,pre_launch_wishlist_rank,2026-07-06,-4,,not_in_captured_wishlist_ranking,
4502180,CHEMISTS: Dead Zone,2026-07-10,pre_launch_wishlist_rank,2026-07-07,-3,,not_in_captured_wishlist_ranking,
4502180,CHEMISTS: Dead Zone,2026-07-10,pre_launch_wishlist_rank,2026-07-08,-2,,not_in_captured_wishlist_ranking,
4502180,CHEMISTS: Dead Zone,2026-07-10,pre_launch_wishlist_rank,2026-07-09,-1,,not_in_captured_wishlist_ranking,
4502180,CHEMISTS: Dead Zone,2026-07-10,post_launch_reviews_total,2026-07-10,0,0,ok,2026-07-10T05:43:57.377Z
4502180,CHEMISTS: Dead Zone,2026-07-10,post_launch_reviews_total,2026-07-11,1,,not_collected,
4502180,CHEMISTS: Dead Zone,2026-07-10,post_launch_reviews_total,2026-07-12,2,,not_collected,
4502180,CHEMISTS: Dead Zone,2026-07-10,post_launch_reviews_total,2026-07-13,3,,not_collected,
4502180,CHEMISTS: Dead Zone,2026-07-10,post_launch_reviews_total,2026-07-14,4,,not_collected,
4502180,CHEMISTS: Dead Zone,2026-07-10,post_launch_reviews_total,2026-07-15,5,,not_collected,
4502180,CHEMISTS: Dead Zone,2026-07-10,post_launch_reviews_total,2026-07-16,6,,not_collected,
4502180,CHEMISTS: Dead Zone,2026-07-10,post_launch_reviews_total,2026-07-17,7,,not_collected,
4841480,Chicken Battlefield,2026-07-07,pre_launch_wishlist_rank,2026-06-30,-7,,not_collected,
4841480,Chicken Battlefield,2026-07-07,pre_launch_wishlist_rank,2026-07-01,-6,,not_collected,
4841480,Chicken Battlefield,2026-07-07,pre_launch_wishlist_rank,2026-07-02,-5,,not_collected,
4841480,Chicken Battlefield,2026-07-07,pre_launch_wishlist_rank,2026-07-03,-4,,not_in_captured_wishlist_ranking,
4841480,Chicken Battlefield,2026-07-07,pre_launch_wishlist_rank,2026-07-04,-3,,not_in_captured_wishlist_ranking,
4841480,Chicken Battlefield,2026-07-07,pre_launch_wishlist_rank,2026-07-05,-2,,not_in_captured_wishlist_ranking,
4841480,Chicken Battlefield,2026-07-07,pre_launch_wishlist_rank,2026-07-06,-1,,not_in_captured_wishlist_ranking,
4841480,Chicken Battlefield,2026-07-07,post_launch_reviews_total,2026-07-07,0,0,ok,2026-07-07T05:48:04.813Z
4841480,Chicken Battlefield,2026-07-07,post_launch_reviews_total,2026-07-08,1,,not_collected,
4841480,Chicken Battlefield,2026-07-07,post_launch_reviews_total,2026-07-09,2,,not_collected,
4841480,Chicken Battlefield,2026-07-07,post_launch_reviews_total,2026-07-10,3,,not_collected,
4841480,Chicken Battlefield,2026-07-07,post_launch_reviews_total,2026-07-11,4,,not_collected,
4841480,Chicken Battlefield,2026-07-07,post_launch_reviews_total,2026-07-12,5,,not_collected,
4841480,Chicken Battlefield,2026-07-07,post_launch_reviews_total,2026-07-13,6,,not_collected,
4841480,Chicken Battlefield,2026-07-07,post_launch_reviews_total,2026-07-14,7,,not_collected,
4369130,Chop Chop Inc.,2026-08-07,pre_launch_wishlist_rank,2026-07-31,-7,452,ok,2026-07-31T05:04:54.532Z
4369130,Chop Chop Inc.,2026-08-07,pre_launch_wishlist_rank,2026-08-01,-6,443,ok,2026-08-01T04:58:14.130Z
4369130,Chop Chop Inc.,2026-08-07,pre_launch_wishlist_rank,2026-08-02,-5,422,ok,2026-08-02T04:58:24.052Z
4369130,Chop Chop Inc.,2026-08-07,pre_launch_wishlist_rank,2026-08-03,-4,396,ok,2026-08-03T05:07:42.912Z
4369130,Chop Chop Inc.,2026-08-07,pre_launch_wishlist_rank,2026-08-04,-3,380,ok,2026-08-04T04:47:02.633Z
4369130,Chop Chop Inc.,2026-08-07,pre_launch_wishlist_rank,2026-08-05,-2,368,ok,2026-08-05T04:46:35.103Z
4369130,Chop Chop Inc.,2026-08-07,pre_launch_wishlist_rank,2026-08-06,-1,353,ok,2026-08-06T04:47:09.485Z
4369130,Chop Chop Inc.,2026-08-07,post_launch_reviews_total,2026-08-07,0,0,ok,2026-08-07T04:13:26.771Z
4369130,Chop Chop Inc.,2026-08-07,post_launch_reviews_total,2026-08-08,1,,not_collected,
4369130,Chop Chop Inc.,2026-08-07,post_launch_reviews_total,2026-08-09,2,,not_collected,
4369130,Chop Chop Inc.,2026-08-07,post_launch_reviews_total,2026-08-10,3,,not_collected,
4369130,Chop Chop Inc.,2026-08-07,post_launch_reviews_total,2026-08-11,4,,not_collected,
4369130,Chop Chop Inc.,2026-08-07,post_launch_reviews_total,2026-08-12,5,,not_collected,
4369130,Chop Chop Inc.,2026-08-07,post_launch_reviews_total,2026-08-13,6,,not_collected,
4369130,Chop Chop Inc.,2026-08-07,post_launch_reviews_total,2026-08-14,7,,not_collected,
3817250,"CICADAMATA""",2026-08-21,pre_launch_wishlist_rank,2026-08-14,-7,1066,ok,2026-08-14T03:41:13.555Z
3817250,"CICADAMATA""",2026-08-21,pre_launch_wishlist_rank,2026-08-15,-6,1001,ok,2026-08-15T02:36:13.648Z
3817250,"CICADAMATA""",2026-08-21,pre_launch_wishlist_rank,2026-08-16,-5,936,ok,2026-08-16T02:45:28.861Z
3817250,"CICADAMATA""",2026-08-21,pre_launch_wishlist_rank,2026-08-17,-4,836,ok,2026-08-17T02:45:10.258Z
3817250,"CICADAMATA""",2026-08-21,pre_launch_wishlist_rank,2026-08-18,-3,773,ok,2026-08-18T02:39:27.140Z
3817250,"CICADAMATA""",2026-08-21,pre_launch_wishlist_rank,2026-08-19,-2,713,ok,2026-08-19T02:42:36.358Z
3817250,"CICADAMATA""",2026-08-21,pre_launch_wishlist_rank,2026-08-20,-1,669,ok,2026-08-20T02:40:42.136Z
3817250,"CICADAMATA""",2026-08-21,post_launch_reviews_total,2026-08-21,0,0,ok,2026-08-21T02:47:33.763Z
3817250,"CICADAMATA""",2026-08-21,post_launch_reviews_total,2026-08-22,1,,not_collected,
3817250,"CICADAMATA""",2026-08-21,post_launch_reviews_total,2026-08-23,2,,not_collected,
3817250,"CICADAMATA""",2026-08-21,post_launch_reviews_total,2026-08-24,3,,not_collected,
3817250,"CICADAMATA""",2026-08-21,post_launch_reviews_total,2026-08-25,4,,not_collected,
3817250,"CICADAMATA""",2026-08-21,post_launch_reviews_total,2026-08-26,5,,not_collected,
3817250,"CICADAMATA""",2026-08-21,post_launch_reviews_total,2026-08-27,6,,not_collected,
3817250,"CICADAMATA""",2026-08-21,post_launch_reviews_total,2026-08-28,7,,not_collected,
2860240,City Bus Simulator 2026,2026-07-13,pre_launch_wishlist_rank,2026-07-06,-7,,not_in_captured_wishlist_ranking,
2860240,City Bus Simulator 2026,2026-07-13,pre_launch_wishlist_rank,2026-07-07,-6,,not_in_captured_wishlist_ranking,
2860240,City Bus Simulator 2026,2026-07-13,pre_launch_wishlist_rank,2026-07-08,-5,,not_in_captured_wishlist_ranking,
2860240,City Bus Simulator 2026,2026-07-13,pre_launch_wishlist_rank,2026-07-09,-4,,not_in_captured_wishlist_ranking,
2860240,City Bus Simulator 2026,2026-07-13,pre_launch_wishlist_rank,2026-07-10,-3,,not_in_captured_wishlist_ranking,
2860240,City Bus Simulator 2026,2026-07-13,pre_launch_wishlist_rank,2026-07-11,-2,,not_in_captured_wishlist_ranking,
2860240,City Bus Simulator 2026,2026-07-13,pre_launch_wishlist_rank,2026-07-12,-1,,not_in_captured_wishlist_ranking,
2860240,City Bus Simulator 2026,2026-07-13,post_launch_reviews_total,2026-07-13,0,0,ok,2026-07-13T05:04:37.802Z
2860240,City Bus Simulator 2026,2026-07-13,post_launch_reviews_total,2026-07-14,1,,not_collected,
2860240,City Bus Simulator 2026,2026-07-13,post_launch_reviews_total,2026-07-15,2,,not_collected,
2860240,City Bus Simulator 2026,2026-07-13,post_launch_reviews_total,2026-07-16,3,,not_collected,
2860240,City Bus Simulator 2026,2026-07-13,post_launch_reviews_total,2026-07-17,4,,not_collected,
2860240,City Bus Simulator 2026,2026-07-13,post_launch_reviews_total,2026-07-18,5,,not_collected,
2860240,City Bus Simulator 2026,2026-07-13,post_launch_reviews_total,2026-07-19,6,,not_collected,
2860240,City Bus Simulator 2026,2026-07-13,post_launch_reviews_total,2026-07-20,7,,not_collected,
3861730,Class of '09: Puzzle Showdown,2026-07-17,pre_launch_wishlist_rank,2026-07-10,-7,,not_in_captured_wishlist_ranking,
3861730,Class of '09: Puzzle Showdown,2026-07-17,pre_launch_wishlist_rank,2026-07-11,-6,,not_in_captured_wishlist_ranking,
3861730,Class of '09: Puzzle Showdown,2026-07-17,pre_launch_wishlist_rank,2026-07-12,-5,,not_in_captured_wishlist_ranking,
3861730,Class of '09: Puzzle Showdown,2026-07-17,pre_launch_wishlist_rank,2026-07-13,-4,,not_in_captured_wishlist_ranking,
3861730,Class of '09: Puzzle Showdown,2026-07-17,pre_launch_wishlist_rank,2026-07-14,-3,,not_in_captured_wishlist_ranking,
3861730,Class of '09: Puzzle Showdown,2026-07-17,pre_launch_wishlist_rank,2026-07-15,-2,,not_in_captured_wishlist_ranking,
3861730,Class of '09: Puzzle Showdown,2026-07-17,pre_launch_wishlist_rank,2026-07-16,-1,,not_in_captured_wishlist_ranking,
3861730,Class of '09: Puzzle Showdown,2026-07-17,post_launch_reviews_total,2026-07-17,0,0,ok,2026-07-17T04:45:39.030Z
3861730,Class of '09: Puzzle Showdown,2026-07-17,post_launch_reviews_total,2026-07-18,1,,not_collected,
3861730,Class of '09: Puzzle Showdown,2026-07-17,post_launch_reviews_total,2026-07-19,2,,not_collected,
3861730,Class of '09: Puzzle Showdown,2026-07-17,post_launch_reviews_total,2026-07-20,3,,not_collected,
3861730,Class of '09: Puzzle Showdown,2026-07-17,post_launch_reviews_total,2026-07-21,4,,not_collected,
3861730,Class of '09: Puzzle Showdown,2026-07-17,post_launch_reviews_total,2026-07-22,5,,not_collected,
3861730,Class of '09: Puzzle Showdown,2026-07-17,post_launch_reviews_total,2026-07-23,6,,not_collected,
3861730,Class of '09: Puzzle Showdown,2026-07-17,post_launch_reviews_total,2026-07-24,7,,not_collected,
3394840,Clawed,2026-08-13,pre_launch_wishlist_rank,2026-08-06,-7,267,ok,2026-08-06T04:47:09.485Z
3394840,Clawed,2026-08-13,pre_launch_wishlist_rank,2026-08-07,-6,259,ok,2026-08-07T04:13:26.771Z
3394840,Clawed,2026-08-13,pre_launch_wishlist_rank,2026-08-08,-5,255,ok,2026-08-08T03:11:38.214Z
3394840,Clawed,2026-08-13,pre_launch_wishlist_rank,2026-08-09,-4,253,ok,2026-08-09T03:19:17.318Z
3394840,Clawed,2026-08-13,pre_launch_wishlist_rank,2026-08-10,-3,249,ok,2026-08-10T03:29:07.136Z
3394840,Clawed,2026-08-13,pre_launch_wishlist_rank,2026-08-11,-2,238,ok,2026-08-11T03:21:55.619Z
3394840,Clawed,2026-08-13,pre_launch_wishlist_rank,2026-08-12,-1,229,ok,2026-08-12T03:40:42.315Z
3394840,Clawed,2026-08-13,post_launch_reviews_total,2026-08-13,0,0,ok,2026-08-13T03:51:51.678Z
3394840,Clawed,2026-08-13,post_launch_reviews_total,2026-08-14,1,,not_collected,
3394840,Clawed,2026-08-13,post_launch_reviews_total,2026-08-15,2,,not_collected,
3394840,Clawed,2026-08-13,post_launch_reviews_total,2026-08-16,3,,not_collected,
3394840,Clawed,2026-08-13,post_launch_reviews_total,2026-08-17,4,,not_collected,
3394840,Clawed,2026-08-13,post_launch_reviews_total,2026-08-18,5,,not_collected,
3394840,Clawed,2026-08-13,post_launch_reviews_total,2026-08-19,6,,not_collected,
3394840,Clawed,2026-08-13,post_launch_reviews_total,2026-08-20,7,,not_collected,
4927490,Cleaning Up The Puzzle Gallery,2026-08-05,pre_launch_wishlist_rank,2026-07-29,-7,1869,ok,2026-07-29T04:50:58.767Z
4927490,Cleaning Up The Puzzle Gallery,2026-08-05,pre_launch_wishlist_rank,2026-07-30,-6,1752,ok,2026-07-30T04:38:29.620Z
4927490,Cleaning Up The Puzzle Gallery,2026-08-05,pre_launch_wishlist_rank,2026-07-31,-5,1653,ok,2026-07-31T05:04:54.532Z
4927490,Cleaning Up The Puzzle Gallery,2026-08-05,pre_launch_wishlist_rank,2026-08-01,-4,1570,ok,2026-08-01T04:58:14.130Z
4927490,Cleaning Up The Puzzle Gallery,2026-08-05,pre_launch_wishlist_rank,2026-08-02,-3,1488,ok,2026-08-02T04:58:24.052Z
4927490,Cleaning Up The Puzzle Gallery,2026-08-05,pre_launch_wishlist_rank,2026-08-03,-2,1376,ok,2026-08-03T05:07:42.912Z
4927490,Cleaning Up The Puzzle Gallery,2026-08-05,pre_launch_wishlist_rank,2026-08-04,-1,1267,ok,2026-08-04T04:47:02.633Z
4927490,Cleaning Up The Puzzle Gallery,2026-08-05,post_launch_reviews_total,2026-08-05,0,0,ok,2026-08-05T04:46:35.103Z
4927490,Cleaning Up The Puzzle Gallery,2026-08-05,post_launch_reviews_total,2026-08-06,1,,not_collected,
4927490,Cleaning Up The Puzzle Gallery,2026-08-05,post_launch_reviews_total,2026-08-07,2,,not_collected,
4927490,Cleaning Up The Puzzle Gallery,2026-08-05,post_launch_reviews_total,2026-08-08,3,,not_collected,
4927490,Cleaning Up The Puzzle Gallery,2026-08-05,post_launch_reviews_total,2026-08-09,4,,not_collected,
4927490,Cleaning Up The Puzzle Gallery,2026-08-05,post_launch_reviews_total,2026-08-10,5,,not_collected,
4927490,Cleaning Up The Puzzle Gallery,2026-08-05,post_launch_reviews_total,2026-08-11,6,,not_collected,
4927490,Cleaning Up The Puzzle Gallery,2026-08-05,post_launch_reviews_total,2026-08-12,7,,not_collected,
3946950,Click the Button,2026-08-26,pre_launch_wishlist_rank,2026-08-19,-7,1372,ok,2026-08-19T02:42:36.358Z
3946950,Click the Button,2026-08-26,pre_launch_wishlist_rank,2026-08-20,-6,1300,ok,2026-08-20T02:40:42.136Z
3946950,Click the Button,2026-08-26,pre_launch_wishlist_rank,2026-08-21,-5,1220,ok,2026-08-21T02:47:33.763Z
3946950,Click the Button,2026-08-26,pre_launch_wishlist_rank,2026-08-22,-4,1159,ok,2026-08-22T02:38:05.157Z
3946950,Click the Button,2026-08-26,pre_launch_wishlist_rank,2026-08-23,-3,1128,ok,2026-08-23T02:47:54.993Z
3946950,Click the Button,2026-08-26,pre_launch_wishlist_rank,2026-08-24,-2,1075,ok,2026-08-24T02:48:36.097Z
3946950,Click the Button,2026-08-26,pre_launch_wishlist_rank,2026-08-25,-1,1000,ok,2026-08-25T02:42:46.392Z
3946950,Click the Button,2026-08-26,post_launch_reviews_total,2026-08-26,0,0,ok,2026-08-26T02:50:15.789Z
3946950,Click the Button,2026-08-26,post_launch_reviews_total,2026-08-27,1,,not_collected,
3946950,Click the Button,2026-08-26,post_launch_reviews_total,2026-08-28,2,,not_collected,
3946950,Click the Button,2026-08-26,post_launch_reviews_total,2026-08-29,3,,not_collected,
3946950,Click the Button,2026-08-26,post_launch_reviews_total,2026-08-30,4,,not_collected,
3946950,Click the Button,2026-08-26,post_launch_reviews_total,2026-08-31,5,,not_collected,
3946950,Click the Button,2026-08-26,post_launch_reviews_total,2026-09-01,6,,not_collected,
3946950,Click the Button,2026-08-26,post_launch_reviews_total,2026-09-02,7,,not_collected,
4650950,COCORO,2026-08-26,pre_launch_wishlist_rank,2026-08-19,-7,,not_in_captured_wishlist_ranking,
4650950,COCORO,2026-08-26,pre_launch_wishlist_rank,2026-08-20,-6,,not_in_captured_wishlist_ranking,
4650950,COCORO,2026-08-26,pre_launch_wishlist_rank,2026-08-21,-5,,not_in_captured_wishlist_ranking,
4650950,COCORO,2026-08-26,pre_launch_wishlist_rank,2026-08-22,-4,,not_in_captured_wishlist_ranking,
4650950,COCORO,2026-08-26,pre_launch_wishlist_rank,2026-08-23,-3,,not_in_captured_wishlist_ranking,
4650950,COCORO,2026-08-26,pre_launch_wishlist_rank,2026-08-24,-2,,not_in_captured_wishlist_ranking,
4650950,COCORO,2026-08-26,pre_launch_wishlist_rank,2026-08-25,-1,,not_in_captured_wishlist_ranking,
4650950,COCORO,2026-08-26,post_launch_reviews_total,2026-08-26,0,0,ok,2026-08-26T02:50:15.789Z
4650950,COCORO,2026-08-26,post_launch_reviews_total,2026-08-27,1,,not_collected,
4650950,COCORO,2026-08-26,post_launch_reviews_total,2026-08-28,2,,not_collected,
4650950,COCORO,2026-08-26,post_launch_reviews_total,2026-08-29,3,,not_collected,
4650950,COCORO,2026-08-26,post_launch_reviews_total,2026-08-30,4,,not_collected,
4650950,COCORO,2026-08-26,post_launch_reviews_total,2026-08-31,5,,not_collected,
4650950,COCORO,2026-08-26,post_launch_reviews_total,2026-09-01,6,,not_collected,
4650950,COCORO,2026-08-26,post_launch_reviews_total,2026-09-02,7,,not_collected,
868160,Code: Terraform,2026-07-28,pre_launch_wishlist_rank,2026-07-21,-7,,not_in_captured_wishlist_ranking,
868160,Code: Terraform,2026-07-28,pre_launch_wishlist_rank,2026-07-22,-6,,not_in_captured_wishlist_ranking,
868160,Code: Terraform,2026-07-28,pre_launch_wishlist_rank,2026-07-23,-5,,not_in_captured_wishlist_ranking,
868160,Code: Terraform,2026-07-28,pre_launch_wishlist_rank,2026-07-24,-4,,not_in_captured_wishlist_ranking,
868160,Code: Terraform,2026-07-28,pre_launch_wishlist_rank,2026-07-25,-3,,not_in_captured_wishlist_ranking,
868160,Code: Terraform,2026-07-28,pre_launch_wishlist_rank,2026-07-26,-2,1979,ok,2026-07-26T05:02:25.100Z
868160,Code: Terraform,2026-07-28,pre_launch_wishlist_rank,2026-07-27,-1,1969,ok,2026-07-27T05:28:24.621Z
868160,Code: Terraform,2026-07-28,post_launch_reviews_total,2026-07-28,0,,not_collected,
868160,Code: Terraform,2026-07-28,post_launch_reviews_total,2026-07-29,1,,not_collected,
868160,Code: Terraform,2026-07-28,post_launch_reviews_total,2026-07-30,2,,not_collected,
868160,Code: Terraform,2026-07-28,post_launch_reviews_total,2026-07-31,3,,not_collected,
868160,Code: Terraform,2026-07-28,post_launch_reviews_total,2026-08-01,4,,not_collected,
868160,Code: Terraform,2026-07-28,post_launch_reviews_total,2026-08-02,5,,not_collected,
868160,Code: Terraform,2026-07-28,post_launch_reviews_total,2026-08-03,6,,not_collected,
868160,Code: Terraform,2026-07-28,post_launch_reviews_total,2026-08-04,7,,not_collected,
2810210,Codename CURE II,2026-07-24,pre_launch_wishlist_rank,2026-07-17,-7,1578,ok,2026-07-17T04:45:39.030Z
2810210,Codename CURE II,2026-07-24,pre_launch_wishlist_rank,2026-07-18,-6,1514,ok,2026-07-18T04:29:54.503Z
2810210,Codename CURE II,2026-07-24,pre_launch_wishlist_rank,2026-07-19,-5,1450,ok,2026-07-19T04:54:49.781Z
2810210,Codename CURE II,2026-07-24,pre_launch_wishlist_rank,2026-07-20,-4,1363,ok,2026-07-20T05:09:45.900Z
2810210,Codename CURE II,2026-07-24,pre_launch_wishlist_rank,2026-07-21,-3,1299,ok,2026-07-21T04:50:39.944Z
2810210,Codename CURE II,2026-07-24,pre_launch_wishlist_rank,2026-07-22,-2,1244,ok,2026-07-22T04:50:32.272Z
2810210,Codename CURE II,2026-07-24,pre_launch_wishlist_rank,2026-07-23,-1,1164,ok,2026-07-23T04:56:12.842Z
2810210,Codename CURE II,2026-07-24,post_launch_reviews_total,2026-07-24,0,0,ok,2026-07-24T04:51:55.902Z
2810210,Codename CURE II,2026-07-24,post_launch_reviews_total,2026-07-25,1,,not_collected,
2810210,Codename CURE II,2026-07-24,post_launch_reviews_total,2026-07-26,2,,not_collected,
2810210,Codename CURE II,2026-07-24,post_launch_reviews_total,2026-07-27,3,,not_collected,
2810210,Codename CURE II,2026-07-24,post_launch_reviews_total,2026-07-28,4,,not_collected,
2810210,Codename CURE II,2026-07-24,post_launch_reviews_total,2026-07-29,5,,not_collected,
2810210,Codename CURE II,2026-07-24,post_launch_reviews_total,2026-07-30,6,,not_collected,
2810210,Codename CURE II,2026-07-24,post_launch_reviews_total,2026-07-31,7,,not_collected,
1636620,Cognition Method,2026-09-01,pre_launch_wishlist_rank,2026-08-25,-7,,not_in_captured_wishlist_ranking,
1636620,Cognition Method,2026-09-01,pre_launch_wishlist_rank,2026-08-26,-6,,not_in_captured_wishlist_ranking,
1636620,Cognition Method,2026-09-01,pre_launch_wishlist_rank,2026-08-27,-5,,not_in_captured_wishlist_ranking,
1636620,Cognition Method,2026-09-01,pre_launch_wishlist_rank,2026-08-28,-4,,not_in_captured_wishlist_ranking,
1636620,Cognition Method,2026-09-01,pre_launch_wishlist_rank,2026-08-29,-3,,not_in_captured_wishlist_ranking,
1636620,Cognition Method,2026-09-01,pre_launch_wishlist_rank,2026-08-30,-2,,not_in_captured_wishlist_ranking,
1636620,Cognition Method,2026-09-01,pre_launch_wishlist_rank,2026-08-31,-1,,not_in_captured_wishlist_ranking,
1636620,Cognition Method,2026-09-01,post_launch_reviews_total,2026-09-01,0,0,ok,2026-09-01T06:43:33.167Z
1636620,Cognition Method,2026-09-01,post_launch_reviews_total,2026-09-02,1,,not_collected,
1636620,Cognition Method,2026-09-01,post_launch_reviews_total,2026-09-03,2,,not_collected,
1636620,Cognition Method,2026-09-01,post_launch_reviews_total,2026-09-04,3,,not_collected,
1636620,Cognition Method,2026-09-01,post_launch_reviews_total,2026-09-05,4,,not_collected,
1636620,Cognition Method,2026-09-01,post_launch_reviews_total,2026-09-06,5,,not_collected,
1636620,Cognition Method,2026-09-01,post_launch_reviews_total,2026-09-07,6,,not_collected,
1636620,Cognition Method,2026-09-01,post_launch_reviews_total,2026-09-08,7,,not_collected,
2872600,Colonies of The Remnant,2026-07-17,pre_launch_wishlist_rank,2026-07-10,-7,,not_in_captured_wishlist_ranking,
2872600,Colonies of The Remnant,2026-07-17,pre_launch_wishlist_rank,2026-07-11,-6,1907,ok,2026-07-11T04:45:57.358Z
2872600,Colonies of The Remnant,2026-07-17,pre_launch_wishlist_rank,2026-07-12,-5,1816,ok,2026-07-12T04:57:39.930Z
2872600,Colonies of The Remnant,2026-07-17,pre_launch_wishlist_rank,2026-07-13,-4,1641,ok,2026-07-13T05:04:37.802Z
2872600,Colonies of The Remnant,2026-07-17,pre_launch_wishlist_rank,2026-07-14,-3,1542,ok,2026-07-14T04:32:48.120Z
2872600,Colonies of The Remnant,2026-07-17,pre_launch_wishlist_rank,2026-07-15,-2,1448,ok,2026-07-15T04:32:45.763Z
2872600,Colonies of The Remnant,2026-07-17,pre_launch_wishlist_rank,2026-07-16,-1,1384,ok,2026-07-16T04:42:31.378Z
2872600,Colonies of The Remnant,2026-07-17,post_launch_reviews_total,2026-07-17,0,0,ok,2026-07-17T04:45:39.030Z
2872600,Colonies of The Remnant,2026-07-17,post_launch_reviews_total,2026-07-18,1,,not_collected,
2872600,Colonies of The Remnant,2026-07-17,post_launch_reviews_total,2026-07-19,2,,not_collected,
2872600,Colonies of The Remnant,2026-07-17,post_launch_reviews_total,2026-07-20,3,,not_collected,
2872600,Colonies of The Remnant,2026-07-17,post_launch_reviews_total,2026-07-21,4,,not_collected,
2872600,Colonies of The Remnant,2026-07-17,post_launch_reviews_total,2026-07-22,5,,not_collected,
2872600,Colonies of The Remnant,2026-07-17,post_launch_reviews_total,2026-07-23,6,,not_collected,
2872600,Colonies of The Remnant,2026-07-17,post_launch_reviews_total,2026-07-24,7,,not_collected,
2831170,Color Fear,2026-08-01,pre_launch_wishlist_rank,2026-07-25,-7,,not_in_captured_wishlist_ranking,
2831170,Color Fear,2026-08-01,pre_launch_wishlist_rank,2026-07-26,-6,,not_in_captured_wishlist_ranking,
2831170,Color Fear,2026-08-01,pre_launch_wishlist_rank,2026-07-27,-5,,not_in_captured_wishlist_ranking,
2831170,Color Fear,2026-08-01,pre_launch_wishlist_rank,2026-07-28,-4,,not_in_captured_wishlist_ranking,
2831170,Color Fear,2026-08-01,pre_launch_wishlist_rank,2026-07-29,-3,,not_in_captured_wishlist_ranking,
2831170,Color Fear,2026-08-01,pre_launch_wishlist_rank,2026-07-30,-2,,not_in_captured_wishlist_ranking,
2831170,Color Fear,2026-08-01,pre_launch_wishlist_rank,2026-07-31,-1,1940,ok,2026-07-31T05:04:54.532Z
2831170,Color Fear,2026-08-01,post_launch_reviews_total,2026-08-01,0,,not_collected,
2831170,Color Fear,2026-08-01,post_launch_reviews_total,2026-08-02,1,,not_collected,
2831170,Color Fear,2026-08-01,post_launch_reviews_total,2026-08-03,2,,not_collected,
2831170,Color Fear,2026-08-01,post_launch_reviews_total,2026-08-04,3,,not_collected,
2831170,Color Fear,2026-08-01,post_launch_reviews_total,2026-08-05,4,,not_collected,
2831170,Color Fear,2026-08-01,post_launch_reviews_total,2026-08-06,5,0,ok,2026-08-06T04:47:09.485Z
2831170,Color Fear,2026-08-01,post_launch_reviews_total,2026-08-07,6,0,ok,2026-08-07T04:13:26.771Z
2831170,Color Fear,2026-08-01,post_launch_reviews_total,2026-08-08,7,0,ok,2026-08-08T03:11:38.214Z
4834820,Coloring Pixels - Jigsaw Pack,2026-07-10,pre_launch_wishlist_rank,2026-07-03,-7,,not_in_captured_wishlist_ranking,
4834820,Coloring Pixels - Jigsaw Pack,2026-07-10,pre_launch_wishlist_rank,2026-07-04,-6,,not_in_captured_wishlist_ranking,
4834820,Coloring Pixels - Jigsaw Pack,2026-07-10,pre_launch_wishlist_rank,2026-07-05,-5,,not_in_captured_wishlist_ranking,
4834820,Coloring Pixels - Jigsaw Pack,2026-07-10,pre_launch_wishlist_rank,2026-07-06,-4,,not_in_captured_wishlist_ranking,
4834820,Coloring Pixels - Jigsaw Pack,2026-07-10,pre_launch_wishlist_rank,2026-07-07,-3,,not_in_captured_wishlist_ranking,
4834820,Coloring Pixels - Jigsaw Pack,2026-07-10,pre_launch_wishlist_rank,2026-07-08,-2,,not_in_captured_wishlist_ranking,
4834820,Coloring Pixels - Jigsaw Pack,2026-07-10,pre_launch_wishlist_rank,2026-07-09,-1,,not_in_captured_wishlist_ranking,
4834820,Coloring Pixels - Jigsaw Pack,2026-07-10,post_launch_reviews_total,2026-07-10,0,0,ok,2026-07-10T05:43:57.377Z
4834820,Coloring Pixels - Jigsaw Pack,2026-07-10,post_launch_reviews_total,2026-07-11,1,,not_collected,
4834820,Coloring Pixels - Jigsaw Pack,2026-07-10,post_launch_reviews_total,2026-07-12,2,,not_collected,
4834820,Coloring Pixels - Jigsaw Pack,2026-07-10,post_launch_reviews_total,2026-07-13,3,,not_collected,
4834820,Coloring Pixels - Jigsaw Pack,2026-07-10,post_launch_reviews_total,2026-07-14,4,,not_collected,
4834820,Coloring Pixels - Jigsaw Pack,2026-07-10,post_launch_reviews_total,2026-07-15,5,,not_collected,
4834820,Coloring Pixels - Jigsaw Pack,2026-07-10,post_launch_reviews_total,2026-07-16,6,,not_collected,
4834820,Coloring Pixels - Jigsaw Pack,2026-07-10,post_launch_reviews_total,2026-07-17,7,,not_collected,
4075620,Combolands: Roguelike Citybuilder,2026-08-24,pre_launch_wishlist_rank,2026-08-17,-7,1452,ok,2026-08-17T02:45:10.258Z
4075620,Combolands: Roguelike Citybuilder,2026-08-24,pre_launch_wishlist_rank,2026-08-18,-6,1394,ok,2026-08-18T02:39:27.140Z
4075620,Combolands: Roguelike Citybuilder,2026-08-24,pre_launch_wishlist_rank,2026-08-19,-5,1332,ok,2026-08-19T02:42:36.358Z
4075620,Combolands: Roguelike Citybuilder,2026-08-24,pre_launch_wishlist_rank,2026-08-20,-4,1278,ok,2026-08-20T02:40:42.136Z
4075620,Combolands: Roguelike Citybuilder,2026-08-24,pre_launch_wishlist_rank,2026-08-21,-3,1221,ok,2026-08-21T02:47:33.763Z
4075620,Combolands: Roguelike Citybuilder,2026-08-24,pre_launch_wishlist_rank,2026-08-22,-2,1173,ok,2026-08-22T02:38:05.157Z
4075620,Combolands: Roguelike Citybuilder,2026-08-24,pre_launch_wishlist_rank,2026-08-23,-1,1109,ok,2026-08-23T02:47:54.993Z
4075620,Combolands: Roguelike Citybuilder,2026-08-24,post_launch_reviews_total,2026-08-24,0,0,ok,2026-08-24T02:48:36.097Z
4075620,Combolands: Roguelike Citybuilder,2026-08-24,post_launch_reviews_total,2026-08-25,1,,not_collected,
4075620,Combolands: Roguelike Citybuilder,2026-08-24,post_launch_reviews_total,2026-08-26,2,,not_collected,
4075620,Combolands: Roguelike Citybuilder,2026-08-24,post_launch_reviews_total,2026-08-27,3,,not_collected,
4075620,Combolands: Roguelike Citybuilder,2026-08-24,post_launch_reviews_total,2026-08-28,4,,not_collected,
4075620,Combolands: Roguelike Citybuilder,2026-08-24,post_launch_reviews_total,2026-08-29,5,,not_collected,
4075620,Combolands: Roguelike Citybuilder,2026-08-24,post_launch_reviews_total,2026-08-30,6,,not_collected,
4075620,Combolands: Roguelike Citybuilder,2026-08-24,post_launch_reviews_total,2026-08-31,7,,not_collected,
4836540,Company of Heroes 3: Final Stand,2026-07-29,pre_launch_wishlist_rank,2026-07-22,-7,1102,ok,2026-07-22T04:50:32.272Z
4836540,Company of Heroes 3: Final Stand,2026-07-29,pre_launch_wishlist_rank,2026-07-23,-6,1063,ok,2026-07-23T04:56:12.842Z
4836540,Company of Heroes 3: Final Stand,2026-07-29,pre_launch_wishlist_rank,2026-07-24,-5,1018,ok,2026-07-24T04:51:55.902Z
4836540,Company of Heroes 3: Final Stand,2026-07-29,pre_launch_wishlist_rank,2026-07-25,-4,983,ok,2026-07-25T04:47:58.982Z
4836540,Company of Heroes 3: Final Stand,2026-07-29,pre_launch_wishlist_rank,2026-07-26,-3,937,ok,2026-07-26T05:02:25.100Z
4836540,Company of Heroes 3: Final Stand,2026-07-29,pre_launch_wishlist_rank,2026-07-27,-2,873,ok,2026-07-27T05:28:24.621Z
4836540,Company of Heroes 3: Final Stand,2026-07-29,pre_launch_wishlist_rank,2026-07-28,-1,819,ok,2026-07-28T04:45:52.627Z
4836540,Company of Heroes 3: Final Stand,2026-07-29,post_launch_reviews_total,2026-07-29,0,0,ok,2026-07-29T04:50:58.767Z
4836540,Company of Heroes 3: Final Stand,2026-07-29,post_launch_reviews_total,2026-07-30,1,,not_collected,
4836540,Company of Heroes 3: Final Stand,2026-07-29,post_launch_reviews_total,2026-07-31,2,,not_collected,
4836540,Company of Heroes 3: Final Stand,2026-07-29,post_launch_reviews_total,2026-08-01,3,,not_collected,
4836540,Company of Heroes 3: Final Stand,2026-07-29,post_launch_reviews_total,2026-08-02,4,,not_collected,
4836540,Company of Heroes 3: Final Stand,2026-07-29,post_launch_reviews_total,2026-08-03,5,,not_collected,
4836540,Company of Heroes 3: Final Stand,2026-07-29,post_launch_reviews_total,2026-08-04,6,,not_collected,
4836540,Company of Heroes 3: Final Stand,2026-07-29,post_launch_reviews_total,2026-08-05,7,,not_collected,
4084160,Conqueror's Stage,2026-07-03,pre_launch_wishlist_rank,2026-06-26,-7,,not_collected,
4084160,Conqueror's Stage,2026-07-03,pre_launch_wishlist_rank,2026-06-27,-6,,not_collected,
4084160,Conqueror's Stage,2026-07-03,pre_launch_wishlist_rank,2026-06-28,-5,,not_collected,
4084160,Conqueror's Stage,2026-07-03,pre_launch_wishlist_rank,2026-06-29,-4,,not_collected,
4084160,Conqueror's Stage,2026-07-03,pre_launch_wishlist_rank,2026-06-30,-3,,not_collected,
4084160,Conqueror's Stage,2026-07-03,pre_launch_wishlist_rank,2026-07-01,-2,,not_collected,
4084160,Conqueror's Stage,2026-07-03,pre_launch_wishlist_rank,2026-07-02,-1,,not_collected,
4084160,Conqueror's Stage,2026-07-03,post_launch_reviews_total,2026-07-03,0,0,ok,2026-07-03T04:27:24.412Z
4084160,Conqueror's Stage,2026-07-03,post_launch_reviews_total,2026-07-04,1,,not_collected,
4084160,Conqueror's Stage,2026-07-03,post_launch_reviews_total,2026-07-05,2,,not_collected,
4084160,Conqueror's Stage,2026-07-03,post_launch_reviews_total,2026-07-06,3,,not_collected,
4084160,Conqueror's Stage,2026-07-03,post_launch_reviews_total,2026-07-07,4,,not_collected,
4084160,Conqueror's Stage,2026-07-03,post_launch_reviews_total,2026-07-08,5,,not_collected,
4084160,Conqueror's Stage,2026-07-03,post_launch_reviews_total,2026-07-09,6,,not_collected,
4084160,Conqueror's Stage,2026-07-03,post_launch_reviews_total,2026-07-10,7,,not_collected,
4838360,Construction Company,2026-08-28,pre_launch_wishlist_rank,2026-08-21,-7,,not_in_captured_wishlist_ranking,
4838360,Construction Company,2026-08-28,pre_launch_wishlist_rank,2026-08-22,-6,,not_in_captured_wishlist_ranking,
4838360,Construction Company,2026-08-28,pre_launch_wishlist_rank,2026-08-23,-5,,not_in_captured_wishlist_ranking,
4838360,Construction Company,2026-08-28,pre_launch_wishlist_rank,2026-08-24,-4,,not_in_captured_wishlist_ranking,
4838360,Construction Company,2026-08-28,pre_launch_wishlist_rank,2026-08-25,-3,,not_in_captured_wishlist_ranking,
4838360,Construction Company,2026-08-28,pre_launch_wishlist_rank,2026-08-26,-2,,not_in_captured_wishlist_ranking,
4838360,Construction Company,2026-08-28,pre_launch_wishlist_rank,2026-08-27,-1,,not_in_captured_wishlist_ranking,
4838360,Construction Company,2026-08-28,post_launch_reviews_total,2026-08-28,0,,not_collected,
4838360,Construction Company,2026-08-28,post_launch_reviews_total,2026-08-29,1,,not_collected,
4838360,Construction Company,2026-08-28,post_launch_reviews_total,2026-08-30,2,,not_collected,
4838360,Construction Company,2026-08-28,post_launch_reviews_total,2026-08-31,3,,not_collected,
4838360,Construction Company,2026-08-28,post_launch_reviews_total,2026-09-01,4,,not_collected,
4838360,Construction Company,2026-08-28,post_launch_reviews_total,2026-09-02,5,,not_collected,
4838360,Construction Company,2026-08-28,post_launch_reviews_total,2026-09-03,6,,not_collected,
4838360,Construction Company,2026-08-28,post_launch_reviews_total,2026-09-04,7,,not_collected,
3669870,CONTROL Resonant,2026-09-24,pre_launch_wishlist_rank,2026-09-17,-7,,not_collected,
3669870,CONTROL Resonant,2026-09-24,pre_launch_wishlist_rank,2026-09-18,-6,,not_collected,
3669870,CONTROL Resonant,2026-09-24,pre_launch_wishlist_rank,2026-09-19,-5,,not_collected,
3669870,CONTROL Resonant,2026-09-24,pre_launch_wishlist_rank,2026-09-20,-4,,not_collected,
3669870,CONTROL Resonant,2026-09-24,pre_launch_wishlist_rank,2026-09-21,-3,,not_collected,
3669870,CONTROL Resonant,2026-09-24,pre_launch_wishlist_rank,2026-09-22,-2,,not_collected,
3669870,CONTROL Resonant,2026-09-24,pre_launch_wishlist_rank,2026-09-23,-1,,not_collected,
3669870,CONTROL Resonant,2026-09-24,post_launch_reviews_total,2026-09-24,0,,not_collected,
3669870,CONTROL Resonant,2026-09-24,post_launch_reviews_total,2026-09-25,1,,not_collected,
3669870,CONTROL Resonant,2026-09-24,post_launch_reviews_total,2026-09-26,2,,not_collected,
3669870,CONTROL Resonant,2026-09-24,post_launch_reviews_total,2026-09-27,3,,not_collected,
3669870,CONTROL Resonant,2026-09-24,post_launch_reviews_total,2026-09-28,4,,not_collected,
3669870,CONTROL Resonant,2026-09-24,post_launch_reviews_total,2026-09-29,5,,not_collected,
3669870,CONTROL Resonant,2026-09-24,post_launch_reviews_total,2026-09-30,6,,not_collected,
3669870,CONTROL Resonant,2026-09-24,post_launch_reviews_total,2026-10-01,7,,not_collected,
4481560,CORGI & WOOLLY - Little Horizon -,2026-07-09,pre_launch_wishlist_rank,2026-07-02,-7,,not_collected,
4481560,CORGI & WOOLLY - Little Horizon -,2026-07-09,pre_launch_wishlist_rank,2026-07-03,-6,,not_in_captured_wishlist_ranking,
4481560,CORGI & WOOLLY - Little Horizon -,2026-07-09,pre_launch_wishlist_rank,2026-07-04,-5,,not_in_captured_wishlist_ranking,
4481560,CORGI & WOOLLY - Little Horizon -,2026-07-09,pre_launch_wishlist_rank,2026-07-05,-4,,not_in_captured_wishlist_ranking,
4481560,CORGI & WOOLLY - Little Horizon -,2026-07-09,pre_launch_wishlist_rank,2026-07-06,-3,,not_in_captured_wishlist_ranking,
4481560,CORGI & WOOLLY - Little Horizon -,2026-07-09,pre_launch_wishlist_rank,2026-07-07,-2,,not_in_captured_wishlist_ranking,
4481560,CORGI & WOOLLY - Little Horizon -,2026-07-09,pre_launch_wishlist_rank,2026-07-08,-1,,not_in_captured_wishlist_ranking,
4481560,CORGI & WOOLLY - Little Horizon -,2026-07-09,post_launch_reviews_total,2026-07-09,0,0,ok,2026-07-09T05:46:21.155Z
4481560,CORGI & WOOLLY - Little Horizon -,2026-07-09,post_launch_reviews_total,2026-07-10,1,,not_collected,
4481560,CORGI & WOOLLY - Little Horizon -,2026-07-09,post_launch_reviews_total,2026-07-11,2,,not_collected,
4481560,CORGI & WOOLLY - Little Horizon -,2026-07-09,post_launch_reviews_total,2026-07-12,3,,not_collected,
4481560,CORGI & WOOLLY - Little Horizon -,2026-07-09,post_launch_reviews_total,2026-07-13,4,,not_collected,
4481560,CORGI & WOOLLY - Little Horizon -,2026-07-09,post_launch_reviews_total,2026-07-14,5,,not_collected,
4481560,CORGI & WOOLLY - Little Horizon -,2026-07-09,post_launch_reviews_total,2026-07-15,6,,not_collected,
4481560,CORGI & WOOLLY - Little Horizon -,2026-07-09,post_launch_reviews_total,2026-07-16,7,,not_collected,
4672570,CORGI & WOOLLY - Little Horizon - Supporter Pack,2026-07-09,pre_launch_wishlist_rank,2026-07-02,-7,,not_collected,
4672570,CORGI & WOOLLY - Little Horizon - Supporter Pack,2026-07-09,pre_launch_wishlist_rank,2026-07-03,-6,,not_in_captured_wishlist_ranking,
4672570,CORGI & WOOLLY - Little Horizon - Supporter Pack,2026-07-09,pre_launch_wishlist_rank,2026-07-04,-5,,not_in_captured_wishlist_ranking,
4672570,CORGI & WOOLLY - Little Horizon - Supporter Pack,2026-07-09,pre_launch_wishlist_rank,2026-07-05,-4,,not_in_captured_wishlist_ranking,
4672570,CORGI & WOOLLY - Little Horizon - Supporter Pack,2026-07-09,pre_launch_wishlist_rank,2026-07-06,-3,,not_in_captured_wishlist_ranking,
4672570,CORGI & WOOLLY - Little Horizon - Supporter Pack,2026-07-09,pre_launch_wishlist_rank,2026-07-07,-2,,not_in_captured_wishlist_ranking,
4672570,CORGI & WOOLLY - Little Horizon - Supporter Pack,2026-07-09,pre_launch_wishlist_rank,2026-07-08,-1,,not_in_captured_wishlist_ranking,
4672570,CORGI & WOOLLY - Little Horizon - Supporter Pack,2026-07-09,post_launch_reviews_total,2026-07-09,0,0,ok,2026-07-09T05:46:21.155Z
4672570,CORGI & WOOLLY - Little Horizon - Supporter Pack,2026-07-09,post_launch_reviews_total,2026-07-10,1,,not_collected,
4672570,CORGI & WOOLLY - Little Horizon - Supporter Pack,2026-07-09,post_launch_reviews_total,2026-07-11,2,,not_collected,
4672570,CORGI & WOOLLY - Little Horizon - Supporter Pack,2026-07-09,post_launch_reviews_total,2026-07-12,3,,not_collected,
4672570,CORGI & WOOLLY - Little Horizon - Supporter Pack,2026-07-09,post_launch_reviews_total,2026-07-13,4,,not_collected,
4672570,CORGI & WOOLLY - Little Horizon - Supporter Pack,2026-07-09,post_launch_reviews_total,2026-07-14,5,,not_collected,
4672570,CORGI & WOOLLY - Little Horizon - Supporter Pack,2026-07-09,post_launch_reviews_total,2026-07-15,6,,not_collected,
4672570,CORGI & WOOLLY - Little Horizon - Supporter Pack,2026-07-09,post_launch_reviews_total,2026-07-16,7,,not_collected,
4853590,CORRUPT.EXE,2026-07-04,pre_launch_wishlist_rank,2026-06-27,-7,,not_collected,
4853590,CORRUPT.EXE,2026-07-04,pre_launch_wishlist_rank,2026-06-28,-6,,not_collected,
4853590,CORRUPT.EXE,2026-07-04,pre_launch_wishlist_rank,2026-06-29,-5,,not_collected,
4853590,CORRUPT.EXE,2026-07-04,pre_launch_wishlist_rank,2026-06-30,-4,,not_collected,
4853590,CORRUPT.EXE,2026-07-04,pre_launch_wishlist_rank,2026-07-01,-3,,not_collected,
4853590,CORRUPT.EXE,2026-07-04,pre_launch_wishlist_rank,2026-07-02,-2,,not_collected,
4853590,CORRUPT.EXE,2026-07-04,pre_launch_wishlist_rank,2026-07-03,-1,,not_in_captured_wishlist_ranking,
4853590,CORRUPT.EXE,2026-07-04,post_launch_reviews_total,2026-07-04,0,0,ok,2026-07-04T05:10:05.970Z
4853590,CORRUPT.EXE,2026-07-04,post_launch_reviews_total,2026-07-05,1,,not_collected,
4853590,CORRUPT.EXE,2026-07-04,post_launch_reviews_total,2026-07-06,2,,not_collected,
4853590,CORRUPT.EXE,2026-07-04,post_launch_reviews_total,2026-07-07,3,,not_collected,
4853590,CORRUPT.EXE,2026-07-04,post_launch_reviews_total,2026-07-08,4,,not_collected,
4853590,CORRUPT.EXE,2026-07-04,post_launch_reviews_total,2026-07-09,5,,not_collected,
4853590,CORRUPT.EXE,2026-07-04,post_launch_reviews_total,2026-07-10,6,,not_collected,
4853590,CORRUPT.EXE,2026-07-04,post_launch_reviews_total,2026-07-11,7,,not_collected,
1368140,Corsair Cove,2026-07-31,pre_launch_wishlist_rank,2026-07-24,-7,99,ok,2026-07-24T04:51:55.902Z
1368140,Corsair Cove,2026-07-31,pre_launch_wishlist_rank,2026-07-25,-6,96,ok,2026-07-25T04:47:58.982Z
1368140,Corsair Cove,2026-07-31,pre_launch_wishlist_rank,2026-07-26,-5,93,ok,2026-07-26T05:02:25.100Z
1368140,Corsair Cove,2026-07-31,pre_launch_wishlist_rank,2026-07-27,-4,91,ok,2026-07-27T05:28:24.621Z
1368140,Corsair Cove,2026-07-31,pre_launch_wishlist_rank,2026-07-28,-3,88,ok,2026-07-28T04:45:52.627Z
1368140,Corsair Cove,2026-07-31,pre_launch_wishlist_rank,2026-07-29,-2,84,ok,2026-07-29T04:50:58.767Z
1368140,Corsair Cove,2026-07-31,pre_launch_wishlist_rank,2026-07-30,-1,77,ok,2026-07-30T04:38:29.620Z
1368140,Corsair Cove,2026-07-31,post_launch_reviews_total,2026-07-31,0,0,ok,2026-07-31T05:04:54.532Z
1368140,Corsair Cove,2026-07-31,post_launch_reviews_total,2026-08-01,1,,not_collected,
1368140,Corsair Cove,2026-07-31,post_launch_reviews_total,2026-08-02,2,,not_collected,
1368140,Corsair Cove,2026-07-31,post_launch_reviews_total,2026-08-03,3,,not_collected,
1368140,Corsair Cove,2026-07-31,post_launch_reviews_total,2026-08-04,4,,not_collected,
1368140,Corsair Cove,2026-07-31,post_launch_reviews_total,2026-08-05,5,,not_collected,
1368140,Corsair Cove,2026-07-31,post_launch_reviews_total,2026-08-06,6,,not_collected,
1368140,Corsair Cove,2026-07-31,post_launch_reviews_total,2026-08-07,7,,not_collected,
3161350,COSETTE: THE UNTITLED GAME,2026-08-19,pre_launch_wishlist_rank,2026-08-12,-7,,not_in_captured_wishlist_ranking,
3161350,COSETTE: THE UNTITLED GAME,2026-08-19,pre_launch_wishlist_rank,2026-08-13,-6,,not_in_captured_wishlist_ranking,
3161350,COSETTE: THE UNTITLED GAME,2026-08-19,pre_launch_wishlist_rank,2026-08-14,-5,,not_in_captured_wishlist_ranking,
3161350,COSETTE: THE UNTITLED GAME,2026-08-19,pre_launch_wishlist_rank,2026-08-15,-4,,not_in_captured_wishlist_ranking,
3161350,COSETTE: THE UNTITLED GAME,2026-08-19,pre_launch_wishlist_rank,2026-08-16,-3,,not_in_captured_wishlist_ranking,
3161350,COSETTE: THE UNTITLED GAME,2026-08-19,pre_launch_wishlist_rank,2026-08-17,-2,1951,ok,2026-08-17T02:45:10.258Z
3161350,COSETTE: THE UNTITLED GAME,2026-08-19,pre_launch_wishlist_rank,2026-08-18,-1,1805,ok,2026-08-18T02:39:27.140Z
3161350,COSETTE: THE UNTITLED GAME,2026-08-19,post_launch_reviews_total,2026-08-19,0,0,ok,2026-08-19T02:42:36.358Z
3161350,COSETTE: THE UNTITLED GAME,2026-08-19,post_launch_reviews_total,2026-08-20,1,,not_collected,
3161350,COSETTE: THE UNTITLED GAME,2026-08-19,post_launch_reviews_total,2026-08-21,2,,not_collected,
3161350,COSETTE: THE UNTITLED GAME,2026-08-19,post_launch_reviews_total,2026-08-22,3,,not_collected,
3161350,COSETTE: THE UNTITLED GAME,2026-08-19,post_launch_reviews_total,2026-08-23,4,,not_collected,
3161350,COSETTE: THE UNTITLED GAME,2026-08-19,post_launch_reviews_total,2026-08-24,5,,not_collected,
3161350,COSETTE: THE UNTITLED GAME,2026-08-19,post_launch_reviews_total,2026-08-25,6,,not_collected,
3161350,COSETTE: THE UNTITLED GAME,2026-08-19,post_launch_reviews_total,2026-08-26,7,,not_collected,
3722660,Cosmodrill,2026-07-06,pre_launch_wishlist_rank,2026-06-29,-7,,not_collected,
3722660,Cosmodrill,2026-07-06,pre_launch_wishlist_rank,2026-06-30,-6,,not_collected,
3722660,Cosmodrill,2026-07-06,pre_launch_wishlist_rank,2026-07-01,-5,,not_collected,
3722660,Cosmodrill,2026-07-06,pre_launch_wishlist_rank,2026-07-02,-4,,not_collected,
3722660,Cosmodrill,2026-07-06,pre_launch_wishlist_rank,2026-07-03,-3,,not_in_captured_wishlist_ranking,
3722660,Cosmodrill,2026-07-06,pre_launch_wishlist_rank,2026-07-04,-2,,not_in_captured_wishlist_ranking,
3722660,Cosmodrill,2026-07-06,pre_launch_wishlist_rank,2026-07-05,-1,,not_in_captured_wishlist_ranking,
3722660,Cosmodrill,2026-07-06,post_launch_reviews_total,2026-07-06,0,0,ok,2026-07-06T04:31:47.397Z
3722660,Cosmodrill,2026-07-06,post_launch_reviews_total,2026-07-07,1,,not_collected,
3722660,Cosmodrill,2026-07-06,post_launch_reviews_total,2026-07-08,2,,not_collected,
3722660,Cosmodrill,2026-07-06,post_launch_reviews_total,2026-07-09,3,,not_collected,
3722660,Cosmodrill,2026-07-06,post_launch_reviews_total,2026-07-10,4,,not_collected,
3722660,Cosmodrill,2026-07-06,post_launch_reviews_total,2026-07-11,5,,not_collected,
3722660,Cosmodrill,2026-07-06,post_launch_reviews_total,2026-07-12,6,,not_collected,
3722660,Cosmodrill,2026-07-06,post_launch_reviews_total,2026-07-13,7,,not_collected,
4513880,Could You Be a Gal Master?,2026-08-07,pre_launch_wishlist_rank,2026-07-31,-7,,not_in_captured_wishlist_ranking,
4513880,Could You Be a Gal Master?,2026-08-07,pre_launch_wishlist_rank,2026-08-01,-6,,not_in_captured_wishlist_ranking,
4513880,Could You Be a Gal Master?,2026-08-07,pre_launch_wishlist_rank,2026-08-02,-5,,not_in_captured_wishlist_ranking,
4513880,Could You Be a Gal Master?,2026-08-07,pre_launch_wishlist_rank,2026-08-03,-4,,not_in_captured_wishlist_ranking,
4513880,Could You Be a Gal Master?,2026-08-07,pre_launch_wishlist_rank,2026-08-04,-3,,not_in_captured_wishlist_ranking,
4513880,Could You Be a Gal Master?,2026-08-07,pre_launch_wishlist_rank,2026-08-05,-2,,not_in_captured_wishlist_ranking,
4513880,Could You Be a Gal Master?,2026-08-07,pre_launch_wishlist_rank,2026-08-06,-1,,not_in_captured_wishlist_ranking,
4513880,Could You Be a Gal Master?,2026-08-07,post_launch_reviews_total,2026-08-07,0,0,ok,2026-08-07T04:13:26.771Z
4513880,Could You Be a Gal Master?,2026-08-07,post_launch_reviews_total,2026-08-08,1,,not_collected,
4513880,Could You Be a Gal Master?,2026-08-07,post_launch_reviews_total,2026-08-09,2,,not_collected,
4513880,Could You Be a Gal Master?,2026-08-07,post_launch_reviews_total,2026-08-10,3,,not_collected,
4513880,Could You Be a Gal Master?,2026-08-07,post_launch_reviews_total,2026-08-11,4,,not_collected,
4513880,Could You Be a Gal Master?,2026-08-07,post_launch_reviews_total,2026-08-12,5,,not_collected,
4513880,Could You Be a Gal Master?,2026-08-07,post_launch_reviews_total,2026-08-13,6,,not_collected,
4513880,Could You Be a Gal Master?,2026-08-07,post_launch_reviews_total,2026-08-14,7,,not_collected,
2021960,Cozy Grove: Camp Spirit,2026-07-15,pre_launch_wishlist_rank,2026-07-08,-7,1408,ok,2026-07-08T04:50:41.299Z
2021960,Cozy Grove: Camp Spirit,2026-07-15,pre_launch_wishlist_rank,2026-07-09,-6,1398,ok,2026-07-09T05:46:21.155Z
2021960,Cozy Grove: Camp Spirit,2026-07-15,pre_launch_wishlist_rank,2026-07-10,-5,1374,ok,2026-07-10T05:43:57.377Z
2021960,Cozy Grove: Camp Spirit,2026-07-15,pre_launch_wishlist_rank,2026-07-11,-4,1341,ok,2026-07-11T04:45:57.358Z
2021960,Cozy Grove: Camp Spirit,2026-07-15,pre_launch_wishlist_rank,2026-07-12,-3,1312,ok,2026-07-12T04:57:39.930Z
2021960,Cozy Grove: Camp Spirit,2026-07-15,pre_launch_wishlist_rank,2026-07-13,-2,1268,ok,2026-07-13T05:04:37.802Z
2021960,Cozy Grove: Camp Spirit,2026-07-15,pre_launch_wishlist_rank,2026-07-14,-1,1237,ok,2026-07-14T04:32:48.120Z
2021960,Cozy Grove: Camp Spirit,2026-07-15,post_launch_reviews_total,2026-07-15,0,0,ok,2026-07-15T04:32:45.763Z
2021960,Cozy Grove: Camp Spirit,2026-07-15,post_launch_reviews_total,2026-07-16,1,,not_collected,
2021960,Cozy Grove: Camp Spirit,2026-07-15,post_launch_reviews_total,2026-07-17,2,,not_collected,
2021960,Cozy Grove: Camp Spirit,2026-07-15,post_launch_reviews_total,2026-07-18,3,,not_collected,
2021960,Cozy Grove: Camp Spirit,2026-07-15,post_launch_reviews_total,2026-07-19,4,,not_collected,
2021960,Cozy Grove: Camp Spirit,2026-07-15,post_launch_reviews_total,2026-07-20,5,,not_collected,
2021960,Cozy Grove: Camp Spirit,2026-07-15,post_launch_reviews_total,2026-07-21,6,,not_collected,
2021960,Cozy Grove: Camp Spirit,2026-07-15,post_launch_reviews_total,2026-07-22,7,,not_collected,
4051800,Crime Scene Clean: Paranormal,2026-09-01,pre_launch_wishlist_rank,2026-08-25,-7,,not_in_captured_wishlist_ranking,
4051800,Crime Scene Clean: Paranormal,2026-09-01,pre_launch_wishlist_rank,2026-08-26,-6,,not_in_captured_wishlist_ranking,
4051800,Crime Scene Clean: Paranormal,2026-09-01,pre_launch_wishlist_rank,2026-08-27,-5,,not_in_captured_wishlist_ranking,
4051800,Crime Scene Clean: Paranormal,2026-09-01,pre_launch_wishlist_rank,2026-08-28,-4,,not_in_captured_wishlist_ranking,
4051800,Crime Scene Clean: Paranormal,2026-09-01,pre_launch_wishlist_rank,2026-08-29,-3,,not_in_captured_wishlist_ranking,
4051800,Crime Scene Clean: Paranormal,2026-09-01,pre_launch_wishlist_rank,2026-08-30,-2,,not_in_captured_wishlist_ranking,
4051800,Crime Scene Clean: Paranormal,2026-09-01,pre_launch_wishlist_rank,2026-08-31,-1,,not_in_captured_wishlist_ranking,
4051800,Crime Scene Clean: Paranormal,2026-09-01,post_launch_reviews_total,2026-09-01,0,0,ok,2026-09-01T06:43:33.167Z
4051800,Crime Scene Clean: Paranormal,2026-09-01,post_launch_reviews_total,2026-09-02,1,,not_collected,
4051800,Crime Scene Clean: Paranormal,2026-09-01,post_launch_reviews_total,2026-09-03,2,,not_collected,
4051800,Crime Scene Clean: Paranormal,2026-09-01,post_launch_reviews_total,2026-09-04,3,,not_collected,
4051800,Crime Scene Clean: Paranormal,2026-09-01,post_launch_reviews_total,2026-09-05,4,,not_collected,
4051800,Crime Scene Clean: Paranormal,2026-09-01,post_launch_reviews_total,2026-09-06,5,,not_collected,
4051800,Crime Scene Clean: Paranormal,2026-09-01,post_launch_reviews_total,2026-09-07,6,,not_collected,
4051800,Crime Scene Clean: Paranormal,2026-09-01,post_launch_reviews_total,2026-09-08,7,,not_collected,
4317690,Crimson Moon,2026-09-01,pre_launch_wishlist_rank,2026-08-25,-7,144,ok,2026-08-25T02:42:46.392Z
4317690,Crimson Moon,2026-09-01,pre_launch_wishlist_rank,2026-08-26,-6,143,ok,2026-08-26T02:50:15.789Z
4317690,Crimson Moon,2026-09-01,pre_launch_wishlist_rank,2026-08-27,-5,127,ok,2026-08-27T11:57:45.810Z
4317690,Crimson Moon,2026-09-01,pre_launch_wishlist_rank,2026-08-28,-4,116,ok,2026-08-28T13:19:41.332Z
4317690,Crimson Moon,2026-09-01,pre_launch_wishlist_rank,2026-08-29,-3,114,ok,2026-08-29T08:16:08.181Z
4317690,Crimson Moon,2026-09-01,pre_launch_wishlist_rank,2026-08-30,-2,104,ok,2026-08-30T07:17:27.365Z
4317690,Crimson Moon,2026-09-01,pre_launch_wishlist_rank,2026-08-31,-1,91,ok,2026-08-31T07:32:46.352Z
4317690,Crimson Moon,2026-09-01,post_launch_reviews_total,2026-09-01,0,0,ok,2026-09-01T06:43:33.167Z
4317690,Crimson Moon,2026-09-01,post_launch_reviews_total,2026-09-02,1,,not_collected,
4317690,Crimson Moon,2026-09-01,post_launch_reviews_total,2026-09-03,2,,not_collected,
4317690,Crimson Moon,2026-09-01,post_launch_reviews_total,2026-09-04,3,,not_collected,
4317690,Crimson Moon,2026-09-01,post_launch_reviews_total,2026-09-05,4,,not_collected,
4317690,Crimson Moon,2026-09-01,post_launch_reviews_total,2026-09-06,5,,not_collected,
4317690,Crimson Moon,2026-09-01,post_launch_reviews_total,2026-09-07,6,,not_collected,
4317690,Crimson Moon,2026-09-01,post_launch_reviews_total,2026-09-08,7,,not_collected,
4579940,Crownhold,2026-08-16,pre_launch_wishlist_rank,2026-08-09,-7,,not_in_captured_wishlist_ranking,
4579940,Crownhold,2026-08-16,pre_launch_wishlist_rank,2026-08-10,-6,1902,ok,2026-08-10T03:29:07.136Z
4579940,Crownhold,2026-08-16,pre_launch_wishlist_rank,2026-08-11,-5,1803,ok,2026-08-11T03:21:55.619Z
4579940,Crownhold,2026-08-16,pre_launch_wishlist_rank,2026-08-12,-4,1722,ok,2026-08-12T03:40:42.315Z
4579940,Crownhold,2026-08-16,pre_launch_wishlist_rank,2026-08-13,-3,1668,ok,2026-08-13T03:51:51.678Z
4579940,Crownhold,2026-08-16,pre_launch_wishlist_rank,2026-08-14,-2,1594,ok,2026-08-14T03:41:13.555Z
4579940,Crownhold,2026-08-16,pre_launch_wishlist_rank,2026-08-15,-1,1520,ok,2026-08-15T02:36:13.648Z
4579940,Crownhold,2026-08-16,post_launch_reviews_total,2026-08-16,0,0,ok,2026-08-16T02:45:28.861Z
4579940,Crownhold,2026-08-16,post_launch_reviews_total,2026-08-17,1,,not_collected,
4579940,Crownhold,2026-08-16,post_launch_reviews_total,2026-08-18,2,,not_collected,
4579940,Crownhold,2026-08-16,post_launch_reviews_total,2026-08-19,3,,not_collected,
4579940,Crownhold,2026-08-16,post_launch_reviews_total,2026-08-20,4,,not_collected,
4579940,Crownhold,2026-08-16,post_launch_reviews_total,2026-08-21,5,,not_collected,
4579940,Crownhold,2026-08-16,post_launch_reviews_total,2026-08-22,6,,not_collected,
4579940,Crownhold,2026-08-16,post_launch_reviews_total,2026-08-23,7,,not_collected,
4646020,Crystal Breaker Inc,2026-08-21,pre_launch_wishlist_rank,2026-08-14,-7,,not_in_captured_wishlist_ranking,
4646020,Crystal Breaker Inc,2026-08-21,pre_launch_wishlist_rank,2026-08-15,-6,,not_in_captured_wishlist_ranking,
4646020,Crystal Breaker Inc,2026-08-21,pre_launch_wishlist_rank,2026-08-16,-5,,not_in_captured_wishlist_ranking,
4646020,Crystal Breaker Inc,2026-08-21,pre_launch_wishlist_rank,2026-08-17,-4,,not_in_captured_wishlist_ranking,
4646020,Crystal Breaker Inc,2026-08-21,pre_launch_wishlist_rank,2026-08-18,-3,,not_in_captured_wishlist_ranking,
4646020,Crystal Breaker Inc,2026-08-21,pre_launch_wishlist_rank,2026-08-19,-2,,not_in_captured_wishlist_ranking,
4646020,Crystal Breaker Inc,2026-08-21,pre_launch_wishlist_rank,2026-08-20,-1,,not_in_captured_wishlist_ranking,
4646020,Crystal Breaker Inc,2026-08-21,post_launch_reviews_total,2026-08-21,0,0,ok,2026-08-21T02:47:33.763Z
4646020,Crystal Breaker Inc,2026-08-21,post_launch_reviews_total,2026-08-22,1,,not_collected,
4646020,Crystal Breaker Inc,2026-08-21,post_launch_reviews_total,2026-08-23,2,,not_collected,
4646020,Crystal Breaker Inc,2026-08-21,post_launch_reviews_total,2026-08-24,3,,not_collected,
4646020,Crystal Breaker Inc,2026-08-21,post_launch_reviews_total,2026-08-25,4,,not_collected,
4646020,Crystal Breaker Inc,2026-08-21,post_launch_reviews_total,2026-08-26,5,,not_collected,
4646020,Crystal Breaker Inc,2026-08-21,post_launch_reviews_total,2026-08-27,6,,not_collected,
4646020,Crystal Breaker Inc,2026-08-21,post_launch_reviews_total,2026-08-28,7,,not_collected,
3144340,Cult of PiN,2026-08-10,pre_launch_wishlist_rank,2026-08-03,-7,,not_in_captured_wishlist_ranking,
3144340,Cult of PiN,2026-08-10,pre_launch_wishlist_rank,2026-08-04,-6,,not_in_captured_wishlist_ranking,
3144340,Cult of PiN,2026-08-10,pre_launch_wishlist_rank,2026-08-05,-5,,not_in_captured_wishlist_ranking,
3144340,Cult of PiN,2026-08-10,pre_launch_wishlist_rank,2026-08-06,-4,1912,ok,2026-08-06T04:47:09.485Z
3144340,Cult of PiN,2026-08-10,pre_launch_wishlist_rank,2026-08-07,-3,1859,ok,2026-08-07T04:13:26.771Z
3144340,Cult of PiN,2026-08-10,pre_launch_wishlist_rank,2026-08-08,-2,1799,ok,2026-08-08T03:11:38.214Z
3144340,Cult of PiN,2026-08-10,pre_launch_wishlist_rank,2026-08-09,-1,1720,ok,2026-08-09T03:19:17.318Z
3144340,Cult of PiN,2026-08-10,post_launch_reviews_total,2026-08-10,0,0,ok,2026-08-10T03:29:07.136Z
3144340,Cult of PiN,2026-08-10,post_launch_reviews_total,2026-08-11,1,,not_collected,
3144340,Cult of PiN,2026-08-10,post_launch_reviews_total,2026-08-12,2,,not_collected,
3144340,Cult of PiN,2026-08-10,post_launch_reviews_total,2026-08-13,3,,not_collected,
3144340,Cult of PiN,2026-08-10,post_launch_reviews_total,2026-08-14,4,,not_collected,
3144340,Cult of PiN,2026-08-10,post_launch_reviews_total,2026-08-15,5,,not_collected,
3144340,Cult of PiN,2026-08-10,post_launch_reviews_total,2026-08-16,6,,not_collected,
3144340,Cult of PiN,2026-08-10,post_launch_reviews_total,2026-08-17,7,,not_collected,
1895460,D-topia,2026-07-14,pre_launch_wishlist_rank,2026-07-07,-7,1609,ok,2026-07-07T05:48:04.813Z
1895460,D-topia,2026-07-14,pre_launch_wishlist_rank,2026-07-08,-6,1599,ok,2026-07-08T04:50:41.299Z
1895460,D-topia,2026-07-14,pre_launch_wishlist_rank,2026-07-09,-5,1590,ok,2026-07-09T05:46:21.155Z
1895460,D-topia,2026-07-14,pre_launch_wishlist_rank,2026-07-10,-4,1558,ok,2026-07-10T05:43:57.377Z
1895460,D-topia,2026-07-14,pre_launch_wishlist_rank,2026-07-11,-3,1482,ok,2026-07-11T04:45:57.358Z
1895460,D-topia,2026-07-14,pre_launch_wishlist_rank,2026-07-12,-2,1426,ok,2026-07-12T04:57:39.930Z
1895460,D-topia,2026-07-14,pre_launch_wishlist_rank,2026-07-13,-1,1316,ok,2026-07-13T05:04:37.802Z
1895460,D-topia,2026-07-14,post_launch_reviews_total,2026-07-14,0,0,ok,2026-07-14T04:32:48.120Z
1895460,D-topia,2026-07-14,post_launch_reviews_total,2026-07-15,1,,not_collected,
1895460,D-topia,2026-07-14,post_launch_reviews_total,2026-07-16,2,,not_collected,
1895460,D-topia,2026-07-14,post_launch_reviews_total,2026-07-17,3,,not_collected,
1895460,D-topia,2026-07-14,post_launch_reviews_total,2026-07-18,4,,not_collected,
1895460,D-topia,2026-07-14,post_launch_reviews_total,2026-07-19,5,,not_collected,
1895460,D-topia,2026-07-14,post_launch_reviews_total,2026-07-20,6,,not_collected,
1895460,D-topia,2026-07-14,post_launch_reviews_total,2026-07-21,7,,not_collected,
4964110,Darkest Dungeon®: The Fire's Edge,2026-08-18,pre_launch_wishlist_rank,2026-08-11,-7,810,ok,2026-08-11T03:21:55.619Z
4964110,Darkest Dungeon®: The Fire's Edge,2026-08-18,pre_launch_wishlist_rank,2026-08-12,-6,801,ok,2026-08-12T03:40:42.315Z
4964110,Darkest Dungeon®: The Fire's Edge,2026-08-18,pre_launch_wishlist_rank,2026-08-13,-5,798,ok,2026-08-13T03:51:51.678Z
4964110,Darkest Dungeon®: The Fire's Edge,2026-08-18,pre_launch_wishlist_rank,2026-08-14,-4,790,ok,2026-08-14T03:41:13.555Z
4964110,Darkest Dungeon®: The Fire's Edge,2026-08-18,pre_launch_wishlist_rank,2026-08-15,-3,786,ok,2026-08-15T02:36:13.648Z
4964110,Darkest Dungeon®: The Fire's Edge,2026-08-18,pre_launch_wishlist_rank,2026-08-16,-2,783,ok,2026-08-16T02:45:28.861Z
4964110,Darkest Dungeon®: The Fire's Edge,2026-08-18,pre_launch_wishlist_rank,2026-08-17,-1,780,ok,2026-08-17T02:45:10.258Z
4964110,Darkest Dungeon®: The Fire's Edge,2026-08-18,post_launch_reviews_total,2026-08-18,0,,not_collected,
4964110,Darkest Dungeon®: The Fire's Edge,2026-08-18,post_launch_reviews_total,2026-08-19,1,,not_collected,
4964110,Darkest Dungeon®: The Fire's Edge,2026-08-18,post_launch_reviews_total,2026-08-20,2,,not_collected,
4964110,Darkest Dungeon®: The Fire's Edge,2026-08-18,post_launch_reviews_total,2026-08-21,3,,not_collected,
4964110,Darkest Dungeon®: The Fire's Edge,2026-08-18,post_launch_reviews_total,2026-08-22,4,,not_collected,
4964110,Darkest Dungeon®: The Fire's Edge,2026-08-18,post_launch_reviews_total,2026-08-23,5,,not_collected,
4964110,Darkest Dungeon®: The Fire's Edge,2026-08-18,post_launch_reviews_total,2026-08-24,6,,not_collected,
4964110,Darkest Dungeon®: The Fire's Edge,2026-08-18,post_launch_reviews_total,2026-08-25,7,,not_collected,
3950130,Database Detective: Minor Crimes Division,2026-07-17,pre_launch_wishlist_rank,2026-07-10,-7,1636,ok,2026-07-10T05:43:57.377Z
3950130,Database Detective: Minor Crimes Division,2026-07-17,pre_launch_wishlist_rank,2026-07-11,-6,1538,ok,2026-07-11T04:45:57.358Z
3950130,Database Detective: Minor Crimes Division,2026-07-17,pre_launch_wishlist_rank,2026-07-12,-5,1442,ok,2026-07-12T04:57:39.930Z
3950130,Database Detective: Minor Crimes Division,2026-07-17,pre_launch_wishlist_rank,2026-07-13,-4,1269,ok,2026-07-13T05:04:37.802Z
3950130,Database Detective: Minor Crimes Division,2026-07-17,pre_launch_wishlist_rank,2026-07-14,-3,1145,ok,2026-07-14T04:32:48.120Z
3950130,Database Detective: Minor Crimes Division,2026-07-17,pre_launch_wishlist_rank,2026-07-15,-2,1062,ok,2026-07-15T04:32:45.763Z
3950130,Database Detective: Minor Crimes Division,2026-07-17,pre_launch_wishlist_rank,2026-07-16,-1,984,ok,2026-07-16T04:42:31.378Z
3950130,Database Detective: Minor Crimes Division,2026-07-17,post_launch_reviews_total,2026-07-17,0,0,ok,2026-07-17T04:45:39.030Z
3950130,Database Detective: Minor Crimes Division,2026-07-17,post_launch_reviews_total,2026-07-18,1,,not_collected,
3950130,Database Detective: Minor Crimes Division,2026-07-17,post_launch_reviews_total,2026-07-19,2,,not_collected,
3950130,Database Detective: Minor Crimes Division,2026-07-17,post_launch_reviews_total,2026-07-20,3,,not_collected,
3950130,Database Detective: Minor Crimes Division,2026-07-17,post_launch_reviews_total,2026-07-21,4,,not_collected,
3950130,Database Detective: Minor Crimes Division,2026-07-17,post_launch_reviews_total,2026-07-22,5,,not_collected,
3950130,Database Detective: Minor Crimes Division,2026-07-17,post_launch_reviews_total,2026-07-23,6,,not_collected,
3950130,Database Detective: Minor Crimes Division,2026-07-17,post_launch_reviews_total,2026-07-24,7,,not_collected,
2127340,DAWN ONE,2026-08-21,pre_launch_wishlist_rank,2026-08-14,-7,,not_in_captured_wishlist_ranking,
2127340,DAWN ONE,2026-08-21,pre_launch_wishlist_rank,2026-08-15,-6,,not_in_captured_wishlist_ranking,
2127340,DAWN ONE,2026-08-21,pre_launch_wishlist_rank,2026-08-16,-5,,not_in_captured_wishlist_ranking,
2127340,DAWN ONE,2026-08-21,pre_launch_wishlist_rank,2026-08-17,-4,,not_in_captured_wishlist_ranking,
2127340,DAWN ONE,2026-08-21,pre_launch_wishlist_rank,2026-08-18,-3,,not_in_captured_wishlist_ranking,
2127340,DAWN ONE,2026-08-21,pre_launch_wishlist_rank,2026-08-19,-2,,not_in_captured_wishlist_ranking,
2127340,DAWN ONE,2026-08-21,pre_launch_wishlist_rank,2026-08-20,-1,,not_in_captured_wishlist_ranking,
2127340,DAWN ONE,2026-08-21,post_launch_reviews_total,2026-08-21,0,0,ok,2026-08-21T02:47:33.763Z
2127340,DAWN ONE,2026-08-21,post_launch_reviews_total,2026-08-22,1,,not_collected,
2127340,DAWN ONE,2026-08-21,post_launch_reviews_total,2026-08-23,2,,not_collected,
2127340,DAWN ONE,2026-08-21,post_launch_reviews_total,2026-08-24,3,,not_collected,
2127340,DAWN ONE,2026-08-21,post_launch_reviews_total,2026-08-25,4,,not_collected,
2127340,DAWN ONE,2026-08-21,post_launch_reviews_total,2026-08-26,5,,not_collected,
2127340,DAWN ONE,2026-08-21,post_launch_reviews_total,2026-08-27,6,,not_collected,
2127340,DAWN ONE,2026-08-21,post_launch_reviews_total,2026-08-28,7,,not_collected,
2646720,Dead Weight,2026-07-16,pre_launch_wishlist_rank,2026-07-09,-7,415,ok,2026-07-09T05:46:21.155Z
2646720,Dead Weight,2026-07-16,pre_launch_wishlist_rank,2026-07-10,-6,406,ok,2026-07-10T05:43:57.377Z
2646720,Dead Weight,2026-07-16,pre_launch_wishlist_rank,2026-07-11,-5,398,ok,2026-07-11T04:45:57.358Z
2646720,Dead Weight,2026-07-16,pre_launch_wishlist_rank,2026-07-12,-4,391,ok,2026-07-12T04:57:39.930Z
2646720,Dead Weight,2026-07-16,pre_launch_wishlist_rank,2026-07-13,-3,377,ok,2026-07-13T05:04:37.802Z
2646720,Dead Weight,2026-07-16,pre_launch_wishlist_rank,2026-07-14,-2,368,ok,2026-07-14T04:32:48.120Z
2646720,Dead Weight,2026-07-16,pre_launch_wishlist_rank,2026-07-15,-1,365,ok,2026-07-15T04:32:45.763Z
2646720,Dead Weight,2026-07-16,post_launch_reviews_total,2026-07-16,0,0,ok,2026-07-16T04:42:31.378Z
2646720,Dead Weight,2026-07-16,post_launch_reviews_total,2026-07-17,1,,not_collected,
2646720,Dead Weight,2026-07-16,post_launch_reviews_total,2026-07-18,2,,not_collected,
2646720,Dead Weight,2026-07-16,post_launch_reviews_total,2026-07-19,3,,not_collected,
2646720,Dead Weight,2026-07-16,post_launch_reviews_total,2026-07-20,4,,not_collected,
2646720,Dead Weight,2026-07-16,post_launch_reviews_total,2026-07-21,5,,not_collected,
2646720,Dead Weight,2026-07-16,post_launch_reviews_total,2026-07-22,6,,not_collected,
2646720,Dead Weight,2026-07-16,post_launch_reviews_total,2026-07-23,7,,not_collected,
3919900,Dead Zone Revive,2026-08-03,pre_launch_wishlist_rank,2026-07-27,-7,1793,ok,2026-07-27T05:28:24.621Z
3919900,Dead Zone Revive,2026-08-03,pre_launch_wishlist_rank,2026-07-28,-6,1697,ok,2026-07-28T04:45:52.627Z
3919900,Dead Zone Revive,2026-08-03,pre_launch_wishlist_rank,2026-07-29,-5,1607,ok,2026-07-29T04:50:58.767Z
3919900,Dead Zone Revive,2026-08-03,pre_launch_wishlist_rank,2026-07-30,-4,1530,ok,2026-07-30T04:38:29.620Z
3919900,Dead Zone Revive,2026-08-03,pre_launch_wishlist_rank,2026-07-31,-3,1446,ok,2026-07-31T05:04:54.532Z
3919900,Dead Zone Revive,2026-08-03,pre_launch_wishlist_rank,2026-08-01,-2,1365,ok,2026-08-01T04:58:14.130Z
3919900,Dead Zone Revive,2026-08-03,pre_launch_wishlist_rank,2026-08-02,-1,1264,ok,2026-08-02T04:58:24.052Z
3919900,Dead Zone Revive,2026-08-03,post_launch_reviews_total,2026-08-03,0,0,ok,2026-08-03T05:07:42.912Z
3919900,Dead Zone Revive,2026-08-03,post_launch_reviews_total,2026-08-04,1,,not_collected,
3919900,Dead Zone Revive,2026-08-03,post_launch_reviews_total,2026-08-05,2,,not_collected,
3919900,Dead Zone Revive,2026-08-03,post_launch_reviews_total,2026-08-06,3,,not_collected,
3919900,Dead Zone Revive,2026-08-03,post_launch_reviews_total,2026-08-07,4,,not_collected,
3919900,Dead Zone Revive,2026-08-03,post_launch_reviews_total,2026-08-08,5,,not_collected,
3919900,Dead Zone Revive,2026-08-03,post_launch_reviews_total,2026-08-09,6,,not_collected,
3919900,Dead Zone Revive,2026-08-03,post_launch_reviews_total,2026-08-10,7,,not_collected,
4834000,Deadlined.,2026-07-09,pre_launch_wishlist_rank,2026-07-02,-7,,not_collected,
4834000,Deadlined.,2026-07-09,pre_launch_wishlist_rank,2026-07-03,-6,,not_in_captured_wishlist_ranking,
4834000,Deadlined.,2026-07-09,pre_launch_wishlist_rank,2026-07-04,-5,,not_in_captured_wishlist_ranking,
4834000,Deadlined.,2026-07-09,pre_launch_wishlist_rank,2026-07-05,-4,,not_in_captured_wishlist_ranking,
4834000,Deadlined.,2026-07-09,pre_launch_wishlist_rank,2026-07-06,-3,,not_in_captured_wishlist_ranking,
4834000,Deadlined.,2026-07-09,pre_launch_wishlist_rank,2026-07-07,-2,,not_in_captured_wishlist_ranking,
4834000,Deadlined.,2026-07-09,pre_launch_wishlist_rank,2026-07-08,-1,,not_in_captured_wishlist_ranking,
4834000,Deadlined.,2026-07-09,post_launch_reviews_total,2026-07-09,0,0,ok,2026-07-09T05:46:21.155Z
4834000,Deadlined.,2026-07-09,post_launch_reviews_total,2026-07-10,1,,not_collected,
4834000,Deadlined.,2026-07-09,post_launch_reviews_total,2026-07-11,2,,not_collected,
4834000,Deadlined.,2026-07-09,post_launch_reviews_total,2026-07-12,3,,not_collected,
4834000,Deadlined.,2026-07-09,post_launch_reviews_total,2026-07-13,4,,not_collected,
4834000,Deadlined.,2026-07-09,post_launch_reviews_total,2026-07-14,5,,not_collected,
4834000,Deadlined.,2026-07-09,post_launch_reviews_total,2026-07-15,6,,not_collected,
4834000,Deadlined.,2026-07-09,post_launch_reviews_total,2026-07-16,7,,not_collected,
3088400,Deadly Trick,2026-07-31,pre_launch_wishlist_rank,2026-07-24,-7,,not_in_captured_wishlist_ranking,
3088400,Deadly Trick,2026-07-31,pre_launch_wishlist_rank,2026-07-25,-6,,not_in_captured_wishlist_ranking,
3088400,Deadly Trick,2026-07-31,pre_launch_wishlist_rank,2026-07-26,-5,,not_in_captured_wishlist_ranking,
3088400,Deadly Trick,2026-07-31,pre_launch_wishlist_rank,2026-07-27,-4,,not_in_captured_wishlist_ranking,
3088400,Deadly Trick,2026-07-31,pre_launch_wishlist_rank,2026-07-28,-3,,not_in_captured_wishlist_ranking,
3088400,Deadly Trick,2026-07-31,pre_launch_wishlist_rank,2026-07-29,-2,,not_in_captured_wishlist_ranking,
3088400,Deadly Trick,2026-07-31,pre_launch_wishlist_rank,2026-07-30,-1,,not_in_captured_wishlist_ranking,
3088400,Deadly Trick,2026-07-31,post_launch_reviews_total,2026-07-31,0,0,ok,2026-07-31T05:04:54.532Z
3088400,Deadly Trick,2026-07-31,post_launch_reviews_total,2026-08-01,1,,not_collected,
3088400,Deadly Trick,2026-07-31,post_launch_reviews_total,2026-08-02,2,,not_collected,
3088400,Deadly Trick,2026-07-31,post_launch_reviews_total,2026-08-03,3,,not_collected,
3088400,Deadly Trick,2026-07-31,post_launch_reviews_total,2026-08-04,4,,not_collected,
3088400,Deadly Trick,2026-07-31,post_launch_reviews_total,2026-08-05,5,,not_collected,
3088400,Deadly Trick,2026-07-31,post_launch_reviews_total,2026-08-06,6,,not_collected,
3088400,Deadly Trick,2026-07-31,post_launch_reviews_total,2026-08-07,7,,not_collected,
4848340,Deadly Warrior,2026-07-07,pre_launch_wishlist_rank,2026-06-30,-7,,not_collected,
4848340,Deadly Warrior,2026-07-07,pre_launch_wishlist_rank,2026-07-01,-6,,not_collected,
4848340,Deadly Warrior,2026-07-07,pre_launch_wishlist_rank,2026-07-02,-5,,not_collected,
4848340,Deadly Warrior,2026-07-07,pre_launch_wishlist_rank,2026-07-03,-4,,not_in_captured_wishlist_ranking,
4848340,Deadly Warrior,2026-07-07,pre_launch_wishlist_rank,2026-07-04,-3,,not_in_captured_wishlist_ranking,
4848340,Deadly Warrior,2026-07-07,pre_launch_wishlist_rank,2026-07-05,-2,,not_in_captured_wishlist_ranking,
4848340,Deadly Warrior,2026-07-07,pre_launch_wishlist_rank,2026-07-06,-1,,not_in_captured_wishlist_ranking,
4848340,Deadly Warrior,2026-07-07,post_launch_reviews_total,2026-07-07,0,0,ok,2026-07-07T05:48:04.813Z
4848340,Deadly Warrior,2026-07-07,post_launch_reviews_total,2026-07-08,1,,not_collected,
4848340,Deadly Warrior,2026-07-07,post_launch_reviews_total,2026-07-09,2,,not_collected,
4848340,Deadly Warrior,2026-07-07,post_launch_reviews_total,2026-07-10,3,,not_collected,
4848340,Deadly Warrior,2026-07-07,post_launch_reviews_total,2026-07-11,4,,not_collected,
4848340,Deadly Warrior,2026-07-07,post_launch_reviews_total,2026-07-12,5,,not_collected,
4848340,Deadly Warrior,2026-07-07,post_launch_reviews_total,2026-07-13,6,,not_collected,
4848340,Deadly Warrior,2026-07-07,post_launch_reviews_total,2026-07-14,7,,not_collected,
4914610,Dear Magical Girls,2026-07-31,pre_launch_wishlist_rank,2026-07-24,-7,,not_in_captured_wishlist_ranking,
4914610,Dear Magical Girls,2026-07-31,pre_launch_wishlist_rank,2026-07-25,-6,,not_in_captured_wishlist_ranking,
4914610,Dear Magical Girls,2026-07-31,pre_launch_wishlist_rank,2026-07-26,-5,,not_in_captured_wishlist_ranking,
4914610,Dear Magical Girls,2026-07-31,pre_launch_wishlist_rank,2026-07-27,-4,,not_in_captured_wishlist_ranking,
4914610,Dear Magical Girls,2026-07-31,pre_launch_wishlist_rank,2026-07-28,-3,,not_in_captured_wishlist_ranking,
4914610,Dear Magical Girls,2026-07-31,pre_launch_wishlist_rank,2026-07-29,-2,,not_in_captured_wishlist_ranking,
4914610,Dear Magical Girls,2026-07-31,pre_launch_wishlist_rank,2026-07-30,-1,,not_in_captured_wishlist_ranking,
4914610,Dear Magical Girls,2026-07-31,post_launch_reviews_total,2026-07-31,0,0,ok,2026-07-31T05:04:54.532Z
4914610,Dear Magical Girls,2026-07-31,post_launch_reviews_total,2026-08-01,1,,not_collected,
4914610,Dear Magical Girls,2026-07-31,post_launch_reviews_total,2026-08-02,2,,not_collected,
4914610,Dear Magical Girls,2026-07-31,post_launch_reviews_total,2026-08-03,3,,not_collected,
4914610,Dear Magical Girls,2026-07-31,post_launch_reviews_total,2026-08-04,4,,not_collected,
4914610,Dear Magical Girls,2026-07-31,post_launch_reviews_total,2026-08-05,5,,not_collected,
4914610,Dear Magical Girls,2026-07-31,post_launch_reviews_total,2026-08-06,6,,not_collected,
4914610,Dear Magical Girls,2026-07-31,post_launch_reviews_total,2026-08-07,7,,not_collected,
4534960,Dear Passengers,2026-01-01,pre_launch_wishlist_rank,2025-12-25,-7,,not_collected,
4534960,Dear Passengers,2026-01-01,pre_launch_wishlist_rank,2025-12-26,-6,,not_collected,
4534960,Dear Passengers,2026-01-01,pre_launch_wishlist_rank,2025-12-27,-5,,not_collected,
4534960,Dear Passengers,2026-01-01,pre_launch_wishlist_rank,2025-12-28,-4,,not_collected,
4534960,Dear Passengers,2026-01-01,pre_launch_wishlist_rank,2025-12-29,-3,,not_collected,
4534960,Dear Passengers,2026-01-01,pre_launch_wishlist_rank,2025-12-30,-2,,not_collected,
4534960,Dear Passengers,2026-01-01,pre_launch_wishlist_rank,2025-12-31,-1,,not_collected,
4534960,Dear Passengers,2026-01-01,post_launch_reviews_total,2026-01-01,0,,not_collected,
4534960,Dear Passengers,2026-01-01,post_launch_reviews_total,2026-01-02,1,,not_collected,
4534960,Dear Passengers,2026-01-01,post_launch_reviews_total,2026-01-03,2,,not_collected,
4534960,Dear Passengers,2026-01-01,post_launch_reviews_total,2026-01-04,3,,not_collected,
4534960,Dear Passengers,2026-01-01,post_launch_reviews_total,2026-01-05,4,,not_collected,
4534960,Dear Passengers,2026-01-01,post_launch_reviews_total,2026-01-06,5,,not_collected,
4534960,Dear Passengers,2026-01-01,post_launch_reviews_total,2026-01-07,6,,not_collected,
4534960,Dear Passengers,2026-01-01,post_launch_reviews_total,2026-01-08,7,,not_collected,
3828500,Deck & Conn,2026-09-01,pre_launch_wishlist_rank,2026-08-25,-7,,not_in_captured_wishlist_ranking,
3828500,Deck & Conn,2026-09-01,pre_launch_wishlist_rank,2026-08-26,-6,,not_in_captured_wishlist_ranking,
3828500,Deck & Conn,2026-09-01,pre_launch_wishlist_rank,2026-08-27,-5,,not_in_captured_wishlist_ranking,
3828500,Deck & Conn,2026-09-01,pre_launch_wishlist_rank,2026-08-28,-4,,not_in_captured_wishlist_ranking,
3828500,Deck & Conn,2026-09-01,pre_launch_wishlist_rank,2026-08-29,-3,,not_in_captured_wishlist_ranking,
3828500,Deck & Conn,2026-09-01,pre_launch_wishlist_rank,2026-08-30,-2,,not_in_captured_wishlist_ranking,
3828500,Deck & Conn,2026-09-01,pre_launch_wishlist_rank,2026-08-31,-1,1842,ok,2026-08-31T07:32:46.352Z
3828500,Deck & Conn,2026-09-01,post_launch_reviews_total,2026-09-01,0,0,ok,2026-09-01T06:43:33.167Z
3828500,Deck & Conn,2026-09-01,post_launch_reviews_total,2026-09-02,1,,not_collected,
3828500,Deck & Conn,2026-09-01,post_launch_reviews_total,2026-09-03,2,,not_collected,
3828500,Deck & Conn,2026-09-01,post_launch_reviews_total,2026-09-04,3,,not_collected,
3828500,Deck & Conn,2026-09-01,post_launch_reviews_total,2026-09-05,4,,not_collected,
3828500,Deck & Conn,2026-09-01,post_launch_reviews_total,2026-09-06,5,,not_collected,
3828500,Deck & Conn,2026-09-01,post_launch_reviews_total,2026-09-07,6,,not_collected,
3828500,Deck & Conn,2026-09-01,post_launch_reviews_total,2026-09-08,7,,not_collected,
4005220,Deep Blue Sushi,2026-08-20,pre_launch_wishlist_rank,2026-08-13,-7,,not_in_captured_wishlist_ranking,
4005220,Deep Blue Sushi,2026-08-20,pre_launch_wishlist_rank,2026-08-14,-6,,not_in_captured_wishlist_ranking,
4005220,Deep Blue Sushi,2026-08-20,pre_launch_wishlist_rank,2026-08-15,-5,,not_in_captured_wishlist_ranking,
4005220,Deep Blue Sushi,2026-08-20,pre_launch_wishlist_rank,2026-08-16,-4,,not_in_captured_wishlist_ranking,
4005220,Deep Blue Sushi,2026-08-20,pre_launch_wishlist_rank,2026-08-17,-3,,not_in_captured_wishlist_ranking,
4005220,Deep Blue Sushi,2026-08-20,pre_launch_wishlist_rank,2026-08-18,-2,,not_in_captured_wishlist_ranking,
4005220,Deep Blue Sushi,2026-08-20,pre_launch_wishlist_rank,2026-08-19,-1,,not_in_captured_wishlist_ranking,
4005220,Deep Blue Sushi,2026-08-20,post_launch_reviews_total,2026-08-20,0,0,ok,2026-08-20T02:40:42.136Z
4005220,Deep Blue Sushi,2026-08-20,post_launch_reviews_total,2026-08-21,1,,not_collected,
4005220,Deep Blue Sushi,2026-08-20,post_launch_reviews_total,2026-08-22,2,,not_collected,
4005220,Deep Blue Sushi,2026-08-20,post_launch_reviews_total,2026-08-23,3,,not_collected,
4005220,Deep Blue Sushi,2026-08-20,post_launch_reviews_total,2026-08-24,4,,not_collected,
4005220,Deep Blue Sushi,2026-08-20,post_launch_reviews_total,2026-08-25,5,,not_collected,
4005220,Deep Blue Sushi,2026-08-20,post_launch_reviews_total,2026-08-26,6,,not_collected,
4005220,Deep Blue Sushi,2026-08-20,post_launch_reviews_total,2026-08-27,7,,not_collected,
4208140,Defender of the Crown: The Legend Returns,2026-08-13,pre_launch_wishlist_rank,2026-08-06,-7,968,ok,2026-08-06T04:47:09.485Z
4208140,Defender of the Crown: The Legend Returns,2026-08-13,pre_launch_wishlist_rank,2026-08-07,-6,949,ok,2026-08-07T04:13:26.771Z
4208140,Defender of the Crown: The Legend Returns,2026-08-13,pre_launch_wishlist_rank,2026-08-08,-5,938,ok,2026-08-08T03:11:38.214Z
4208140,Defender of the Crown: The Legend Returns,2026-08-13,pre_launch_wishlist_rank,2026-08-09,-4,927,ok,2026-08-09T03:19:17.318Z
4208140,Defender of the Crown: The Legend Returns,2026-08-13,pre_launch_wishlist_rank,2026-08-10,-3,891,ok,2026-08-10T03:29:07.136Z
4208140,Defender of the Crown: The Legend Returns,2026-08-13,pre_launch_wishlist_rank,2026-08-11,-2,861,ok,2026-08-11T03:21:55.619Z
4208140,Defender of the Crown: The Legend Returns,2026-08-13,pre_launch_wishlist_rank,2026-08-12,-1,832,ok,2026-08-12T03:40:42.315Z
4208140,Defender of the Crown: The Legend Returns,2026-08-13,post_launch_reviews_total,2026-08-13,0,0,ok,2026-08-13T03:51:51.678Z
4208140,Defender of the Crown: The Legend Returns,2026-08-13,post_launch_reviews_total,2026-08-14,1,,not_collected,
4208140,Defender of the Crown: The Legend Returns,2026-08-13,post_launch_reviews_total,2026-08-15,2,,not_collected,
4208140,Defender of the Crown: The Legend Returns,2026-08-13,post_launch_reviews_total,2026-08-16,3,,not_collected,
4208140,Defender of the Crown: The Legend Returns,2026-08-13,post_launch_reviews_total,2026-08-17,4,,not_collected,
4208140,Defender of the Crown: The Legend Returns,2026-08-13,post_launch_reviews_total,2026-08-18,5,,not_collected,
4208140,Defender of the Crown: The Legend Returns,2026-08-13,post_launch_reviews_total,2026-08-19,6,,not_collected,
4208140,Defender of the Crown: The Legend Returns,2026-08-13,post_launch_reviews_total,2026-08-20,7,,not_collected,
4286660,Defrag Incremental,2026-07-31,pre_launch_wishlist_rank,2026-07-24,-7,,not_in_captured_wishlist_ranking,
4286660,Defrag Incremental,2026-07-31,pre_launch_wishlist_rank,2026-07-25,-6,,not_in_captured_wishlist_ranking,
4286660,Defrag Incremental,2026-07-31,pre_launch_wishlist_rank,2026-07-26,-5,,not_in_captured_wishlist_ranking,
4286660,Defrag Incremental,2026-07-31,pre_launch_wishlist_rank,2026-07-27,-4,,not_in_captured_wishlist_ranking,
4286660,Defrag Incremental,2026-07-31,pre_launch_wishlist_rank,2026-07-28,-3,,not_in_captured_wishlist_ranking,
4286660,Defrag Incremental,2026-07-31,pre_launch_wishlist_rank,2026-07-29,-2,,not_in_captured_wishlist_ranking,
4286660,Defrag Incremental,2026-07-31,pre_launch_wishlist_rank,2026-07-30,-1,,not_in_captured_wishlist_ranking,
4286660,Defrag Incremental,2026-07-31,post_launch_reviews_total,2026-07-31,0,0,ok,2026-07-31T05:04:54.532Z
4286660,Defrag Incremental,2026-07-31,post_launch_reviews_total,2026-08-01,1,,not_collected,
4286660,Defrag Incremental,2026-07-31,post_launch_reviews_total,2026-08-02,2,,not_collected,
4286660,Defrag Incremental,2026-07-31,post_launch_reviews_total,2026-08-03,3,,not_collected,
4286660,Defrag Incremental,2026-07-31,post_launch_reviews_total,2026-08-04,4,,not_collected,
4286660,Defrag Incremental,2026-07-31,post_launch_reviews_total,2026-08-05,5,,not_collected,
4286660,Defrag Incremental,2026-07-31,post_launch_reviews_total,2026-08-06,6,,not_collected,
4286660,Defrag Incremental,2026-07-31,post_launch_reviews_total,2026-08-07,7,,not_collected,
3725650,Deliria,2026-08-31,pre_launch_wishlist_rank,2026-08-24,-7,1604,ok,2026-08-24T02:48:36.097Z
3725650,Deliria,2026-08-31,pre_launch_wishlist_rank,2026-08-25,-6,1583,ok,2026-08-25T02:42:46.392Z
3725650,Deliria,2026-08-31,pre_launch_wishlist_rank,2026-08-26,-5,1579,ok,2026-08-26T02:50:15.789Z
3725650,Deliria,2026-08-31,pre_launch_wishlist_rank,2026-08-27,-4,1580,ok,2026-08-27T11:57:45.810Z
3725650,Deliria,2026-08-31,pre_launch_wishlist_rank,2026-08-28,-3,1568,ok,2026-08-28T13:19:41.332Z
3725650,Deliria,2026-08-31,pre_launch_wishlist_rank,2026-08-29,-2,1555,ok,2026-08-29T08:16:08.181Z
3725650,Deliria,2026-08-31,pre_launch_wishlist_rank,2026-08-30,-1,1534,ok,2026-08-30T07:17:27.365Z
3725650,Deliria,2026-08-31,post_launch_reviews_total,2026-08-31,0,0,ok,2026-08-31T07:32:46.352Z
3725650,Deliria,2026-08-31,post_launch_reviews_total,2026-09-01,1,,not_collected,
3725650,Deliria,2026-08-31,post_launch_reviews_total,2026-09-02,2,,not_collected,
3725650,Deliria,2026-08-31,post_launch_reviews_total,2026-09-03,3,,not_collected,
3725650,Deliria,2026-08-31,post_launch_reviews_total,2026-09-04,4,,not_collected,
3725650,Deliria,2026-08-31,post_launch_reviews_total,2026-09-05,5,,not_collected,
3725650,Deliria,2026-08-31,post_launch_reviews_total,2026-09-06,6,,not_collected,
3725650,Deliria,2026-08-31,post_launch_reviews_total,2026-09-07,7,,not_collected,
2524850,Denshattack!,2026-07-15,pre_launch_wishlist_rank,2026-07-08,-7,256,ok,2026-07-08T04:50:41.299Z
2524850,Denshattack!,2026-07-15,pre_launch_wishlist_rank,2026-07-09,-6,254,ok,2026-07-09T05:46:21.155Z
2524850,Denshattack!,2026-07-15,pre_launch_wishlist_rank,2026-07-10,-5,247,ok,2026-07-10T05:43:57.377Z
2524850,Denshattack!,2026-07-15,pre_launch_wishlist_rank,2026-07-11,-4,241,ok,2026-07-11T04:45:57.358Z
2524850,Denshattack!,2026-07-15,pre_launch_wishlist_rank,2026-07-12,-3,237,ok,2026-07-12T04:57:39.930Z
2524850,Denshattack!,2026-07-15,pre_launch_wishlist_rank,2026-07-13,-2,229,ok,2026-07-13T05:04:37.802Z
2524850,Denshattack!,2026-07-15,pre_launch_wishlist_rank,2026-07-14,-1,222,ok,2026-07-14T04:32:48.120Z
2524850,Denshattack!,2026-07-15,post_launch_reviews_total,2026-07-15,0,0,ok,2026-07-15T04:32:45.763Z
2524850,Denshattack!,2026-07-15,post_launch_reviews_total,2026-07-16,1,,not_collected,
2524850,Denshattack!,2026-07-15,post_launch_reviews_total,2026-07-17,2,,not_collected,
2524850,Denshattack!,2026-07-15,post_launch_reviews_total,2026-07-18,3,,not_collected,
2524850,Denshattack!,2026-07-15,post_launch_reviews_total,2026-07-19,4,,not_collected,
2524850,Denshattack!,2026-07-15,post_launch_reviews_total,2026-07-20,5,,not_collected,
2524850,Denshattack!,2026-07-15,post_launch_reviews_total,2026-07-21,6,,not_collected,
2524850,Denshattack!,2026-07-15,post_launch_reviews_total,2026-07-22,7,,not_collected,
2527160,Desktop Explorer,2026-07-17,pre_launch_wishlist_rank,2026-07-10,-7,447,ok,2026-07-10T05:43:57.377Z
2527160,Desktop Explorer,2026-07-17,pre_launch_wishlist_rank,2026-07-11,-6,424,ok,2026-07-11T04:45:57.358Z
2527160,Desktop Explorer,2026-07-17,pre_launch_wishlist_rank,2026-07-12,-5,404,ok,2026-07-12T04:57:39.930Z
2527160,Desktop Explorer,2026-07-17,pre_launch_wishlist_rank,2026-07-13,-4,372,ok,2026-07-13T05:04:37.802Z
2527160,Desktop Explorer,2026-07-17,pre_launch_wishlist_rank,2026-07-14,-3,360,ok,2026-07-14T04:32:48.120Z
2527160,Desktop Explorer,2026-07-17,pre_launch_wishlist_rank,2026-07-15,-2,342,ok,2026-07-15T04:32:45.763Z
2527160,Desktop Explorer,2026-07-17,pre_launch_wishlist_rank,2026-07-16,-1,327,ok,2026-07-16T04:42:31.378Z
2527160,Desktop Explorer,2026-07-17,post_launch_reviews_total,2026-07-17,0,0,ok,2026-07-17T04:45:39.030Z
2527160,Desktop Explorer,2026-07-17,post_launch_reviews_total,2026-07-18,1,,not_collected,
2527160,Desktop Explorer,2026-07-17,post_launch_reviews_total,2026-07-19,2,,not_collected,
2527160,Desktop Explorer,2026-07-17,post_launch_reviews_total,2026-07-20,3,,not_collected,
2527160,Desktop Explorer,2026-07-17,post_launch_reviews_total,2026-07-21,4,,not_collected,
2527160,Desktop Explorer,2026-07-17,post_launch_reviews_total,2026-07-22,5,,not_collected,
2527160,Desktop Explorer,2026-07-17,post_launch_reviews_total,2026-07-23,6,,not_collected,
2527160,Desktop Explorer,2026-07-17,post_launch_reviews_total,2026-07-24,7,,not_collected,
4791000,Desktop Mate KAITO DLC,2026-07-08,pre_launch_wishlist_rank,2026-07-01,-7,,not_collected,
4791000,Desktop Mate KAITO DLC,2026-07-08,pre_launch_wishlist_rank,2026-07-02,-6,,not_collected,
4791000,Desktop Mate KAITO DLC,2026-07-08,pre_launch_wishlist_rank,2026-07-03,-5,,not_in_captured_wishlist_ranking,
4791000,Desktop Mate KAITO DLC,2026-07-08,pre_launch_wishlist_rank,2026-07-04,-4,,not_in_captured_wishlist_ranking,
4791000,Desktop Mate KAITO DLC,2026-07-08,pre_launch_wishlist_rank,2026-07-05,-3,,not_in_captured_wishlist_ranking,
4791000,Desktop Mate KAITO DLC,2026-07-08,pre_launch_wishlist_rank,2026-07-06,-2,,not_in_captured_wishlist_ranking,
4791000,Desktop Mate KAITO DLC,2026-07-08,pre_launch_wishlist_rank,2026-07-07,-1,,not_in_captured_wishlist_ranking,
4791000,Desktop Mate KAITO DLC,2026-07-08,post_launch_reviews_total,2026-07-08,0,0,ok,2026-07-08T04:50:41.299Z
4791000,Desktop Mate KAITO DLC,2026-07-08,post_launch_reviews_total,2026-07-09,1,,not_collected,
4791000,Desktop Mate KAITO DLC,2026-07-08,post_launch_reviews_total,2026-07-10,2,,not_collected,
4791000,Desktop Mate KAITO DLC,2026-07-08,post_launch_reviews_total,2026-07-11,3,,not_collected,
4791000,Desktop Mate KAITO DLC,2026-07-08,post_launch_reviews_total,2026-07-12,4,,not_collected,
4791000,Desktop Mate KAITO DLC,2026-07-08,post_launch_reviews_total,2026-07-13,5,,not_collected,
4791000,Desktop Mate KAITO DLC,2026-07-08,post_launch_reviews_total,2026-07-14,6,,not_collected,
4791000,Desktop Mate KAITO DLC,2026-07-08,post_launch_reviews_total,2026-07-15,7,,not_collected,
3561740,Detective Sherlock: Shadow Stalker,2026-08-21,pre_launch_wishlist_rank,2026-08-14,-7,,not_in_captured_wishlist_ranking,
3561740,Detective Sherlock: Shadow Stalker,2026-08-21,pre_launch_wishlist_rank,2026-08-15,-6,,not_in_captured_wishlist_ranking,
3561740,Detective Sherlock: Shadow Stalker,2026-08-21,pre_launch_wishlist_rank,2026-08-16,-5,1942,ok,2026-08-16T02:45:28.861Z
3561740,Detective Sherlock: Shadow Stalker,2026-08-21,pre_launch_wishlist_rank,2026-08-17,-4,1767,ok,2026-08-17T02:45:10.258Z
3561740,Detective Sherlock: Shadow Stalker,2026-08-21,pre_launch_wishlist_rank,2026-08-18,-3,1656,ok,2026-08-18T02:39:27.140Z
3561740,Detective Sherlock: Shadow Stalker,2026-08-21,pre_launch_wishlist_rank,2026-08-19,-2,1571,ok,2026-08-19T02:42:36.358Z
3561740,Detective Sherlock: Shadow Stalker,2026-08-21,pre_launch_wishlist_rank,2026-08-20,-1,1515,ok,2026-08-20T02:40:42.136Z
3561740,Detective Sherlock: Shadow Stalker,2026-08-21,post_launch_reviews_total,2026-08-21,0,0,ok,2026-08-21T02:47:33.763Z
3561740,Detective Sherlock: Shadow Stalker,2026-08-21,post_launch_reviews_total,2026-08-22,1,,not_collected,
3561740,Detective Sherlock: Shadow Stalker,2026-08-21,post_launch_reviews_total,2026-08-23,2,,not_collected,
3561740,Detective Sherlock: Shadow Stalker,2026-08-21,post_launch_reviews_total,2026-08-24,3,,not_collected,
3561740,Detective Sherlock: Shadow Stalker,2026-08-21,post_launch_reviews_total,2026-08-25,4,,not_collected,
3561740,Detective Sherlock: Shadow Stalker,2026-08-21,post_launch_reviews_total,2026-08-26,5,,not_collected,
3561740,Detective Sherlock: Shadow Stalker,2026-08-21,post_launch_reviews_total,2026-08-27,6,,not_collected,
3561740,Detective Sherlock: Shadow Stalker,2026-08-21,post_launch_reviews_total,2026-08-28,7,,not_collected,
1444080,Dewdrop Dynasty,2026-07-21,pre_launch_wishlist_rank,2026-07-14,-7,1575,ok,2026-07-14T04:32:48.120Z
1444080,Dewdrop Dynasty,2026-07-21,pre_launch_wishlist_rank,2026-07-15,-6,1554,ok,2026-07-15T04:32:45.763Z
1444080,Dewdrop Dynasty,2026-07-21,pre_launch_wishlist_rank,2026-07-16,-5,1534,ok,2026-07-16T04:42:31.378Z
1444080,Dewdrop Dynasty,2026-07-21,pre_launch_wishlist_rank,2026-07-17,-4,1492,ok,2026-07-17T04:45:39.030Z
1444080,Dewdrop Dynasty,2026-07-21,pre_launch_wishlist_rank,2026-07-18,-3,1469,ok,2026-07-18T04:29:54.503Z
1444080,Dewdrop Dynasty,2026-07-21,pre_launch_wishlist_rank,2026-07-19,-2,1448,ok,2026-07-19T04:54:49.781Z
1444080,Dewdrop Dynasty,2026-07-21,pre_launch_wishlist_rank,2026-07-20,-1,1392,ok,2026-07-20T05:09:45.900Z
1444080,Dewdrop Dynasty,2026-07-21,post_launch_reviews_total,2026-07-21,0,0,ok,2026-07-21T04:50:39.944Z
1444080,Dewdrop Dynasty,2026-07-21,post_launch_reviews_total,2026-07-22,1,,not_collected,
1444080,Dewdrop Dynasty,2026-07-21,post_launch_reviews_total,2026-07-23,2,,not_collected,
1444080,Dewdrop Dynasty,2026-07-21,post_launch_reviews_total,2026-07-24,3,,not_collected,
1444080,Dewdrop Dynasty,2026-07-21,post_launch_reviews_total,2026-07-25,4,,not_collected,
1444080,Dewdrop Dynasty,2026-07-21,post_launch_reviews_total,2026-07-26,5,,not_collected,
1444080,Dewdrop Dynasty,2026-07-21,post_launch_reviews_total,2026-07-27,6,,not_collected,
1444080,Dewdrop Dynasty,2026-07-21,post_launch_reviews_total,2026-07-28,7,,not_collected,
4074010,"Dig, Dig, Die",2026-08-06,pre_launch_wishlist_rank,2026-07-30,-7,683,ok,2026-07-30T04:38:29.620Z
4074010,"Dig, Dig, Die",2026-08-06,pre_launch_wishlist_rank,2026-07-31,-6,670,ok,2026-07-31T05:04:54.532Z
4074010,"Dig, Dig, Die",2026-08-06,pre_launch_wishlist_rank,2026-08-01,-5,655,ok,2026-08-01T04:58:14.130Z
4074010,"Dig, Dig, Die",2026-08-06,pre_launch_wishlist_rank,2026-08-02,-4,629,ok,2026-08-02T04:58:24.052Z
4074010,"Dig, Dig, Die",2026-08-06,pre_launch_wishlist_rank,2026-08-03,-3,598,ok,2026-08-03T05:07:42.912Z
4074010,"Dig, Dig, Die",2026-08-06,pre_launch_wishlist_rank,2026-08-04,-2,559,ok,2026-08-04T04:47:02.633Z
4074010,"Dig, Dig, Die",2026-08-06,pre_launch_wishlist_rank,2026-08-05,-1,523,ok,2026-08-05T04:46:35.103Z
4074010,"Dig, Dig, Die",2026-08-06,post_launch_reviews_total,2026-08-06,0,0,ok,2026-08-06T04:47:09.485Z
4074010,"Dig, Dig, Die",2026-08-06,post_launch_reviews_total,2026-08-07,1,,not_collected,
4074010,"Dig, Dig, Die",2026-08-06,post_launch_reviews_total,2026-08-08,2,,not_collected,
4074010,"Dig, Dig, Die",2026-08-06,post_launch_reviews_total,2026-08-09,3,,not_collected,
4074010,"Dig, Dig, Die",2026-08-06,post_launch_reviews_total,2026-08-10,4,,not_collected,
4074010,"Dig, Dig, Die",2026-08-06,post_launch_reviews_total,2026-08-11,5,,not_collected,
4074010,"Dig, Dig, Die",2026-08-06,post_launch_reviews_total,2026-08-12,6,,not_collected,
4074010,"Dig, Dig, Die",2026-08-06,post_launch_reviews_total,2026-08-13,7,,not_collected,
1939390,Dino Party,2026-08-14,pre_launch_wishlist_rank,2026-08-07,-7,,not_in_captured_wishlist_ranking,
1939390,Dino Party,2026-08-14,pre_launch_wishlist_rank,2026-08-08,-6,,not_in_captured_wishlist_ranking,
1939390,Dino Party,2026-08-14,pre_launch_wishlist_rank,2026-08-09,-5,,not_in_captured_wishlist_ranking,
1939390,Dino Party,2026-08-14,pre_launch_wishlist_rank,2026-08-10,-4,,not_in_captured_wishlist_ranking,
1939390,Dino Party,2026-08-14,pre_launch_wishlist_rank,2026-08-11,-3,,not_in_captured_wishlist_ranking,
1939390,Dino Party,2026-08-14,pre_launch_wishlist_rank,2026-08-12,-2,,not_in_captured_wishlist_ranking,
1939390,Dino Party,2026-08-14,pre_launch_wishlist_rank,2026-08-13,-1,,not_in_captured_wishlist_ranking,
1939390,Dino Party,2026-08-14,post_launch_reviews_total,2026-08-14,0,0,ok,2026-08-14T03:41:13.555Z
1939390,Dino Party,2026-08-14,post_launch_reviews_total,2026-08-15,1,,not_collected,
1939390,Dino Party,2026-08-14,post_launch_reviews_total,2026-08-16,2,,not_collected,
1939390,Dino Party,2026-08-14,post_launch_reviews_total,2026-08-17,3,,not_collected,
1939390,Dino Party,2026-08-14,post_launch_reviews_total,2026-08-18,4,,not_collected,
1939390,Dino Party,2026-08-14,post_launch_reviews_total,2026-08-19,5,,not_collected,
1939390,Dino Party,2026-08-14,post_launch_reviews_total,2026-08-20,6,,not_collected,
1939390,Dino Party,2026-08-14,post_launch_reviews_total,2026-08-21,7,,not_collected,
3440070,Dinoblade,2026-07-23,pre_launch_wishlist_rank,2026-07-16,-7,72,ok,2026-07-16T04:42:31.378Z
3440070,Dinoblade,2026-07-23,pre_launch_wishlist_rank,2026-07-17,-6,69,ok,2026-07-17T04:45:39.030Z
3440070,Dinoblade,2026-07-23,pre_launch_wishlist_rank,2026-07-18,-5,67,ok,2026-07-18T04:29:54.503Z
3440070,Dinoblade,2026-07-23,pre_launch_wishlist_rank,2026-07-19,-4,66,ok,2026-07-19T04:54:49.781Z
3440070,Dinoblade,2026-07-23,pre_launch_wishlist_rank,2026-07-20,-3,63,ok,2026-07-20T05:09:45.900Z
3440070,Dinoblade,2026-07-23,pre_launch_wishlist_rank,2026-07-21,-2,59,ok,2026-07-21T04:50:39.944Z
3440070,Dinoblade,2026-07-23,pre_launch_wishlist_rank,2026-07-22,-1,55,ok,2026-07-22T04:50:32.272Z
3440070,Dinoblade,2026-07-23,post_launch_reviews_total,2026-07-23,0,0,ok,2026-07-23T04:56:12.842Z
3440070,Dinoblade,2026-07-23,post_launch_reviews_total,2026-07-24,1,,not_collected,
3440070,Dinoblade,2026-07-23,post_launch_reviews_total,2026-07-25,2,,not_collected,
3440070,Dinoblade,2026-07-23,post_launch_reviews_total,2026-07-26,3,,not_collected,
3440070,Dinoblade,2026-07-23,post_launch_reviews_total,2026-07-27,4,,not_collected,
3440070,Dinoblade,2026-07-23,post_launch_reviews_total,2026-07-28,5,,not_collected,
3440070,Dinoblade,2026-07-23,post_launch_reviews_total,2026-07-29,6,,not_collected,
3440070,Dinoblade,2026-07-23,post_launch_reviews_total,2026-07-30,7,,not_collected,
4324480,Dirty Business,2026-07-22,pre_launch_wishlist_rank,2026-07-15,-7,533,ok,2026-07-15T04:32:45.763Z
4324480,Dirty Business,2026-07-22,pre_launch_wishlist_rank,2026-07-16,-6,525,ok,2026-07-16T04:42:31.378Z
4324480,Dirty Business,2026-07-22,pre_launch_wishlist_rank,2026-07-17,-5,514,ok,2026-07-17T04:45:39.030Z
4324480,Dirty Business,2026-07-22,pre_launch_wishlist_rank,2026-07-18,-4,506,ok,2026-07-18T04:29:54.503Z
4324480,Dirty Business,2026-07-22,pre_launch_wishlist_rank,2026-07-19,-3,495,ok,2026-07-19T04:54:49.781Z
4324480,Dirty Business,2026-07-22,pre_launch_wishlist_rank,2026-07-20,-2,464,ok,2026-07-20T05:09:45.900Z
4324480,Dirty Business,2026-07-22,pre_launch_wishlist_rank,2026-07-21,-1,446,ok,2026-07-21T04:50:39.944Z
4324480,Dirty Business,2026-07-22,post_launch_reviews_total,2026-07-22,0,0,ok,2026-07-22T04:50:32.272Z
4324480,Dirty Business,2026-07-22,post_launch_reviews_total,2026-07-23,1,,not_collected,
4324480,Dirty Business,2026-07-22,post_launch_reviews_total,2026-07-24,2,,not_collected,
4324480,Dirty Business,2026-07-22,post_launch_reviews_total,2026-07-25,3,,not_collected,
4324480,Dirty Business,2026-07-22,post_launch_reviews_total,2026-07-26,4,,not_collected,
4324480,Dirty Business,2026-07-22,post_launch_reviews_total,2026-07-27,5,,not_collected,
4324480,Dirty Business,2026-07-22,post_launch_reviews_total,2026-07-28,6,,not_collected,
4324480,Dirty Business,2026-07-22,post_launch_reviews_total,2026-07-29,7,,not_collected,
4739040,DISCIPLINE SIMULATOR,2026-08-17,pre_launch_wishlist_rank,2026-08-10,-7,485,ok,2026-08-10T03:29:07.136Z
4739040,DISCIPLINE SIMULATOR,2026-08-17,pre_launch_wishlist_rank,2026-08-11,-6,484,ok,2026-08-11T03:21:55.619Z
4739040,DISCIPLINE SIMULATOR,2026-08-17,pre_launch_wishlist_rank,2026-08-12,-5,475,ok,2026-08-12T03:40:42.315Z
4739040,DISCIPLINE SIMULATOR,2026-08-17,pre_launch_wishlist_rank,2026-08-13,-4,473,ok,2026-08-13T03:51:51.678Z
4739040,DISCIPLINE SIMULATOR,2026-08-17,pre_launch_wishlist_rank,2026-08-14,-3,,not_in_captured_wishlist_ranking,
4739040,DISCIPLINE SIMULATOR,2026-08-17,pre_launch_wishlist_rank,2026-08-15,-2,,not_in_captured_wishlist_ranking,
4739040,DISCIPLINE SIMULATOR,2026-08-17,pre_launch_wishlist_rank,2026-08-16,-1,,not_in_captured_wishlist_ranking,
4739040,DISCIPLINE SIMULATOR,2026-08-17,post_launch_reviews_total,2026-08-17,0,,not_collected,
4739040,DISCIPLINE SIMULATOR,2026-08-17,post_launch_reviews_total,2026-08-18,1,,not_collected,
4739040,DISCIPLINE SIMULATOR,2026-08-17,post_launch_reviews_total,2026-08-19,2,,not_collected,
4739040,DISCIPLINE SIMULATOR,2026-08-17,post_launch_reviews_total,2026-08-20,3,,not_collected,
4739040,DISCIPLINE SIMULATOR,2026-08-17,post_launch_reviews_total,2026-08-21,4,,not_collected,
4739040,DISCIPLINE SIMULATOR,2026-08-17,post_launch_reviews_total,2026-08-22,5,,not_collected,
4739040,DISCIPLINE SIMULATOR,2026-08-17,post_launch_reviews_total,2026-08-23,6,,not_collected,
4739040,DISCIPLINE SIMULATOR,2026-08-17,post_launch_reviews_total,2026-08-24,7,,not_collected,
4402250,Disgaea Mayhem,2026-07-23,pre_launch_wishlist_rank,2026-07-16,-7,1799,ok,2026-07-16T04:42:31.378Z
4402250,Disgaea Mayhem,2026-07-23,pre_launch_wishlist_rank,2026-07-17,-6,1762,ok,2026-07-17T04:45:39.030Z
4402250,Disgaea Mayhem,2026-07-23,pre_launch_wishlist_rank,2026-07-18,-5,1710,ok,2026-07-18T04:29:54.503Z
4402250,Disgaea Mayhem,2026-07-23,pre_launch_wishlist_rank,2026-07-19,-4,1678,ok,2026-07-19T04:54:49.781Z
4402250,Disgaea Mayhem,2026-07-23,pre_launch_wishlist_rank,2026-07-20,-3,1645,ok,2026-07-20T05:09:45.900Z
4402250,Disgaea Mayhem,2026-07-23,pre_launch_wishlist_rank,2026-07-21,-2,1601,ok,2026-07-21T04:50:39.944Z
4402250,Disgaea Mayhem,2026-07-23,pre_launch_wishlist_rank,2026-07-22,-1,1561,ok,2026-07-22T04:50:32.272Z
4402250,Disgaea Mayhem,2026-07-23,post_launch_reviews_total,2026-07-23,0,0,ok,2026-07-23T04:56:12.842Z
4402250,Disgaea Mayhem,2026-07-23,post_launch_reviews_total,2026-07-24,1,,not_collected,
4402250,Disgaea Mayhem,2026-07-23,post_launch_reviews_total,2026-07-25,2,,not_collected,
4402250,Disgaea Mayhem,2026-07-23,post_launch_reviews_total,2026-07-26,3,,not_collected,
4402250,Disgaea Mayhem,2026-07-23,post_launch_reviews_total,2026-07-27,4,,not_collected,
4402250,Disgaea Mayhem,2026-07-23,post_launch_reviews_total,2026-07-28,5,,not_collected,
4402250,Disgaea Mayhem,2026-07-23,post_launch_reviews_total,2026-07-29,6,,not_collected,
4402250,Disgaea Mayhem,2026-07-23,post_launch_reviews_total,2026-07-30,7,,not_collected,
4376930,Disney Dreamlight Valley: Honeyglow Woods,2026-07-08,pre_launch_wishlist_rank,2026-07-01,-7,,not_collected,
4376930,Disney Dreamlight Valley: Honeyglow Woods,2026-07-08,pre_launch_wishlist_rank,2026-07-02,-6,,not_collected,
4376930,Disney Dreamlight Valley: Honeyglow Woods,2026-07-08,pre_launch_wishlist_rank,2026-07-03,-5,,not_in_captured_wishlist_ranking,
4376930,Disney Dreamlight Valley: Honeyglow Woods,2026-07-08,pre_launch_wishlist_rank,2026-07-04,-4,,not_in_captured_wishlist_ranking,
4376930,Disney Dreamlight Valley: Honeyglow Woods,2026-07-08,pre_launch_wishlist_rank,2026-07-05,-3,,not_in_captured_wishlist_ranking,
4376930,Disney Dreamlight Valley: Honeyglow Woods,2026-07-08,pre_launch_wishlist_rank,2026-07-06,-2,,not_in_captured_wishlist_ranking,
4376930,Disney Dreamlight Valley: Honeyglow Woods,2026-07-08,pre_launch_wishlist_rank,2026-07-07,-1,1954,ok,2026-07-07T05:48:04.813Z
4376930,Disney Dreamlight Valley: Honeyglow Woods,2026-07-08,post_launch_reviews_total,2026-07-08,0,0,ok,2026-07-08T04:50:41.299Z
4376930,Disney Dreamlight Valley: Honeyglow Woods,2026-07-08,post_launch_reviews_total,2026-07-09,1,,not_collected,
4376930,Disney Dreamlight Valley: Honeyglow Woods,2026-07-08,post_launch_reviews_total,2026-07-10,2,,not_collected,
4376930,Disney Dreamlight Valley: Honeyglow Woods,2026-07-08,post_launch_reviews_total,2026-07-11,3,,not_collected,
4376930,Disney Dreamlight Valley: Honeyglow Woods,2026-07-08,post_launch_reviews_total,2026-07-12,4,,not_collected,
4376930,Disney Dreamlight Valley: Honeyglow Woods,2026-07-08,post_launch_reviews_total,2026-07-13,5,,not_collected,
4376930,Disney Dreamlight Valley: Honeyglow Woods,2026-07-08,post_launch_reviews_total,2026-07-14,6,,not_collected,
4376930,Disney Dreamlight Valley: Honeyglow Woods,2026-07-08,post_launch_reviews_total,2026-07-15,7,,not_collected,
4530240,Dissolution of the Silent Union,2026-07-28,pre_launch_wishlist_rank,2026-07-21,-7,,not_in_captured_wishlist_ranking,
4530240,Dissolution of the Silent Union,2026-07-28,pre_launch_wishlist_rank,2026-07-22,-6,,not_in_captured_wishlist_ranking,
4530240,Dissolution of the Silent Union,2026-07-28,pre_launch_wishlist_rank,2026-07-23,-5,,not_in_captured_wishlist_ranking,
4530240,Dissolution of the Silent Union,2026-07-28,pre_launch_wishlist_rank,2026-07-24,-4,,not_in_captured_wishlist_ranking,
4530240,Dissolution of the Silent Union,2026-07-28,pre_launch_wishlist_rank,2026-07-25,-3,,not_in_captured_wishlist_ranking,
4530240,Dissolution of the Silent Union,2026-07-28,pre_launch_wishlist_rank,2026-07-26,-2,,not_in_captured_wishlist_ranking,
4530240,Dissolution of the Silent Union,2026-07-28,pre_launch_wishlist_rank,2026-07-27,-1,,not_in_captured_wishlist_ranking,
4530240,Dissolution of the Silent Union,2026-07-28,post_launch_reviews_total,2026-07-28,0,0,ok,2026-07-28T04:45:52.627Z
4530240,Dissolution of the Silent Union,2026-07-28,post_launch_reviews_total,2026-07-29,1,,not_collected,
4530240,Dissolution of the Silent Union,2026-07-28,post_launch_reviews_total,2026-07-30,2,,not_collected,
4530240,Dissolution of the Silent Union,2026-07-28,post_launch_reviews_total,2026-07-31,3,,not_collected,
4530240,Dissolution of the Silent Union,2026-07-28,post_launch_reviews_total,2026-08-01,4,,not_collected,
4530240,Dissolution of the Silent Union,2026-07-28,post_launch_reviews_total,2026-08-02,5,,not_collected,
4530240,Dissolution of the Silent Union,2026-07-28,post_launch_reviews_total,2026-08-03,6,,not_collected,
4530240,Dissolution of the Silent Union,2026-07-28,post_launch_reviews_total,2026-08-04,7,,not_collected,
3590290,DIVE or DIE - Children of Rain,2026-07-21,pre_launch_wishlist_rank,2026-07-14,-7,686,ok,2026-07-14T04:32:48.120Z
3590290,DIVE or DIE - Children of Rain,2026-07-21,pre_launch_wishlist_rank,2026-07-15,-6,674,ok,2026-07-15T04:32:45.763Z
3590290,DIVE or DIE - Children of Rain,2026-07-21,pre_launch_wishlist_rank,2026-07-16,-5,658,ok,2026-07-16T04:42:31.378Z
3590290,DIVE or DIE - Children of Rain,2026-07-21,pre_launch_wishlist_rank,2026-07-17,-4,647,ok,2026-07-17T04:45:39.030Z
3590290,DIVE or DIE - Children of Rain,2026-07-21,pre_launch_wishlist_rank,2026-07-18,-3,638,ok,2026-07-18T04:29:54.503Z
3590290,DIVE or DIE - Children of Rain,2026-07-21,pre_launch_wishlist_rank,2026-07-19,-2,617,ok,2026-07-19T04:54:49.781Z
3590290,DIVE or DIE - Children of Rain,2026-07-21,pre_launch_wishlist_rank,2026-07-20,-1,587,ok,2026-07-20T05:09:45.900Z
3590290,DIVE or DIE - Children of Rain,2026-07-21,post_launch_reviews_total,2026-07-21,0,0,ok,2026-07-21T04:50:39.944Z
3590290,DIVE or DIE - Children of Rain,2026-07-21,post_launch_reviews_total,2026-07-22,1,,not_collected,
3590290,DIVE or DIE - Children of Rain,2026-07-21,post_launch_reviews_total,2026-07-23,2,,not_collected,
3590290,DIVE or DIE - Children of Rain,2026-07-21,post_launch_reviews_total,2026-07-24,3,,not_collected,
3590290,DIVE or DIE - Children of Rain,2026-07-21,post_launch_reviews_total,2026-07-25,4,,not_collected,
3590290,DIVE or DIE - Children of Rain,2026-07-21,post_launch_reviews_total,2026-07-26,5,,not_collected,
3590290,DIVE or DIE - Children of Rain,2026-07-21,post_launch_reviews_total,2026-07-27,6,,not_collected,
3590290,DIVE or DIE - Children of Rain,2026-07-21,post_launch_reviews_total,2026-07-28,7,,not_collected,
1148130,Divinum,2026-08-28,pre_launch_wishlist_rank,2026-08-21,-7,802,ok,2026-08-21T02:47:33.763Z
1148130,Divinum,2026-08-28,pre_launch_wishlist_rank,2026-08-22,-6,785,ok,2026-08-22T02:38:05.157Z
1148130,Divinum,2026-08-28,pre_launch_wishlist_rank,2026-08-23,-5,765,ok,2026-08-23T02:47:54.993Z
1148130,Divinum,2026-08-28,pre_launch_wishlist_rank,2026-08-24,-4,741,ok,2026-08-24T02:48:36.097Z
1148130,Divinum,2026-08-28,pre_launch_wishlist_rank,2026-08-25,-3,700,ok,2026-08-25T02:42:46.392Z
1148130,Divinum,2026-08-28,pre_launch_wishlist_rank,2026-08-26,-2,681,ok,2026-08-26T02:50:15.789Z
1148130,Divinum,2026-08-28,pre_launch_wishlist_rank,2026-08-27,-1,660,ok,2026-08-27T11:57:45.810Z
1148130,Divinum,2026-08-28,post_launch_reviews_total,2026-08-28,0,0,ok,2026-08-28T13:19:41.332Z
1148130,Divinum,2026-08-28,post_launch_reviews_total,2026-08-29,1,,not_collected,
1148130,Divinum,2026-08-28,post_launch_reviews_total,2026-08-30,2,,not_collected,
1148130,Divinum,2026-08-28,post_launch_reviews_total,2026-08-31,3,,not_collected,
1148130,Divinum,2026-08-28,post_launch_reviews_total,2026-09-01,4,,not_collected,
1148130,Divinum,2026-08-28,post_launch_reviews_total,2026-09-02,5,,not_collected,
1148130,Divinum,2026-08-28,post_launch_reviews_total,2026-09-03,6,,not_collected,
1148130,Divinum,2026-08-28,post_launch_reviews_total,2026-09-04,7,,not_collected,
4824350,DM Campaign Manager,2026-07-07,pre_launch_wishlist_rank,2026-06-30,-7,,not_collected,
4824350,DM Campaign Manager,2026-07-07,pre_launch_wishlist_rank,2026-07-01,-6,,not_collected,
4824350,DM Campaign Manager,2026-07-07,pre_launch_wishlist_rank,2026-07-02,-5,,not_collected,
4824350,DM Campaign Manager,2026-07-07,pre_launch_wishlist_rank,2026-07-03,-4,,not_in_captured_wishlist_ranking,
4824350,DM Campaign Manager,2026-07-07,pre_launch_wishlist_rank,2026-07-04,-3,,not_in_captured_wishlist_ranking,
4824350,DM Campaign Manager,2026-07-07,pre_launch_wishlist_rank,2026-07-05,-2,,not_in_captured_wishlist_ranking,
4824350,DM Campaign Manager,2026-07-07,pre_launch_wishlist_rank,2026-07-06,-1,,not_in_captured_wishlist_ranking,
4824350,DM Campaign Manager,2026-07-07,post_launch_reviews_total,2026-07-07,0,0,ok,2026-07-07T05:48:04.813Z
4824350,DM Campaign Manager,2026-07-07,post_launch_reviews_total,2026-07-08,1,,not_collected,
4824350,DM Campaign Manager,2026-07-07,post_launch_reviews_total,2026-07-09,2,,not_collected,
4824350,DM Campaign Manager,2026-07-07,post_launch_reviews_total,2026-07-10,3,,not_collected,
4824350,DM Campaign Manager,2026-07-07,post_launch_reviews_total,2026-07-11,4,,not_collected,
4824350,DM Campaign Manager,2026-07-07,post_launch_reviews_total,2026-07-12,5,,not_collected,
4824350,DM Campaign Manager,2026-07-07,post_launch_reviews_total,2026-07-13,6,,not_collected,
4824350,DM Campaign Manager,2026-07-07,post_launch_reviews_total,2026-07-14,7,,not_collected,
4829530,DOI: Defense Shooter,2026-07-07,pre_launch_wishlist_rank,2026-06-30,-7,,not_collected,
4829530,DOI: Defense Shooter,2026-07-07,pre_launch_wishlist_rank,2026-07-01,-6,,not_collected,
4829530,DOI: Defense Shooter,2026-07-07,pre_launch_wishlist_rank,2026-07-02,-5,,not_collected,
4829530,DOI: Defense Shooter,2026-07-07,pre_launch_wishlist_rank,2026-07-03,-4,,not_in_captured_wishlist_ranking,
4829530,DOI: Defense Shooter,2026-07-07,pre_launch_wishlist_rank,2026-07-04,-3,,not_in_captured_wishlist_ranking,
4829530,DOI: Defense Shooter,2026-07-07,pre_launch_wishlist_rank,2026-07-05,-2,,not_in_captured_wishlist_ranking,
4829530,DOI: Defense Shooter,2026-07-07,pre_launch_wishlist_rank,2026-07-06,-1,,not_in_captured_wishlist_ranking,
4829530,DOI: Defense Shooter,2026-07-07,post_launch_reviews_total,2026-07-07,0,0,ok,2026-07-07T05:48:04.813Z
4829530,DOI: Defense Shooter,2026-07-07,post_launch_reviews_total,2026-07-08,1,,not_collected,
4829530,DOI: Defense Shooter,2026-07-07,post_launch_reviews_total,2026-07-09,2,,not_collected,
4829530,DOI: Defense Shooter,2026-07-07,post_launch_reviews_total,2026-07-10,3,,not_collected,
4829530,DOI: Defense Shooter,2026-07-07,post_launch_reviews_total,2026-07-11,4,,not_collected,
4829530,DOI: Defense Shooter,2026-07-07,post_launch_reviews_total,2026-07-12,5,,not_collected,
4829530,DOI: Defense Shooter,2026-07-07,post_launch_reviews_total,2026-07-13,6,,not_collected,
4829530,DOI: Defense Shooter,2026-07-07,post_launch_reviews_total,2026-07-14,7,,not_collected,
3825860,Dominion Of The Forgotten,2026-07-19,pre_launch_wishlist_rank,2026-07-12,-7,,not_in_captured_wishlist_ranking,
3825860,Dominion Of The Forgotten,2026-07-19,pre_launch_wishlist_rank,2026-07-13,-6,,not_in_captured_wishlist_ranking,
3825860,Dominion Of The Forgotten,2026-07-19,pre_launch_wishlist_rank,2026-07-14,-5,,not_in_captured_wishlist_ranking,
3825860,Dominion Of The Forgotten,2026-07-19,pre_launch_wishlist_rank,2026-07-15,-4,,not_in_captured_wishlist_ranking,
3825860,Dominion Of The Forgotten,2026-07-19,pre_launch_wishlist_rank,2026-07-16,-3,,not_in_captured_wishlist_ranking,
3825860,Dominion Of The Forgotten,2026-07-19,pre_launch_wishlist_rank,2026-07-17,-2,,not_in_captured_wishlist_ranking,
3825860,Dominion Of The Forgotten,2026-07-19,pre_launch_wishlist_rank,2026-07-18,-1,,not_in_captured_wishlist_ranking,
3825860,Dominion Of The Forgotten,2026-07-19,post_launch_reviews_total,2026-07-19,0,0,ok,2026-07-19T04:54:49.781Z
3825860,Dominion Of The Forgotten,2026-07-19,post_launch_reviews_total,2026-07-20,1,,not_collected,
3825860,Dominion Of The Forgotten,2026-07-19,post_launch_reviews_total,2026-07-21,2,,not_collected,
3825860,Dominion Of The Forgotten,2026-07-19,post_launch_reviews_total,2026-07-22,3,,not_collected,
3825860,Dominion Of The Forgotten,2026-07-19,post_launch_reviews_total,2026-07-23,4,,not_collected,
3825860,Dominion Of The Forgotten,2026-07-19,post_launch_reviews_total,2026-07-24,5,,not_collected,
3825860,Dominion Of The Forgotten,2026-07-19,post_launch_reviews_total,2026-07-25,6,,not_collected,
3825860,Dominion Of The Forgotten,2026-07-19,post_launch_reviews_total,2026-07-26,7,,not_collected,
3469450,DOOM: The Dark Ages | Revelations,2026-07-07,pre_launch_wishlist_rank,2026-06-30,-7,,not_collected,
3469450,DOOM: The Dark Ages | Revelations,2026-07-07,pre_launch_wishlist_rank,2026-07-01,-6,,not_collected,
3469450,DOOM: The Dark Ages | Revelations,2026-07-07,pre_launch_wishlist_rank,2026-07-02,-5,,not_collected,
3469450,DOOM: The Dark Ages | Revelations,2026-07-07,pre_launch_wishlist_rank,2026-07-03,-4,,not_in_captured_wishlist_ranking,
3469450,DOOM: The Dark Ages | Revelations,2026-07-07,pre_launch_wishlist_rank,2026-07-04,-3,,not_in_captured_wishlist_ranking,
3469450,DOOM: The Dark Ages | Revelations,2026-07-07,pre_launch_wishlist_rank,2026-07-05,-2,,not_in_captured_wishlist_ranking,
3469450,DOOM: The Dark Ages | Revelations,2026-07-07,pre_launch_wishlist_rank,2026-07-06,-1,697,ok,2026-07-06T04:31:47.397Z
3469450,DOOM: The Dark Ages | Revelations,2026-07-07,post_launch_reviews_total,2026-07-07,0,0,ok,2026-07-07T05:48:04.813Z
3469450,DOOM: The Dark Ages | Revelations,2026-07-07,post_launch_reviews_total,2026-07-08,1,,not_collected,
3469450,DOOM: The Dark Ages | Revelations,2026-07-07,post_launch_reviews_total,2026-07-09,2,,not_collected,
3469450,DOOM: The Dark Ages | Revelations,2026-07-07,post_launch_reviews_total,2026-07-10,3,,not_collected,
3469450,DOOM: The Dark Ages | Revelations,2026-07-07,post_launch_reviews_total,2026-07-11,4,,not_collected,
3469450,DOOM: The Dark Ages | Revelations,2026-07-07,post_launch_reviews_total,2026-07-12,5,,not_collected,
3469450,DOOM: The Dark Ages | Revelations,2026-07-07,post_launch_reviews_total,2026-07-13,6,,not_collected,
3469450,DOOM: The Dark Ages | Revelations,2026-07-07,post_launch_reviews_total,2026-07-14,7,,not_collected,
4869370,Doomsday Draft,2026-07-05,pre_launch_wishlist_rank,2026-06-28,-7,,not_collected,
4869370,Doomsday Draft,2026-07-05,pre_launch_wishlist_rank,2026-06-29,-6,,not_collected,
4869370,Doomsday Draft,2026-07-05,pre_launch_wishlist_rank,2026-06-30,-5,,not_collected,
4869370,Doomsday Draft,2026-07-05,pre_launch_wishlist_rank,2026-07-01,-4,,not_collected,
4869370,Doomsday Draft,2026-07-05,pre_launch_wishlist_rank,2026-07-02,-3,,not_collected,
4869370,Doomsday Draft,2026-07-05,pre_launch_wishlist_rank,2026-07-03,-2,,not_in_captured_wishlist_ranking,
4869370,Doomsday Draft,2026-07-05,pre_launch_wishlist_rank,2026-07-04,-1,,not_in_captured_wishlist_ranking,
4869370,Doomsday Draft,2026-07-05,post_launch_reviews_total,2026-07-05,0,0,ok,2026-07-05T05:38:17.292Z
4869370,Doomsday Draft,2026-07-05,post_launch_reviews_total,2026-07-06,1,,not_collected,
4869370,Doomsday Draft,2026-07-05,post_launch_reviews_total,2026-07-07,2,,not_collected,
4869370,Doomsday Draft,2026-07-05,post_launch_reviews_total,2026-07-08,3,,not_collected,
4869370,Doomsday Draft,2026-07-05,post_launch_reviews_total,2026-07-09,4,,not_collected,
4869370,Doomsday Draft,2026-07-05,post_launch_reviews_total,2026-07-10,5,,not_collected,
4869370,Doomsday Draft,2026-07-05,post_launch_reviews_total,2026-07-11,6,,not_collected,
4869370,Doomsday Draft,2026-07-05,post_launch_reviews_total,2026-07-12,7,,not_collected,
4570720,DragonSword : Awakening,2026-07-22,pre_launch_wishlist_rank,2026-07-15,-7,153,ok,2026-07-15T04:32:45.763Z
4570720,DragonSword : Awakening,2026-07-22,pre_launch_wishlist_rank,2026-07-16,-6,148,ok,2026-07-16T04:42:31.378Z
4570720,DragonSword : Awakening,2026-07-22,pre_launch_wishlist_rank,2026-07-17,-5,148,ok,2026-07-17T04:45:39.030Z
4570720,DragonSword : Awakening,2026-07-22,pre_launch_wishlist_rank,2026-07-18,-4,144,ok,2026-07-18T04:29:54.503Z
4570720,DragonSword : Awakening,2026-07-22,pre_launch_wishlist_rank,2026-07-19,-3,141,ok,2026-07-19T04:54:49.781Z
4570720,DragonSword : Awakening,2026-07-22,pre_launch_wishlist_rank,2026-07-20,-2,130,ok,2026-07-20T05:09:45.900Z
4570720,DragonSword : Awakening,2026-07-22,pre_launch_wishlist_rank,2026-07-21,-1,124,ok,2026-07-21T04:50:39.944Z
4570720,DragonSword : Awakening,2026-07-22,post_launch_reviews_total,2026-07-22,0,0,ok,2026-07-22T04:50:32.272Z
4570720,DragonSword : Awakening,2026-07-22,post_launch_reviews_total,2026-07-23,1,,not_collected,
4570720,DragonSword : Awakening,2026-07-22,post_launch_reviews_total,2026-07-24,2,,not_collected,
4570720,DragonSword : Awakening,2026-07-22,post_launch_reviews_total,2026-07-25,3,,not_collected,
4570720,DragonSword : Awakening,2026-07-22,post_launch_reviews_total,2026-07-26,4,,not_collected,
4570720,DragonSword : Awakening,2026-07-22,post_launch_reviews_total,2026-07-27,5,,not_collected,
4570720,DragonSword : Awakening,2026-07-22,post_launch_reviews_total,2026-07-28,6,,not_collected,
4570720,DragonSword : Awakening,2026-07-22,post_launch_reviews_total,2026-07-29,7,,not_collected,
2765790,Dreadweave,2026-07-22,pre_launch_wishlist_rank,2026-07-15,-7,,not_in_captured_wishlist_ranking,
2765790,Dreadweave,2026-07-22,pre_launch_wishlist_rank,2026-07-16,-6,1962,ok,2026-07-16T04:42:31.378Z
2765790,Dreadweave,2026-07-22,pre_launch_wishlist_rank,2026-07-17,-5,1921,ok,2026-07-17T04:45:39.030Z
2765790,Dreadweave,2026-07-22,pre_launch_wishlist_rank,2026-07-18,-4,1900,ok,2026-07-18T04:29:54.503Z
2765790,Dreadweave,2026-07-22,pre_launch_wishlist_rank,2026-07-19,-3,1869,ok,2026-07-19T04:54:49.781Z
2765790,Dreadweave,2026-07-22,pre_launch_wishlist_rank,2026-07-20,-2,1785,ok,2026-07-20T05:09:45.900Z
2765790,Dreadweave,2026-07-22,pre_launch_wishlist_rank,2026-07-21,-1,1724,ok,2026-07-21T04:50:39.944Z
2765790,Dreadweave,2026-07-22,post_launch_reviews_total,2026-07-22,0,0,ok,2026-07-22T04:50:32.272Z
2765790,Dreadweave,2026-07-22,post_launch_reviews_total,2026-07-23,1,,not_collected,
2765790,Dreadweave,2026-07-22,post_launch_reviews_total,2026-07-24,2,,not_collected,
2765790,Dreadweave,2026-07-22,post_launch_reviews_total,2026-07-25,3,,not_collected,
2765790,Dreadweave,2026-07-22,post_launch_reviews_total,2026-07-26,4,,not_collected,
2765790,Dreadweave,2026-07-22,post_launch_reviews_total,2026-07-27,5,,not_collected,
2765790,Dreadweave,2026-07-22,post_launch_reviews_total,2026-07-28,6,,not_collected,
2765790,Dreadweave,2026-07-22,post_launch_reviews_total,2026-07-29,7,,not_collected,
3958820,Drive Me Broke,2026-08-19,pre_launch_wishlist_rank,2026-08-12,-7,,not_in_captured_wishlist_ranking,
3958820,Drive Me Broke,2026-08-19,pre_launch_wishlist_rank,2026-08-13,-6,,not_in_captured_wishlist_ranking,
3958820,Drive Me Broke,2026-08-19,pre_launch_wishlist_rank,2026-08-14,-5,,not_in_captured_wishlist_ranking,
3958820,Drive Me Broke,2026-08-19,pre_launch_wishlist_rank,2026-08-15,-4,,not_in_captured_wishlist_ranking,
3958820,Drive Me Broke,2026-08-19,pre_launch_wishlist_rank,2026-08-16,-3,1960,ok,2026-08-16T02:45:28.861Z
3958820,Drive Me Broke,2026-08-19,pre_launch_wishlist_rank,2026-08-17,-2,1843,ok,2026-08-17T02:45:10.258Z
3958820,Drive Me Broke,2026-08-19,pre_launch_wishlist_rank,2026-08-18,-1,1733,ok,2026-08-18T02:39:27.140Z
3958820,Drive Me Broke,2026-08-19,post_launch_reviews_total,2026-08-19,0,0,ok,2026-08-19T02:42:36.358Z
3958820,Drive Me Broke,2026-08-19,post_launch_reviews_total,2026-08-20,1,,not_collected,
3958820,Drive Me Broke,2026-08-19,post_launch_reviews_total,2026-08-21,2,,not_collected,
3958820,Drive Me Broke,2026-08-19,post_launch_reviews_total,2026-08-22,3,,not_collected,
3958820,Drive Me Broke,2026-08-19,post_launch_reviews_total,2026-08-23,4,,not_collected,
3958820,Drive Me Broke,2026-08-19,post_launch_reviews_total,2026-08-24,5,,not_collected,
3958820,Drive Me Broke,2026-08-19,post_launch_reviews_total,2026-08-25,6,,not_collected,
3958820,Drive Me Broke,2026-08-19,post_launch_reviews_total,2026-08-26,7,,not_collected,
3279440,Drone Sector,2026-07-21,pre_launch_wishlist_rank,2026-07-14,-7,728,ok,2026-07-14T04:32:48.120Z
3279440,Drone Sector,2026-07-21,pre_launch_wishlist_rank,2026-07-15,-6,713,ok,2026-07-15T04:32:45.763Z
3279440,Drone Sector,2026-07-21,pre_launch_wishlist_rank,2026-07-16,-5,707,ok,2026-07-16T04:42:31.378Z
3279440,Drone Sector,2026-07-21,pre_launch_wishlist_rank,2026-07-17,-4,684,ok,2026-07-17T04:45:39.030Z
3279440,Drone Sector,2026-07-21,pre_launch_wishlist_rank,2026-07-18,-3,671,ok,2026-07-18T04:29:54.503Z
3279440,Drone Sector,2026-07-21,pre_launch_wishlist_rank,2026-07-19,-2,652,ok,2026-07-19T04:54:49.781Z
3279440,Drone Sector,2026-07-21,pre_launch_wishlist_rank,2026-07-20,-1,611,ok,2026-07-20T05:09:45.900Z
3279440,Drone Sector,2026-07-21,post_launch_reviews_total,2026-07-21,0,0,ok,2026-07-21T04:50:39.944Z
3279440,Drone Sector,2026-07-21,post_launch_reviews_total,2026-07-22,1,,not_collected,
3279440,Drone Sector,2026-07-21,post_launch_reviews_total,2026-07-23,2,,not_collected,
3279440,Drone Sector,2026-07-21,post_launch_reviews_total,2026-07-24,3,,not_collected,
3279440,Drone Sector,2026-07-21,post_launch_reviews_total,2026-07-25,4,,not_collected,
3279440,Drone Sector,2026-07-21,post_launch_reviews_total,2026-07-26,5,,not_collected,
3279440,Drone Sector,2026-07-21,post_launch_reviews_total,2026-07-27,6,,not_collected,
3279440,Drone Sector,2026-07-21,post_launch_reviews_total,2026-07-28,7,,not_collected,
4557030,DRUMP SIMULATOR,2026-07-03,pre_launch_wishlist_rank,2026-06-26,-7,,not_collected,
4557030,DRUMP SIMULATOR,2026-07-03,pre_launch_wishlist_rank,2026-06-27,-6,,not_collected,
4557030,DRUMP SIMULATOR,2026-07-03,pre_launch_wishlist_rank,2026-06-28,-5,,not_collected,
4557030,DRUMP SIMULATOR,2026-07-03,pre_launch_wishlist_rank,2026-06-29,-4,,not_collected,
4557030,DRUMP SIMULATOR,2026-07-03,pre_launch_wishlist_rank,2026-06-30,-3,,not_collected,
4557030,DRUMP SIMULATOR,2026-07-03,pre_launch_wishlist_rank,2026-07-01,-2,,not_collected,
4557030,DRUMP SIMULATOR,2026-07-03,pre_launch_wishlist_rank,2026-07-02,-1,,not_collected,
4557030,DRUMP SIMULATOR,2026-07-03,post_launch_reviews_total,2026-07-03,0,0,ok,2026-07-03T04:27:24.412Z
4557030,DRUMP SIMULATOR,2026-07-03,post_launch_reviews_total,2026-07-04,1,,not_collected,
4557030,DRUMP SIMULATOR,2026-07-03,post_launch_reviews_total,2026-07-05,2,,not_collected,
4557030,DRUMP SIMULATOR,2026-07-03,post_launch_reviews_total,2026-07-06,3,,not_collected,
4557030,DRUMP SIMULATOR,2026-07-03,post_launch_reviews_total,2026-07-07,4,,not_collected,
4557030,DRUMP SIMULATOR,2026-07-03,post_launch_reviews_total,2026-07-08,5,,not_collected,
4557030,DRUMP SIMULATOR,2026-07-03,post_launch_reviews_total,2026-07-09,6,,not_collected,
4557030,DRUMP SIMULATOR,2026-07-03,post_launch_reviews_total,2026-07-10,7,,not_collected,
4412320,Dumb Ways to Build,2026-09-10,pre_launch_wishlist_rank,2026-09-03,-7,1306,ok,2026-09-03T06:24:29.914Z
4412320,Dumb Ways to Build,2026-09-10,pre_launch_wishlist_rank,2026-09-04,-6,,not_collected,
4412320,Dumb Ways to Build,2026-09-10,pre_launch_wishlist_rank,2026-09-05,-5,,not_collected,
4412320,Dumb Ways to Build,2026-09-10,pre_launch_wishlist_rank,2026-09-06,-4,,not_collected,
4412320,Dumb Ways to Build,2026-09-10,pre_launch_wishlist_rank,2026-09-07,-3,,not_collected,
4412320,Dumb Ways to Build,2026-09-10,pre_launch_wishlist_rank,2026-09-08,-2,,not_collected,
4412320,Dumb Ways to Build,2026-09-10,pre_launch_wishlist_rank,2026-09-09,-1,,not_collected,
4412320,Dumb Ways to Build,2026-09-10,post_launch_reviews_total,2026-09-10,0,,not_collected,
4412320,Dumb Ways to Build,2026-09-10,post_launch_reviews_total,2026-09-11,1,,not_collected,
4412320,Dumb Ways to Build,2026-09-10,post_launch_reviews_total,2026-09-12,2,,not_collected,
4412320,Dumb Ways to Build,2026-09-10,post_launch_reviews_total,2026-09-13,3,,not_collected,
4412320,Dumb Ways to Build,2026-09-10,post_launch_reviews_total,2026-09-14,4,,not_collected,
4412320,Dumb Ways to Build,2026-09-10,post_launch_reviews_total,2026-09-15,5,,not_collected,
4412320,Dumb Ways to Build,2026-09-10,post_launch_reviews_total,2026-09-16,6,,not_collected,
4412320,Dumb Ways to Build,2026-09-10,post_launch_reviews_total,2026-09-17,7,,not_collected,
2798330,Dungeon Settlers,2026-09-04,pre_launch_wishlist_rank,2026-08-28,-7,210,ok,2026-08-28T13:19:41.332Z
2798330,Dungeon Settlers,2026-09-04,pre_launch_wishlist_rank,2026-08-29,-6,205,ok,2026-08-29T08:16:08.181Z
2798330,Dungeon Settlers,2026-09-04,pre_launch_wishlist_rank,2026-08-30,-5,198,ok,2026-08-30T07:17:27.365Z
2798330,Dungeon Settlers,2026-09-04,pre_launch_wishlist_rank,2026-08-31,-4,188,ok,2026-08-31T07:32:46.352Z
2798330,Dungeon Settlers,2026-09-04,pre_launch_wishlist_rank,2026-09-01,-3,179,ok,2026-09-01T06:43:33.167Z
2798330,Dungeon Settlers,2026-09-04,pre_launch_wishlist_rank,2026-09-02,-2,170,ok,2026-09-02T06:21:55.398Z
2798330,Dungeon Settlers,2026-09-04,pre_launch_wishlist_rank,2026-09-03,-1,161,ok,2026-09-03T06:24:29.914Z
2798330,Dungeon Settlers,2026-09-04,post_launch_reviews_total,2026-09-04,0,,not_collected,
2798330,Dungeon Settlers,2026-09-04,post_launch_reviews_total,2026-09-05,1,,not_collected,
2798330,Dungeon Settlers,2026-09-04,post_launch_reviews_total,2026-09-06,2,,not_collected,
2798330,Dungeon Settlers,2026-09-04,post_launch_reviews_total,2026-09-07,3,,not_collected,
2798330,Dungeon Settlers,2026-09-04,post_launch_reviews_total,2026-09-08,4,,not_collected,
2798330,Dungeon Settlers,2026-09-04,post_launch_reviews_total,2026-09-09,5,,not_collected,
2798330,Dungeon Settlers,2026-09-04,post_launch_reviews_total,2026-09-10,6,,not_collected,
2798330,Dungeon Settlers,2026-09-04,post_launch_reviews_total,2026-09-11,7,,not_collected,
2542020,Duskfade,2026-08-13,pre_launch_wishlist_rank,2026-08-06,-7,314,ok,2026-08-06T04:47:09.485Z
2542020,Duskfade,2026-08-13,pre_launch_wishlist_rank,2026-08-07,-6,309,ok,2026-08-07T04:13:26.771Z
2542020,Duskfade,2026-08-13,pre_launch_wishlist_rank,2026-08-08,-5,306,ok,2026-08-08T03:11:38.214Z
2542020,Duskfade,2026-08-13,pre_launch_wishlist_rank,2026-08-09,-4,304,ok,2026-08-09T03:19:17.318Z
2542020,Duskfade,2026-08-13,pre_launch_wishlist_rank,2026-08-10,-3,296,ok,2026-08-10T03:29:07.136Z
2542020,Duskfade,2026-08-13,pre_launch_wishlist_rank,2026-08-11,-2,290,ok,2026-08-11T03:21:55.619Z
2542020,Duskfade,2026-08-13,pre_launch_wishlist_rank,2026-08-12,-1,284,ok,2026-08-12T03:40:42.315Z
2542020,Duskfade,2026-08-13,post_launch_reviews_total,2026-08-13,0,0,ok,2026-08-13T03:51:51.678Z
2542020,Duskfade,2026-08-13,post_launch_reviews_total,2026-08-14,1,,not_collected,
2542020,Duskfade,2026-08-13,post_launch_reviews_total,2026-08-15,2,,not_collected,
2542020,Duskfade,2026-08-13,post_launch_reviews_total,2026-08-16,3,,not_collected,
2542020,Duskfade,2026-08-13,post_launch_reviews_total,2026-08-17,4,,not_collected,
2542020,Duskfade,2026-08-13,post_launch_reviews_total,2026-08-18,5,,not_collected,
2542020,Duskfade,2026-08-13,post_launch_reviews_total,2026-08-19,6,,not_collected,
2542020,Duskfade,2026-08-13,post_launch_reviews_total,2026-08-20,7,,not_collected,
4216280,Dverghold,2026-07-29,pre_launch_wishlist_rank,2026-07-22,-7,,not_in_captured_wishlist_ranking,
4216280,Dverghold,2026-07-29,pre_launch_wishlist_rank,2026-07-23,-6,,not_in_captured_wishlist_ranking,
4216280,Dverghold,2026-07-29,pre_launch_wishlist_rank,2026-07-24,-5,,not_in_captured_wishlist_ranking,
4216280,Dverghold,2026-07-29,pre_launch_wishlist_rank,2026-07-25,-4,,not_in_captured_wishlist_ranking,
4216280,Dverghold,2026-07-29,pre_launch_wishlist_rank,2026-07-26,-3,,not_in_captured_wishlist_ranking,
4216280,Dverghold,2026-07-29,pre_launch_wishlist_rank,2026-07-27,-2,,not_in_captured_wishlist_ranking,
4216280,Dverghold,2026-07-29,pre_launch_wishlist_rank,2026-07-28,-1,,not_in_captured_wishlist_ranking,
4216280,Dverghold,2026-07-29,post_launch_reviews_total,2026-07-29,0,0,ok,2026-07-29T04:50:58.767Z
4216280,Dverghold,2026-07-29,post_launch_reviews_total,2026-07-30,1,,not_collected,
4216280,Dverghold,2026-07-29,post_launch_reviews_total,2026-07-31,2,,not_collected,
4216280,Dverghold,2026-07-29,post_launch_reviews_total,2026-08-01,3,,not_collected,
4216280,Dverghold,2026-07-29,post_launch_reviews_total,2026-08-02,4,,not_collected,
4216280,Dverghold,2026-07-29,post_launch_reviews_total,2026-08-03,5,,not_collected,
4216280,Dverghold,2026-07-29,post_launch_reviews_total,2026-08-04,6,,not_collected,
4216280,Dverghold,2026-07-29,post_launch_reviews_total,2026-08-05,7,,not_collected,
4249850,E-Shop Tycoon,2026-07-28,pre_launch_wishlist_rank,2026-07-21,-7,,not_in_captured_wishlist_ranking,
4249850,E-Shop Tycoon,2026-07-28,pre_launch_wishlist_rank,2026-07-22,-6,,not_in_captured_wishlist_ranking,
4249850,E-Shop Tycoon,2026-07-28,pre_launch_wishlist_rank,2026-07-23,-5,1921,ok,2026-07-23T04:56:12.842Z
4249850,E-Shop Tycoon,2026-07-28,pre_launch_wishlist_rank,2026-07-24,-4,1862,ok,2026-07-24T04:51:55.902Z
4249850,E-Shop Tycoon,2026-07-28,pre_launch_wishlist_rank,2026-07-25,-3,1801,ok,2026-07-25T04:47:58.982Z
4249850,E-Shop Tycoon,2026-07-28,pre_launch_wishlist_rank,2026-07-26,-2,1710,ok,2026-07-26T05:02:25.100Z
4249850,E-Shop Tycoon,2026-07-28,pre_launch_wishlist_rank,2026-07-27,-1,1539,ok,2026-07-27T05:28:24.621Z
4249850,E-Shop Tycoon,2026-07-28,post_launch_reviews_total,2026-07-28,0,0,ok,2026-07-28T04:45:52.627Z
4249850,E-Shop Tycoon,2026-07-28,post_launch_reviews_total,2026-07-29,1,,not_collected,
4249850,E-Shop Tycoon,2026-07-28,post_launch_reviews_total,2026-07-30,2,,not_collected,
4249850,E-Shop Tycoon,2026-07-28,post_launch_reviews_total,2026-07-31,3,,not_collected,
4249850,E-Shop Tycoon,2026-07-28,post_launch_reviews_total,2026-08-01,4,,not_collected,
4249850,E-Shop Tycoon,2026-07-28,post_launch_reviews_total,2026-08-02,5,,not_collected,
4249850,E-Shop Tycoon,2026-07-28,post_launch_reviews_total,2026-08-03,6,,not_collected,
4249850,E-Shop Tycoon,2026-07-28,post_launch_reviews_total,2026-08-04,7,,not_collected,
4080220,EA SPORTS FC™ 27,2026-09-24,pre_launch_wishlist_rank,2026-09-17,-7,,not_collected,
4080220,EA SPORTS FC™ 27,2026-09-24,pre_launch_wishlist_rank,2026-09-18,-6,,not_collected,
4080220,EA SPORTS FC™ 27,2026-09-24,pre_launch_wishlist_rank,2026-09-19,-5,,not_collected,
4080220,EA SPORTS FC™ 27,2026-09-24,pre_launch_wishlist_rank,2026-09-20,-4,,not_collected,
4080220,EA SPORTS FC™ 27,2026-09-24,pre_launch_wishlist_rank,2026-09-21,-3,,not_collected,
4080220,EA SPORTS FC™ 27,2026-09-24,pre_launch_wishlist_rank,2026-09-22,-2,,not_collected,
4080220,EA SPORTS FC™ 27,2026-09-24,pre_launch_wishlist_rank,2026-09-23,-1,,not_collected,
4080220,EA SPORTS FC™ 27,2026-09-24,post_launch_reviews_total,2026-09-24,0,,not_collected,
4080220,EA SPORTS FC™ 27,2026-09-24,post_launch_reviews_total,2026-09-25,1,,not_collected,
4080220,EA SPORTS FC™ 27,2026-09-24,post_launch_reviews_total,2026-09-26,2,,not_collected,
4080220,EA SPORTS FC™ 27,2026-09-24,post_launch_reviews_total,2026-09-27,3,,not_collected,
4080220,EA SPORTS FC™ 27,2026-09-24,post_launch_reviews_total,2026-09-28,4,,not_collected,
4080220,EA SPORTS FC™ 27,2026-09-24,post_launch_reviews_total,2026-09-29,5,,not_collected,
4080220,EA SPORTS FC™ 27,2026-09-24,post_launch_reviews_total,2026-09-30,6,,not_collected,
4080220,EA SPORTS FC™ 27,2026-09-24,post_launch_reviews_total,2026-10-01,7,,not_collected,
4032350,EA SPORTS™ College Football 27,2026-07-09,pre_launch_wishlist_rank,2026-07-02,-7,,not_collected,
4032350,EA SPORTS™ College Football 27,2026-07-09,pre_launch_wishlist_rank,2026-07-03,-6,,not_in_captured_wishlist_ranking,
4032350,EA SPORTS™ College Football 27,2026-07-09,pre_launch_wishlist_rank,2026-07-04,-5,,not_in_captured_wishlist_ranking,
4032350,EA SPORTS™ College Football 27,2026-07-09,pre_launch_wishlist_rank,2026-07-05,-4,,not_in_captured_wishlist_ranking,
4032350,EA SPORTS™ College Football 27,2026-07-09,pre_launch_wishlist_rank,2026-07-06,-3,1231,ok,2026-07-06T04:31:47.397Z
4032350,EA SPORTS™ College Football 27,2026-07-09,pre_launch_wishlist_rank,2026-07-07,-2,1199,ok,2026-07-07T05:48:04.813Z
4032350,EA SPORTS™ College Football 27,2026-07-09,pre_launch_wishlist_rank,2026-07-08,-1,1168,ok,2026-07-08T04:50:41.299Z
4032350,EA SPORTS™ College Football 27,2026-07-09,post_launch_reviews_total,2026-07-09,0,414,ok,2026-07-09T05:46:21.155Z
4032350,EA SPORTS™ College Football 27,2026-07-09,post_launch_reviews_total,2026-07-10,1,,not_collected,
4032350,EA SPORTS™ College Football 27,2026-07-09,post_launch_reviews_total,2026-07-11,2,,not_collected,
4032350,EA SPORTS™ College Football 27,2026-07-09,post_launch_reviews_total,2026-07-12,3,,not_collected,
4032350,EA SPORTS™ College Football 27,2026-07-09,post_launch_reviews_total,2026-07-13,4,,not_collected,
4032350,EA SPORTS™ College Football 27,2026-07-09,post_launch_reviews_total,2026-07-14,5,,not_collected,
4032350,EA SPORTS™ College Football 27,2026-07-09,post_launch_reviews_total,2026-07-15,6,,not_collected,
4032350,EA SPORTS™ College Football 27,2026-07-09,post_launch_reviews_total,2026-07-16,7,,not_collected,
4875860,ECHOES,2026-07-31,pre_launch_wishlist_rank,2026-07-24,-7,,not_in_captured_wishlist_ranking,
4875860,ECHOES,2026-07-31,pre_launch_wishlist_rank,2026-07-25,-6,,not_in_captured_wishlist_ranking,
4875860,ECHOES,2026-07-31,pre_launch_wishlist_rank,2026-07-26,-5,,not_in_captured_wishlist_ranking,
4875860,ECHOES,2026-07-31,pre_launch_wishlist_rank,2026-07-27,-4,,not_in_captured_wishlist_ranking,
4875860,ECHOES,2026-07-31,pre_launch_wishlist_rank,2026-07-28,-3,,not_in_captured_wishlist_ranking,
4875860,ECHOES,2026-07-31,pre_launch_wishlist_rank,2026-07-29,-2,,not_in_captured_wishlist_ranking,
4875860,ECHOES,2026-07-31,pre_launch_wishlist_rank,2026-07-30,-1,,not_in_captured_wishlist_ranking,
4875860,ECHOES,2026-07-31,post_launch_reviews_total,2026-07-31,0,0,ok,2026-07-31T05:04:54.532Z
4875860,ECHOES,2026-07-31,post_launch_reviews_total,2026-08-01,1,,not_collected,
4875860,ECHOES,2026-07-31,post_launch_reviews_total,2026-08-02,2,,not_collected,
4875860,ECHOES,2026-07-31,post_launch_reviews_total,2026-08-03,3,,not_collected,
4875860,ECHOES,2026-07-31,post_launch_reviews_total,2026-08-04,4,,not_collected,
4875860,ECHOES,2026-07-31,post_launch_reviews_total,2026-08-05,5,,not_collected,
4875860,ECHOES,2026-07-31,post_launch_reviews_total,2026-08-06,6,,not_collected,
4875860,ECHOES,2026-07-31,post_launch_reviews_total,2026-08-07,7,,not_collected,
2244210,Echoes of Aincrad,2026-07-09,pre_launch_wishlist_rank,2026-07-02,-7,,not_collected,
2244210,Echoes of Aincrad,2026-07-09,pre_launch_wishlist_rank,2026-07-03,-6,42,ok,2026-07-03T04:27:24.412Z
2244210,Echoes of Aincrad,2026-07-09,pre_launch_wishlist_rank,2026-07-04,-5,41,ok,2026-07-04T05:10:05.970Z
2244210,Echoes of Aincrad,2026-07-09,pre_launch_wishlist_rank,2026-07-05,-4,39,ok,2026-07-05T05:38:17.292Z
2244210,Echoes of Aincrad,2026-07-09,pre_launch_wishlist_rank,2026-07-06,-3,39,ok,2026-07-06T04:31:47.397Z
2244210,Echoes of Aincrad,2026-07-09,pre_launch_wishlist_rank,2026-07-07,-2,39,ok,2026-07-07T05:48:04.813Z
2244210,Echoes of Aincrad,2026-07-09,pre_launch_wishlist_rank,2026-07-08,-1,39,ok,2026-07-08T04:50:41.299Z
2244210,Echoes of Aincrad,2026-07-09,post_launch_reviews_total,2026-07-09,0,0,ok,2026-07-09T05:46:21.155Z
2244210,Echoes of Aincrad,2026-07-09,post_launch_reviews_total,2026-07-10,1,,not_collected,
2244210,Echoes of Aincrad,2026-07-09,post_launch_reviews_total,2026-07-11,2,,not_collected,
2244210,Echoes of Aincrad,2026-07-09,post_launch_reviews_total,2026-07-12,3,,not_collected,
2244210,Echoes of Aincrad,2026-07-09,post_launch_reviews_total,2026-07-13,4,,not_collected,
2244210,Echoes of Aincrad,2026-07-09,post_launch_reviews_total,2026-07-14,5,,not_collected,
2244210,Echoes of Aincrad,2026-07-09,post_launch_reviews_total,2026-07-15,6,,not_collected,
2244210,Echoes of Aincrad,2026-07-09,post_launch_reviews_total,2026-07-16,7,,not_collected,
974480,Echoes of Mystralia,2026-08-11,pre_launch_wishlist_rank,2026-08-04,-7,233,ok,2026-08-04T04:47:02.633Z
974480,Echoes of Mystralia,2026-08-11,pre_launch_wishlist_rank,2026-08-05,-6,230,ok,2026-08-05T04:46:35.103Z
974480,Echoes of Mystralia,2026-08-11,pre_launch_wishlist_rank,2026-08-06,-5,230,ok,2026-08-06T04:47:09.485Z
974480,Echoes of Mystralia,2026-08-11,pre_launch_wishlist_rank,2026-08-07,-4,223,ok,2026-08-07T04:13:26.771Z
974480,Echoes of Mystralia,2026-08-11,pre_launch_wishlist_rank,2026-08-08,-3,221,ok,2026-08-08T03:11:38.214Z
974480,Echoes of Mystralia,2026-08-11,pre_launch_wishlist_rank,2026-08-09,-2,217,ok,2026-08-09T03:19:17.318Z
974480,Echoes of Mystralia,2026-08-11,pre_launch_wishlist_rank,2026-08-10,-1,210,ok,2026-08-10T03:29:07.136Z
974480,Echoes of Mystralia,2026-08-11,post_launch_reviews_total,2026-08-11,0,0,ok,2026-08-11T03:21:55.619Z
974480,Echoes of Mystralia,2026-08-11,post_launch_reviews_total,2026-08-12,1,,not_collected,
974480,Echoes of Mystralia,2026-08-11,post_launch_reviews_total,2026-08-13,2,,not_collected,
974480,Echoes of Mystralia,2026-08-11,post_launch_reviews_total,2026-08-14,3,,not_collected,
974480,Echoes of Mystralia,2026-08-11,post_launch_reviews_total,2026-08-15,4,,not_collected,
974480,Echoes of Mystralia,2026-08-11,post_launch_reviews_total,2026-08-16,5,,not_collected,
974480,Echoes of Mystralia,2026-08-11,post_launch_reviews_total,2026-08-17,6,,not_collected,
974480,Echoes of Mystralia,2026-08-11,post_launch_reviews_total,2026-08-18,7,,not_collected,
4152550,Eggstreme Farming,2026-09-04,pre_launch_wishlist_rank,2026-08-28,-7,,not_in_captured_wishlist_ranking,
4152550,Eggstreme Farming,2026-09-04,pre_launch_wishlist_rank,2026-08-29,-6,1971,ok,2026-08-29T08:16:08.181Z
4152550,Eggstreme Farming,2026-09-04,pre_launch_wishlist_rank,2026-08-30,-5,1935,ok,2026-08-30T07:17:27.365Z
4152550,Eggstreme Farming,2026-09-04,pre_launch_wishlist_rank,2026-08-31,-4,1867,ok,2026-08-31T07:32:46.352Z
4152550,Eggstreme Farming,2026-09-04,pre_launch_wishlist_rank,2026-09-01,-3,1809,ok,2026-09-01T06:43:33.167Z
4152550,Eggstreme Farming,2026-09-04,pre_launch_wishlist_rank,2026-09-02,-2,1760,ok,2026-09-02T06:21:55.398Z
4152550,Eggstreme Farming,2026-09-04,pre_launch_wishlist_rank,2026-09-03,-1,1723,ok,2026-09-03T06:24:29.914Z
4152550,Eggstreme Farming,2026-09-04,post_launch_reviews_total,2026-09-04,0,,not_collected,
4152550,Eggstreme Farming,2026-09-04,post_launch_reviews_total,2026-09-05,1,,not_collected,
4152550,Eggstreme Farming,2026-09-04,post_launch_reviews_total,2026-09-06,2,,not_collected,
4152550,Eggstreme Farming,2026-09-04,post_launch_reviews_total,2026-09-07,3,,not_collected,
4152550,Eggstreme Farming,2026-09-04,post_launch_reviews_total,2026-09-08,4,,not_collected,
4152550,Eggstreme Farming,2026-09-04,post_launch_reviews_total,2026-09-09,5,,not_collected,
4152550,Eggstreme Farming,2026-09-04,post_launch_reviews_total,2026-09-10,6,,not_collected,
4152550,Eggstreme Farming,2026-09-04,post_launch_reviews_total,2026-09-11,7,,not_collected,
3602630,Elders K.O.,2026-07-31,pre_launch_wishlist_rank,2026-07-24,-7,,not_in_captured_wishlist_ranking,
3602630,Elders K.O.,2026-07-31,pre_launch_wishlist_rank,2026-07-25,-6,,not_in_captured_wishlist_ranking,
3602630,Elders K.O.,2026-07-31,pre_launch_wishlist_rank,2026-07-26,-5,,not_in_captured_wishlist_ranking,
3602630,Elders K.O.,2026-07-31,pre_launch_wishlist_rank,2026-07-27,-4,,not_in_captured_wishlist_ranking,
3602630,Elders K.O.,2026-07-31,pre_launch_wishlist_rank,2026-07-28,-3,,not_in_captured_wishlist_ranking,
3602630,Elders K.O.,2026-07-31,pre_launch_wishlist_rank,2026-07-29,-2,,not_in_captured_wishlist_ranking,
3602630,Elders K.O.,2026-07-31,pre_launch_wishlist_rank,2026-07-30,-1,,not_in_captured_wishlist_ranking,
3602630,Elders K.O.,2026-07-31,post_launch_reviews_total,2026-07-31,0,0,ok,2026-07-31T05:04:54.532Z
3602630,Elders K.O.,2026-07-31,post_launch_reviews_total,2026-08-01,1,,not_collected,
3602630,Elders K.O.,2026-07-31,post_launch_reviews_total,2026-08-02,2,,not_collected,
3602630,Elders K.O.,2026-07-31,post_launch_reviews_total,2026-08-03,3,,not_collected,
3602630,Elders K.O.,2026-07-31,post_launch_reviews_total,2026-08-04,4,,not_collected,
3602630,Elders K.O.,2026-07-31,post_launch_reviews_total,2026-08-05,5,,not_collected,
3602630,Elders K.O.,2026-07-31,post_launch_reviews_total,2026-08-06,6,,not_collected,
3602630,Elders K.O.,2026-07-31,post_launch_reviews_total,2026-08-07,7,,not_collected,
3447070,Emergency Call - The Firefighting Simulation 3,2026-08-05,pre_launch_wishlist_rank,2026-07-29,-7,1979,ok,2026-07-29T04:50:58.767Z
3447070,Emergency Call - The Firefighting Simulation 3,2026-08-05,pre_launch_wishlist_rank,2026-07-30,-6,1920,ok,2026-07-30T04:38:29.620Z
3447070,Emergency Call - The Firefighting Simulation 3,2026-08-05,pre_launch_wishlist_rank,2026-07-31,-5,1859,ok,2026-07-31T05:04:54.532Z
3447070,Emergency Call - The Firefighting Simulation 3,2026-08-05,pre_launch_wishlist_rank,2026-08-01,-4,1805,ok,2026-08-01T04:58:14.130Z
3447070,Emergency Call - The Firefighting Simulation 3,2026-08-05,pre_launch_wishlist_rank,2026-08-02,-3,1755,ok,2026-08-02T04:58:24.052Z
3447070,Emergency Call - The Firefighting Simulation 3,2026-08-05,pre_launch_wishlist_rank,2026-08-03,-2,1663,ok,2026-08-03T05:07:42.912Z
3447070,Emergency Call - The Firefighting Simulation 3,2026-08-05,pre_launch_wishlist_rank,2026-08-04,-1,1587,ok,2026-08-04T04:47:02.633Z
3447070,Emergency Call - The Firefighting Simulation 3,2026-08-05,post_launch_reviews_total,2026-08-05,0,0,ok,2026-08-05T04:46:35.103Z
3447070,Emergency Call - The Firefighting Simulation 3,2026-08-05,post_launch_reviews_total,2026-08-06,1,,not_collected,
3447070,Emergency Call - The Firefighting Simulation 3,2026-08-05,post_launch_reviews_total,2026-08-07,2,,not_collected,
3447070,Emergency Call - The Firefighting Simulation 3,2026-08-05,post_launch_reviews_total,2026-08-08,3,,not_collected,
3447070,Emergency Call - The Firefighting Simulation 3,2026-08-05,post_launch_reviews_total,2026-08-09,4,,not_collected,
3447070,Emergency Call - The Firefighting Simulation 3,2026-08-05,post_launch_reviews_total,2026-08-10,5,,not_collected,
3447070,Emergency Call - The Firefighting Simulation 3,2026-08-05,post_launch_reviews_total,2026-08-11,6,,not_collected,
3447070,Emergency Call - The Firefighting Simulation 3,2026-08-05,post_launch_reviews_total,2026-08-12,7,,not_collected,
2438110,Emergency Room Simulator,2026-08-13,pre_launch_wishlist_rank,2026-08-06,-7,1793,ok,2026-08-06T04:47:09.485Z
2438110,Emergency Room Simulator,2026-08-13,pre_launch_wishlist_rank,2026-08-07,-6,1750,ok,2026-08-07T04:13:26.771Z
2438110,Emergency Room Simulator,2026-08-13,pre_launch_wishlist_rank,2026-08-08,-5,1707,ok,2026-08-08T03:11:38.214Z
2438110,Emergency Room Simulator,2026-08-13,pre_launch_wishlist_rank,2026-08-09,-4,1670,ok,2026-08-09T03:19:17.318Z
2438110,Emergency Room Simulator,2026-08-13,pre_launch_wishlist_rank,2026-08-10,-3,1589,ok,2026-08-10T03:29:07.136Z
2438110,Emergency Room Simulator,2026-08-13,pre_launch_wishlist_rank,2026-08-11,-2,1527,ok,2026-08-11T03:21:55.619Z
2438110,Emergency Room Simulator,2026-08-13,pre_launch_wishlist_rank,2026-08-12,-1,1463,ok,2026-08-12T03:40:42.315Z
2438110,Emergency Room Simulator,2026-08-13,post_launch_reviews_total,2026-08-13,0,0,ok,2026-08-13T03:51:51.678Z
2438110,Emergency Room Simulator,2026-08-13,post_launch_reviews_total,2026-08-14,1,,not_collected,
2438110,Emergency Room Simulator,2026-08-13,post_launch_reviews_total,2026-08-15,2,,not_collected,
2438110,Emergency Room Simulator,2026-08-13,post_launch_reviews_total,2026-08-16,3,,not_collected,
2438110,Emergency Room Simulator,2026-08-13,post_launch_reviews_total,2026-08-17,4,,not_collected,
2438110,Emergency Room Simulator,2026-08-13,post_launch_reviews_total,2026-08-18,5,,not_collected,
2438110,Emergency Room Simulator,2026-08-13,post_launch_reviews_total,2026-08-19,6,,not_collected,
2438110,Emergency Room Simulator,2026-08-13,post_launch_reviews_total,2026-08-20,7,,not_collected,
2684630,Endacopia,2026-07-27,pre_launch_wishlist_rank,2026-07-20,-7,585,ok,2026-07-20T05:09:45.900Z
2684630,Endacopia,2026-07-27,pre_launch_wishlist_rank,2026-07-21,-6,569,ok,2026-07-21T04:50:39.944Z
2684630,Endacopia,2026-07-27,pre_launch_wishlist_rank,2026-07-22,-5,555,ok,2026-07-22T04:50:32.272Z
2684630,Endacopia,2026-07-27,pre_launch_wishlist_rank,2026-07-23,-4,536,ok,2026-07-23T04:56:12.842Z
2684630,Endacopia,2026-07-27,pre_launch_wishlist_rank,2026-07-24,-3,520,ok,2026-07-24T04:51:55.902Z
2684630,Endacopia,2026-07-27,pre_launch_wishlist_rank,2026-07-25,-2,506,ok,2026-07-25T04:47:58.982Z
2684630,Endacopia,2026-07-27,pre_launch_wishlist_rank,2026-07-26,-1,486,ok,2026-07-26T05:02:25.100Z
2684630,Endacopia,2026-07-27,post_launch_reviews_total,2026-07-27,0,0,ok,2026-07-27T05:28:24.621Z
2684630,Endacopia,2026-07-27,post_launch_reviews_total,2026-07-28,1,,not_collected,
2684630,Endacopia,2026-07-27,post_launch_reviews_total,2026-07-29,2,,not_collected,
2684630,Endacopia,2026-07-27,post_launch_reviews_total,2026-07-30,3,,not_collected,
2684630,Endacopia,2026-07-27,post_launch_reviews_total,2026-07-31,4,,not_collected,
2684630,Endacopia,2026-07-27,post_launch_reviews_total,2026-08-01,5,,not_collected,
2684630,Endacopia,2026-07-27,post_launch_reviews_total,2026-08-02,6,,not_collected,
2684630,Endacopia,2026-07-27,post_launch_reviews_total,2026-08-03,7,,not_collected,
562770,Enigmo,2026-07-07,pre_launch_wishlist_rank,2026-06-30,-7,,not_collected,
562770,Enigmo,2026-07-07,pre_launch_wishlist_rank,2026-07-01,-6,,not_collected,
562770,Enigmo,2026-07-07,pre_launch_wishlist_rank,2026-07-02,-5,,not_collected,
562770,Enigmo,2026-07-07,pre_launch_wishlist_rank,2026-07-03,-4,,not_in_captured_wishlist_ranking,
562770,Enigmo,2026-07-07,pre_launch_wishlist_rank,2026-07-04,-3,,not_in_captured_wishlist_ranking,
562770,Enigmo,2026-07-07,pre_launch_wishlist_rank,2026-07-05,-2,,not_in_captured_wishlist_ranking,
562770,Enigmo,2026-07-07,pre_launch_wishlist_rank,2026-07-06,-1,,not_in_captured_wishlist_ranking,
562770,Enigmo,2026-07-07,post_launch_reviews_total,2026-07-07,0,0,ok,2026-07-07T05:48:04.813Z
562770,Enigmo,2026-07-07,post_launch_reviews_total,2026-07-08,1,,not_collected,
562770,Enigmo,2026-07-07,post_launch_reviews_total,2026-07-09,2,,not_collected,
562770,Enigmo,2026-07-07,post_launch_reviews_total,2026-07-10,3,,not_collected,
562770,Enigmo,2026-07-07,post_launch_reviews_total,2026-07-11,4,,not_collected,
562770,Enigmo,2026-07-07,post_launch_reviews_total,2026-07-12,5,,not_collected,
562770,Enigmo,2026-07-07,post_launch_reviews_total,2026-07-13,6,,not_collected,
562770,Enigmo,2026-07-07,post_launch_reviews_total,2026-07-14,7,,not_collected,
3940340,Entropy,2026-08-18,pre_launch_wishlist_rank,2026-08-11,-7,633,ok,2026-08-11T03:21:55.619Z
3940340,Entropy,2026-08-18,pre_launch_wishlist_rank,2026-08-12,-6,623,ok,2026-08-12T03:40:42.315Z
3940340,Entropy,2026-08-18,pre_launch_wishlist_rank,2026-08-13,-5,616,ok,2026-08-13T03:51:51.678Z
3940340,Entropy,2026-08-18,pre_launch_wishlist_rank,2026-08-14,-4,599,ok,2026-08-14T03:41:13.555Z
3940340,Entropy,2026-08-18,pre_launch_wishlist_rank,2026-08-15,-3,592,ok,2026-08-15T02:36:13.648Z
3940340,Entropy,2026-08-18,pre_launch_wishlist_rank,2026-08-16,-2,590,ok,2026-08-16T02:45:28.861Z
3940340,Entropy,2026-08-18,pre_launch_wishlist_rank,2026-08-17,-1,582,ok,2026-08-17T02:45:10.258Z
3940340,Entropy,2026-08-18,post_launch_reviews_total,2026-08-18,0,0,ok,2026-08-18T02:39:27.140Z
3940340,Entropy,2026-08-18,post_launch_reviews_total,2026-08-19,1,,not_collected,
3940340,Entropy,2026-08-18,post_launch_reviews_total,2026-08-20,2,,not_collected,
3940340,Entropy,2026-08-18,post_launch_reviews_total,2026-08-21,3,,not_collected,
3940340,Entropy,2026-08-18,post_launch_reviews_total,2026-08-22,4,,not_collected,
3940340,Entropy,2026-08-18,post_launch_reviews_total,2026-08-23,5,,not_collected,
3940340,Entropy,2026-08-18,post_launch_reviews_total,2026-08-24,6,,not_collected,
3940340,Entropy,2026-08-18,post_launch_reviews_total,2026-08-25,7,,not_collected,
4872670,Escape the Urban Underground.,2026-07-07,pre_launch_wishlist_rank,2026-06-30,-7,,not_collected,
4872670,Escape the Urban Underground.,2026-07-07,pre_launch_wishlist_rank,2026-07-01,-6,,not_collected,
4872670,Escape the Urban Underground.,2026-07-07,pre_launch_wishlist_rank,2026-07-02,-5,,not_collected,
4872670,Escape the Urban Underground.,2026-07-07,pre_launch_wishlist_rank,2026-07-03,-4,,not_in_captured_wishlist_ranking,
4872670,Escape the Urban Underground.,2026-07-07,pre_launch_wishlist_rank,2026-07-04,-3,,not_in_captured_wishlist_ranking,
4872670,Escape the Urban Underground.,2026-07-07,pre_launch_wishlist_rank,2026-07-05,-2,,not_in_captured_wishlist_ranking,
4872670,Escape the Urban Underground.,2026-07-07,pre_launch_wishlist_rank,2026-07-06,-1,,not_in_captured_wishlist_ranking,
4872670,Escape the Urban Underground.,2026-07-07,post_launch_reviews_total,2026-07-07,0,0,ok,2026-07-07T05:48:04.813Z
4872670,Escape the Urban Underground.,2026-07-07,post_launch_reviews_total,2026-07-08,1,,not_collected,
4872670,Escape the Urban Underground.,2026-07-07,post_launch_reviews_total,2026-07-09,2,,not_collected,
4872670,Escape the Urban Underground.,2026-07-07,post_launch_reviews_total,2026-07-10,3,,not_collected,
4872670,Escape the Urban Underground.,2026-07-07,post_launch_reviews_total,2026-07-11,4,,not_collected,
4872670,Escape the Urban Underground.,2026-07-07,post_launch_reviews_total,2026-07-12,5,,not_collected,
4872670,Escape the Urban Underground.,2026-07-07,post_launch_reviews_total,2026-07-13,6,,not_collected,
4872670,Escape the Urban Underground.,2026-07-07,post_launch_reviews_total,2026-07-14,7,,not_collected,
4560660,Eslabong,2026-08-24,pre_launch_wishlist_rank,2026-08-17,-7,,not_in_captured_wishlist_ranking,
4560660,Eslabong,2026-08-24,pre_launch_wishlist_rank,2026-08-18,-6,,not_in_captured_wishlist_ranking,
4560660,Eslabong,2026-08-24,pre_launch_wishlist_rank,2026-08-19,-5,,not_in_captured_wishlist_ranking,
4560660,Eslabong,2026-08-24,pre_launch_wishlist_rank,2026-08-20,-4,,not_in_captured_wishlist_ranking,
4560660,Eslabong,2026-08-24,pre_launch_wishlist_rank,2026-08-21,-3,,not_in_captured_wishlist_ranking,
4560660,Eslabong,2026-08-24,pre_launch_wishlist_rank,2026-08-22,-2,,not_in_captured_wishlist_ranking,
4560660,Eslabong,2026-08-24,pre_launch_wishlist_rank,2026-08-23,-1,,not_in_captured_wishlist_ranking,
4560660,Eslabong,2026-08-24,post_launch_reviews_total,2026-08-24,0,,not_collected,
4560660,Eslabong,2026-08-24,post_launch_reviews_total,2026-08-25,1,,not_collected,
4560660,Eslabong,2026-08-24,post_launch_reviews_total,2026-08-26,2,,not_collected,
4560660,Eslabong,2026-08-24,post_launch_reviews_total,2026-08-27,3,,not_collected,
4560660,Eslabong,2026-08-24,post_launch_reviews_total,2026-08-28,4,,not_collected,
4560660,Eslabong,2026-08-24,post_launch_reviews_total,2026-08-29,5,,not_collected,
4560660,Eslabong,2026-08-24,post_launch_reviews_total,2026-08-30,6,,not_collected,
4560660,Eslabong,2026-08-24,post_launch_reviews_total,2026-08-31,7,,not_collected,
2749950,Esports Manager 2026,2026-07-06,pre_launch_wishlist_rank,2026-06-29,-7,,not_collected,
2749950,Esports Manager 2026,2026-07-06,pre_launch_wishlist_rank,2026-06-30,-6,,not_collected,
2749950,Esports Manager 2026,2026-07-06,pre_launch_wishlist_rank,2026-07-01,-5,,not_collected,
2749950,Esports Manager 2026,2026-07-06,pre_launch_wishlist_rank,2026-07-02,-4,,not_collected,
2749950,Esports Manager 2026,2026-07-06,pre_launch_wishlist_rank,2026-07-03,-3,,not_in_captured_wishlist_ranking,
2749950,Esports Manager 2026,2026-07-06,pre_launch_wishlist_rank,2026-07-04,-2,,not_in_captured_wishlist_ranking,
2749950,Esports Manager 2026,2026-07-06,pre_launch_wishlist_rank,2026-07-05,-1,,not_in_captured_wishlist_ranking,
2749950,Esports Manager 2026,2026-07-06,post_launch_reviews_total,2026-07-06,0,0,ok,2026-07-06T04:31:47.397Z
2749950,Esports Manager 2026,2026-07-06,post_launch_reviews_total,2026-07-07,1,,not_collected,
2749950,Esports Manager 2026,2026-07-06,post_launch_reviews_total,2026-07-08,2,,not_collected,
2749950,Esports Manager 2026,2026-07-06,post_launch_reviews_total,2026-07-09,3,,not_collected,
2749950,Esports Manager 2026,2026-07-06,post_launch_reviews_total,2026-07-10,4,,not_collected,
2749950,Esports Manager 2026,2026-07-06,post_launch_reviews_total,2026-07-11,5,,not_collected,
2749950,Esports Manager 2026,2026-07-06,post_launch_reviews_total,2026-07-12,6,,not_collected,
2749950,Esports Manager 2026,2026-07-06,post_launch_reviews_total,2026-07-13,7,,not_collected,
4134600,EverRail,2026-07-20,pre_launch_wishlist_rank,2026-07-13,-7,1037,ok,2026-07-13T05:04:37.802Z
4134600,EverRail,2026-07-20,pre_launch_wishlist_rank,2026-07-14,-6,1025,ok,2026-07-14T04:32:48.120Z
4134600,EverRail,2026-07-20,pre_launch_wishlist_rank,2026-07-15,-5,1022,ok,2026-07-15T04:32:45.763Z
4134600,EverRail,2026-07-20,pre_launch_wishlist_rank,2026-07-16,-4,1008,ok,2026-07-16T04:42:31.378Z
4134600,EverRail,2026-07-20,pre_launch_wishlist_rank,2026-07-17,-3,957,ok,2026-07-17T04:45:39.030Z
4134600,EverRail,2026-07-20,pre_launch_wishlist_rank,2026-07-18,-2,923,ok,2026-07-18T04:29:54.503Z
4134600,EverRail,2026-07-20,pre_launch_wishlist_rank,2026-07-19,-1,893,ok,2026-07-19T04:54:49.781Z
4134600,EverRail,2026-07-20,post_launch_reviews_total,2026-07-20,0,0,ok,2026-07-20T05:09:45.900Z
4134600,EverRail,2026-07-20,post_launch_reviews_total,2026-07-21,1,,not_collected,
4134600,EverRail,2026-07-20,post_launch_reviews_total,2026-07-22,2,,not_collected,
4134600,EverRail,2026-07-20,post_launch_reviews_total,2026-07-23,3,,not_collected,
4134600,EverRail,2026-07-20,post_launch_reviews_total,2026-07-24,4,,not_collected,
4134600,EverRail,2026-07-20,post_launch_reviews_total,2026-07-25,5,,not_collected,
4134600,EverRail,2026-07-20,post_launch_reviews_total,2026-07-26,6,,not_collected,
4134600,EverRail,2026-07-20,post_launch_reviews_total,2026-07-27,7,,not_collected,
3818020,Evil School,2026-08-13,pre_launch_wishlist_rank,2026-08-06,-7,1677,ok,2026-08-06T04:47:09.485Z
3818020,Evil School,2026-08-13,pre_launch_wishlist_rank,2026-08-07,-6,1645,ok,2026-08-07T04:13:26.771Z
3818020,Evil School,2026-08-13,pre_launch_wishlist_rank,2026-08-08,-5,1617,ok,2026-08-08T03:11:38.214Z
3818020,Evil School,2026-08-13,pre_launch_wishlist_rank,2026-08-09,-4,1581,ok,2026-08-09T03:19:17.318Z
3818020,Evil School,2026-08-13,pre_launch_wishlist_rank,2026-08-10,-3,1498,ok,2026-08-10T03:29:07.136Z
3818020,Evil School,2026-08-13,pre_launch_wishlist_rank,2026-08-11,-2,1436,ok,2026-08-11T03:21:55.619Z
3818020,Evil School,2026-08-13,pre_launch_wishlist_rank,2026-08-12,-1,1374,ok,2026-08-12T03:40:42.315Z
3818020,Evil School,2026-08-13,post_launch_reviews_total,2026-08-13,0,0,ok,2026-08-13T03:51:51.678Z
3818020,Evil School,2026-08-13,post_launch_reviews_total,2026-08-14,1,,not_collected,
3818020,Evil School,2026-08-13,post_launch_reviews_total,2026-08-15,2,,not_collected,
3818020,Evil School,2026-08-13,post_launch_reviews_total,2026-08-16,3,,not_collected,
3818020,Evil School,2026-08-13,post_launch_reviews_total,2026-08-17,4,,not_collected,
3818020,Evil School,2026-08-13,post_launch_reviews_total,2026-08-18,5,,not_collected,
3818020,Evil School,2026-08-13,post_launch_reviews_total,2026-08-19,6,,not_collected,
3818020,Evil School,2026-08-13,post_launch_reviews_total,2026-08-20,7,,not_collected,
3605140,Exit Ways,2026-09-07,pre_launch_wishlist_rank,2026-08-31,-7,1295,ok,2026-08-31T07:32:46.352Z
3605140,Exit Ways,2026-09-07,pre_launch_wishlist_rank,2026-09-01,-6,1286,ok,2026-09-01T06:43:33.167Z
3605140,Exit Ways,2026-09-07,pre_launch_wishlist_rank,2026-09-02,-5,1260,ok,2026-09-02T06:21:55.398Z
3605140,Exit Ways,2026-09-07,pre_launch_wishlist_rank,2026-09-03,-4,1212,ok,2026-09-03T06:24:29.914Z
3605140,Exit Ways,2026-09-07,pre_launch_wishlist_rank,2026-09-04,-3,,not_collected,
3605140,Exit Ways,2026-09-07,pre_launch_wishlist_rank,2026-09-05,-2,,not_collected,
3605140,Exit Ways,2026-09-07,pre_launch_wishlist_rank,2026-09-06,-1,,not_collected,
3605140,Exit Ways,2026-09-07,post_launch_reviews_total,2026-09-07,0,,not_collected,
3605140,Exit Ways,2026-09-07,post_launch_reviews_total,2026-09-08,1,,not_collected,
3605140,Exit Ways,2026-09-07,post_launch_reviews_total,2026-09-09,2,,not_collected,
3605140,Exit Ways,2026-09-07,post_launch_reviews_total,2026-09-10,3,,not_collected,
3605140,Exit Ways,2026-09-07,post_launch_reviews_total,2026-09-11,4,,not_collected,
3605140,Exit Ways,2026-09-07,post_launch_reviews_total,2026-09-12,5,,not_collected,
3605140,Exit Ways,2026-09-07,post_launch_reviews_total,2026-09-13,6,,not_collected,
3605140,Exit Ways,2026-09-07,post_launch_reviews_total,2026-09-14,7,,not_collected,
2212910,Expeditions: Samurai,2026-08-07,pre_launch_wishlist_rank,2026-07-31,-7,627,ok,2026-07-31T05:04:54.532Z
2212910,Expeditions: Samurai,2026-08-07,pre_launch_wishlist_rank,2026-08-01,-6,615,ok,2026-08-01T04:58:14.130Z
2212910,Expeditions: Samurai,2026-08-07,pre_launch_wishlist_rank,2026-08-02,-5,597,ok,2026-08-02T04:58:24.052Z
2212910,Expeditions: Samurai,2026-08-07,pre_launch_wishlist_rank,2026-08-03,-4,568,ok,2026-08-03T05:07:42.912Z
2212910,Expeditions: Samurai,2026-08-07,pre_launch_wishlist_rank,2026-08-04,-3,545,ok,2026-08-04T04:47:02.633Z
2212910,Expeditions: Samurai,2026-08-07,pre_launch_wishlist_rank,2026-08-05,-2,527,ok,2026-08-05T04:46:35.103Z
2212910,Expeditions: Samurai,2026-08-07,pre_launch_wishlist_rank,2026-08-06,-1,515,ok,2026-08-06T04:47:09.485Z
2212910,Expeditions: Samurai,2026-08-07,post_launch_reviews_total,2026-08-07,0,0,ok,2026-08-07T04:13:26.771Z
2212910,Expeditions: Samurai,2026-08-07,post_launch_reviews_total,2026-08-08,1,,not_collected,
2212910,Expeditions: Samurai,2026-08-07,post_launch_reviews_total,2026-08-09,2,,not_collected,
2212910,Expeditions: Samurai,2026-08-07,post_launch_reviews_total,2026-08-10,3,,not_collected,
2212910,Expeditions: Samurai,2026-08-07,post_launch_reviews_total,2026-08-11,4,,not_collected,
2212910,Expeditions: Samurai,2026-08-07,post_launch_reviews_total,2026-08-12,5,,not_collected,
2212910,Expeditions: Samurai,2026-08-07,post_launch_reviews_total,2026-08-13,6,,not_collected,
2212910,Expeditions: Samurai,2026-08-07,post_launch_reviews_total,2026-08-14,7,,not_collected,
2467880,Fading Echo,2026-07-21,pre_launch_wishlist_rank,2026-07-14,-7,1001,ok,2026-07-14T04:32:48.120Z
2467880,Fading Echo,2026-07-21,pre_launch_wishlist_rank,2026-07-15,-6,991,ok,2026-07-15T04:32:45.763Z
2467880,Fading Echo,2026-07-21,pre_launch_wishlist_rank,2026-07-16,-5,981,ok,2026-07-16T04:42:31.378Z
2467880,Fading Echo,2026-07-21,pre_launch_wishlist_rank,2026-07-17,-4,958,ok,2026-07-17T04:45:39.030Z
2467880,Fading Echo,2026-07-21,pre_launch_wishlist_rank,2026-07-18,-3,947,ok,2026-07-18T04:29:54.503Z
2467880,Fading Echo,2026-07-21,pre_launch_wishlist_rank,2026-07-19,-2,933,ok,2026-07-19T04:54:49.781Z
2467880,Fading Echo,2026-07-21,pre_launch_wishlist_rank,2026-07-20,-1,907,ok,2026-07-20T05:09:45.900Z
2467880,Fading Echo,2026-07-21,post_launch_reviews_total,2026-07-21,0,0,ok,2026-07-21T04:50:39.944Z
2467880,Fading Echo,2026-07-21,post_launch_reviews_total,2026-07-22,1,,not_collected,
2467880,Fading Echo,2026-07-21,post_launch_reviews_total,2026-07-23,2,,not_collected,
2467880,Fading Echo,2026-07-21,post_launch_reviews_total,2026-07-24,3,,not_collected,
2467880,Fading Echo,2026-07-21,post_launch_reviews_total,2026-07-25,4,,not_collected,
2467880,Fading Echo,2026-07-21,post_launch_reviews_total,2026-07-26,5,,not_collected,
2467880,Fading Echo,2026-07-21,post_launch_reviews_total,2026-07-27,6,,not_collected,
2467880,Fading Echo,2026-07-21,post_launch_reviews_total,2026-07-28,7,,not_collected,
4291890,Fascist,2026-07-03,pre_launch_wishlist_rank,2026-06-26,-7,,not_collected,
4291890,Fascist,2026-07-03,pre_launch_wishlist_rank,2026-06-27,-6,,not_collected,
4291890,Fascist,2026-07-03,pre_launch_wishlist_rank,2026-06-28,-5,,not_collected,
4291890,Fascist,2026-07-03,pre_launch_wishlist_rank,2026-06-29,-4,,not_collected,
4291890,Fascist,2026-07-03,pre_launch_wishlist_rank,2026-06-30,-3,,not_collected,
4291890,Fascist,2026-07-03,pre_launch_wishlist_rank,2026-07-01,-2,,not_collected,
4291890,Fascist,2026-07-03,pre_launch_wishlist_rank,2026-07-02,-1,,not_collected,
4291890,Fascist,2026-07-03,post_launch_reviews_total,2026-07-03,0,0,ok,2026-07-03T04:27:24.412Z
4291890,Fascist,2026-07-03,post_launch_reviews_total,2026-07-04,1,,not_collected,
4291890,Fascist,2026-07-03,post_launch_reviews_total,2026-07-05,2,,not_collected,
4291890,Fascist,2026-07-03,post_launch_reviews_total,2026-07-06,3,,not_collected,
4291890,Fascist,2026-07-03,post_launch_reviews_total,2026-07-07,4,,not_collected,
4291890,Fascist,2026-07-03,post_launch_reviews_total,2026-07-08,5,,not_collected,
4291890,Fascist,2026-07-03,post_launch_reviews_total,2026-07-09,6,,not_collected,
4291890,Fascist,2026-07-03,post_launch_reviews_total,2026-07-10,7,,not_collected,
4529440,FD 27: Direct Your Football Club,2026-08-14,pre_launch_wishlist_rank,2026-08-07,-7,,not_in_captured_wishlist_ranking,
4529440,FD 27: Direct Your Football Club,2026-08-14,pre_launch_wishlist_rank,2026-08-08,-6,,not_in_captured_wishlist_ranking,
4529440,FD 27: Direct Your Football Club,2026-08-14,pre_launch_wishlist_rank,2026-08-09,-5,,not_in_captured_wishlist_ranking,
4529440,FD 27: Direct Your Football Club,2026-08-14,pre_launch_wishlist_rank,2026-08-10,-4,1931,ok,2026-08-10T03:29:07.136Z
4529440,FD 27: Direct Your Football Club,2026-08-14,pre_launch_wishlist_rank,2026-08-11,-3,1844,ok,2026-08-11T03:21:55.619Z
4529440,FD 27: Direct Your Football Club,2026-08-14,pre_launch_wishlist_rank,2026-08-12,-2,1743,ok,2026-08-12T03:40:42.315Z
4529440,FD 27: Direct Your Football Club,2026-08-14,pre_launch_wishlist_rank,2026-08-13,-1,1670,ok,2026-08-13T03:51:51.678Z
4529440,FD 27: Direct Your Football Club,2026-08-14,post_launch_reviews_total,2026-08-14,0,0,ok,2026-08-14T03:41:13.555Z
4529440,FD 27: Direct Your Football Club,2026-08-14,post_launch_reviews_total,2026-08-15,1,,not_collected,
4529440,FD 27: Direct Your Football Club,2026-08-14,post_launch_reviews_total,2026-08-16,2,,not_collected,
4529440,FD 27: Direct Your Football Club,2026-08-14,post_launch_reviews_total,2026-08-17,3,,not_collected,
4529440,FD 27: Direct Your Football Club,2026-08-14,post_launch_reviews_total,2026-08-18,4,,not_collected,
4529440,FD 27: Direct Your Football Club,2026-08-14,post_launch_reviews_total,2026-08-19,5,,not_collected,
4529440,FD 27: Direct Your Football Club,2026-08-14,post_launch_reviews_total,2026-08-20,6,,not_collected,
4529440,FD 27: Direct Your Football Club,2026-08-14,post_launch_reviews_total,2026-08-21,7,,not_collected,
3312250,FEAR OF FAITH,2026-08-21,pre_launch_wishlist_rank,2026-08-14,-7,,not_in_captured_wishlist_ranking,
3312250,FEAR OF FAITH,2026-08-21,pre_launch_wishlist_rank,2026-08-15,-6,,not_in_captured_wishlist_ranking,
3312250,FEAR OF FAITH,2026-08-21,pre_launch_wishlist_rank,2026-08-16,-5,,not_in_captured_wishlist_ranking,
3312250,FEAR OF FAITH,2026-08-21,pre_launch_wishlist_rank,2026-08-17,-4,,not_in_captured_wishlist_ranking,
3312250,FEAR OF FAITH,2026-08-21,pre_launch_wishlist_rank,2026-08-18,-3,,not_in_captured_wishlist_ranking,
3312250,FEAR OF FAITH,2026-08-21,pre_launch_wishlist_rank,2026-08-19,-2,,not_in_captured_wishlist_ranking,
3312250,FEAR OF FAITH,2026-08-21,pre_launch_wishlist_rank,2026-08-20,-1,,not_in_captured_wishlist_ranking,
3312250,FEAR OF FAITH,2026-08-21,post_launch_reviews_total,2026-08-21,0,0,ok,2026-08-21T02:47:33.763Z
3312250,FEAR OF FAITH,2026-08-21,post_launch_reviews_total,2026-08-22,1,,not_collected,
3312250,FEAR OF FAITH,2026-08-21,post_launch_reviews_total,2026-08-23,2,,not_collected,
3312250,FEAR OF FAITH,2026-08-21,post_launch_reviews_total,2026-08-24,3,,not_collected,
3312250,FEAR OF FAITH,2026-08-21,post_launch_reviews_total,2026-08-25,4,,not_collected,
3312250,FEAR OF FAITH,2026-08-21,post_launch_reviews_total,2026-08-26,5,,not_collected,
3312250,FEAR OF FAITH,2026-08-21,post_launch_reviews_total,2026-08-27,6,,not_collected,
3312250,FEAR OF FAITH,2026-08-21,post_launch_reviews_total,2026-08-28,7,,not_collected,
4486870,FEED THE AI,2026-08-24,pre_launch_wishlist_rank,2026-08-17,-7,,not_in_captured_wishlist_ranking,
4486870,FEED THE AI,2026-08-24,pre_launch_wishlist_rank,2026-08-18,-6,,not_in_captured_wishlist_ranking,
4486870,FEED THE AI,2026-08-24,pre_launch_wishlist_rank,2026-08-19,-5,,not_in_captured_wishlist_ranking,
4486870,FEED THE AI,2026-08-24,pre_launch_wishlist_rank,2026-08-20,-4,,not_in_captured_wishlist_ranking,
4486870,FEED THE AI,2026-08-24,pre_launch_wishlist_rank,2026-08-21,-3,,not_in_captured_wishlist_ranking,
4486870,FEED THE AI,2026-08-24,pre_launch_wishlist_rank,2026-08-22,-2,,not_in_captured_wishlist_ranking,
4486870,FEED THE AI,2026-08-24,pre_launch_wishlist_rank,2026-08-23,-1,,not_in_captured_wishlist_ranking,
4486870,FEED THE AI,2026-08-24,post_launch_reviews_total,2026-08-24,0,0,ok,2026-08-24T02:48:36.097Z
4486870,FEED THE AI,2026-08-24,post_launch_reviews_total,2026-08-25,1,,not_collected,
4486870,FEED THE AI,2026-08-24,post_launch_reviews_total,2026-08-26,2,,not_collected,
4486870,FEED THE AI,2026-08-24,post_launch_reviews_total,2026-08-27,3,,not_collected,
4486870,FEED THE AI,2026-08-24,post_launch_reviews_total,2026-08-28,4,,not_collected,
4486870,FEED THE AI,2026-08-24,post_launch_reviews_total,2026-08-29,5,,not_collected,
4486870,FEED THE AI,2026-08-24,post_launch_reviews_total,2026-08-30,6,,not_collected,
4486870,FEED THE AI,2026-08-24,post_launch_reviews_total,2026-08-31,7,,not_collected,
4627110,Fell & Sell,2026-08-26,pre_launch_wishlist_rank,2026-08-19,-7,,not_in_captured_wishlist_ranking,
4627110,Fell & Sell,2026-08-26,pre_launch_wishlist_rank,2026-08-20,-6,1951,ok,2026-08-20T02:40:42.136Z
4627110,Fell & Sell,2026-08-26,pre_launch_wishlist_rank,2026-08-21,-5,1857,ok,2026-08-21T02:47:33.763Z
4627110,Fell & Sell,2026-08-26,pre_launch_wishlist_rank,2026-08-22,-4,1702,ok,2026-08-22T02:38:05.157Z
4627110,Fell & Sell,2026-08-26,pre_launch_wishlist_rank,2026-08-23,-3,1331,ok,2026-08-23T02:47:54.993Z
4627110,Fell & Sell,2026-08-26,pre_launch_wishlist_rank,2026-08-24,-2,1034,ok,2026-08-24T02:48:36.097Z
4627110,Fell & Sell,2026-08-26,pre_launch_wishlist_rank,2026-08-25,-1,843,ok,2026-08-25T02:42:46.392Z
4627110,Fell & Sell,2026-08-26,post_launch_reviews_total,2026-08-26,0,0,ok,2026-08-26T02:50:15.789Z
4627110,Fell & Sell,2026-08-26,post_launch_reviews_total,2026-08-27,1,,not_collected,
4627110,Fell & Sell,2026-08-26,post_launch_reviews_total,2026-08-28,2,,not_collected,
4627110,Fell & Sell,2026-08-26,post_launch_reviews_total,2026-08-29,3,,not_collected,
4627110,Fell & Sell,2026-08-26,post_launch_reviews_total,2026-08-30,4,,not_collected,
4627110,Fell & Sell,2026-08-26,post_launch_reviews_total,2026-08-31,5,,not_collected,
4627110,Fell & Sell,2026-08-26,post_launch_reviews_total,2026-09-01,6,,not_collected,
4627110,Fell & Sell,2026-08-26,post_launch_reviews_total,2026-09-02,7,,not_collected,
4709940,Final Legal Move,2026-07-02,pre_launch_wishlist_rank,2026-06-25,-7,,not_collected,
4709940,Final Legal Move,2026-07-02,pre_launch_wishlist_rank,2026-06-26,-6,,not_collected,
4709940,Final Legal Move,2026-07-02,pre_launch_wishlist_rank,2026-06-27,-5,,not_collected,
4709940,Final Legal Move,2026-07-02,pre_launch_wishlist_rank,2026-06-28,-4,,not_collected,
4709940,Final Legal Move,2026-07-02,pre_launch_wishlist_rank,2026-06-29,-3,,not_collected,
4709940,Final Legal Move,2026-07-02,pre_launch_wishlist_rank,2026-06-30,-2,,not_collected,
4709940,Final Legal Move,2026-07-02,pre_launch_wishlist_rank,2026-07-01,-1,,not_collected,
4709940,Final Legal Move,2026-07-02,post_launch_reviews_total,2026-07-02,0,,not_collected,
4709940,Final Legal Move,2026-07-02,post_launch_reviews_total,2026-07-03,1,0,ok,2026-07-03T04:27:24.412Z
4709940,Final Legal Move,2026-07-02,post_launch_reviews_total,2026-07-04,2,,not_collected,
4709940,Final Legal Move,2026-07-02,post_launch_reviews_total,2026-07-05,3,,not_collected,
4709940,Final Legal Move,2026-07-02,post_launch_reviews_total,2026-07-06,4,,not_collected,
4709940,Final Legal Move,2026-07-02,post_launch_reviews_total,2026-07-07,5,,not_collected,
4709940,Final Legal Move,2026-07-02,post_launch_reviews_total,2026-07-08,6,,not_collected,
4709940,Final Legal Move,2026-07-02,post_launch_reviews_total,2026-07-09,7,,not_collected,
4881490,FinSim,2026-08-16,pre_launch_wishlist_rank,2026-08-09,-7,,not_in_captured_wishlist_ranking,
4881490,FinSim,2026-08-16,pre_launch_wishlist_rank,2026-08-10,-6,,not_in_captured_wishlist_ranking,
4881490,FinSim,2026-08-16,pre_launch_wishlist_rank,2026-08-11,-5,,not_in_captured_wishlist_ranking,
4881490,FinSim,2026-08-16,pre_launch_wishlist_rank,2026-08-12,-4,,not_in_captured_wishlist_ranking,
4881490,FinSim,2026-08-16,pre_launch_wishlist_rank,2026-08-13,-3,,not_in_captured_wishlist_ranking,
4881490,FinSim,2026-08-16,pre_launch_wishlist_rank,2026-08-14,-2,,not_in_captured_wishlist_ranking,
4881490,FinSim,2026-08-16,pre_launch_wishlist_rank,2026-08-15,-1,,not_in_captured_wishlist_ranking,
4881490,FinSim,2026-08-16,post_launch_reviews_total,2026-08-16,0,0,ok,2026-08-16T02:45:28.861Z
4881490,FinSim,2026-08-16,post_launch_reviews_total,2026-08-17,1,,not_collected,
4881490,FinSim,2026-08-16,post_launch_reviews_total,2026-08-18,2,,not_collected,
4881490,FinSim,2026-08-16,post_launch_reviews_total,2026-08-19,3,,not_collected,
4881490,FinSim,2026-08-16,post_launch_reviews_total,2026-08-20,4,,not_collected,
4881490,FinSim,2026-08-16,post_launch_reviews_total,2026-08-21,5,,not_collected,
4881490,FinSim,2026-08-16,post_launch_reviews_total,2026-08-22,6,,not_collected,
4881490,FinSim,2026-08-16,post_launch_reviews_total,2026-08-23,7,,not_collected,
3738830,FIRE STATE,2026-07-31,pre_launch_wishlist_rank,2026-07-24,-7,,not_in_captured_wishlist_ranking,
3738830,FIRE STATE,2026-07-31,pre_launch_wishlist_rank,2026-07-25,-6,658,ok,2026-07-25T04:47:58.982Z
3738830,FIRE STATE,2026-07-31,pre_launch_wishlist_rank,2026-07-26,-5,660,ok,2026-07-26T05:02:25.100Z
3738830,FIRE STATE,2026-07-31,pre_launch_wishlist_rank,2026-07-27,-4,660,ok,2026-07-27T05:28:24.621Z
3738830,FIRE STATE,2026-07-31,pre_launch_wishlist_rank,2026-07-28,-3,659,ok,2026-07-28T04:45:52.627Z
3738830,FIRE STATE,2026-07-31,pre_launch_wishlist_rank,2026-07-29,-2,659,ok,2026-07-29T04:50:58.767Z
3738830,FIRE STATE,2026-07-31,pre_launch_wishlist_rank,2026-07-30,-1,634,ok,2026-07-30T04:38:29.620Z
3738830,FIRE STATE,2026-07-31,post_launch_reviews_total,2026-07-31,0,0,ok,2026-07-31T05:04:54.532Z
3738830,FIRE STATE,2026-07-31,post_launch_reviews_total,2026-08-01,1,,not_collected,
3738830,FIRE STATE,2026-07-31,post_launch_reviews_total,2026-08-02,2,,not_collected,
3738830,FIRE STATE,2026-07-31,post_launch_reviews_total,2026-08-03,3,,not_collected,
3738830,FIRE STATE,2026-07-31,post_launch_reviews_total,2026-08-04,4,,not_collected,
3738830,FIRE STATE,2026-07-31,post_launch_reviews_total,2026-08-05,5,,not_collected,
3738830,FIRE STATE,2026-07-31,post_launch_reviews_total,2026-08-06,6,,not_collected,
3738830,FIRE STATE,2026-07-31,post_launch_reviews_total,2026-08-07,7,,not_collected,
5084260,Fireboy & Watergirl 1: The Forest Temple,2026-09-01,pre_launch_wishlist_rank,2026-08-25,-7,,not_in_captured_wishlist_ranking,
5084260,Fireboy & Watergirl 1: The Forest Temple,2026-09-01,pre_launch_wishlist_rank,2026-08-26,-6,,not_in_captured_wishlist_ranking,
5084260,Fireboy & Watergirl 1: The Forest Temple,2026-09-01,pre_launch_wishlist_rank,2026-08-27,-5,,not_in_captured_wishlist_ranking,
5084260,Fireboy & Watergirl 1: The Forest Temple,2026-09-01,pre_launch_wishlist_rank,2026-08-28,-4,,not_in_captured_wishlist_ranking,
5084260,Fireboy & Watergirl 1: The Forest Temple,2026-09-01,pre_launch_wishlist_rank,2026-08-29,-3,,not_in_captured_wishlist_ranking,
5084260,Fireboy & Watergirl 1: The Forest Temple,2026-09-01,pre_launch_wishlist_rank,2026-08-30,-2,,not_in_captured_wishlist_ranking,
5084260,Fireboy & Watergirl 1: The Forest Temple,2026-09-01,pre_launch_wishlist_rank,2026-08-31,-1,,not_in_captured_wishlist_ranking,
5084260,Fireboy & Watergirl 1: The Forest Temple,2026-09-01,post_launch_reviews_total,2026-09-01,0,0,ok,2026-09-01T06:43:33.167Z
5084260,Fireboy & Watergirl 1: The Forest Temple,2026-09-01,post_launch_reviews_total,2026-09-02,1,,not_collected,
5084260,Fireboy & Watergirl 1: The Forest Temple,2026-09-01,post_launch_reviews_total,2026-09-03,2,,not_collected,
5084260,Fireboy & Watergirl 1: The Forest Temple,2026-09-01,post_launch_reviews_total,2026-09-04,3,,not_collected,
5084260,Fireboy & Watergirl 1: The Forest Temple,2026-09-01,post_launch_reviews_total,2026-09-05,4,,not_collected,
5084260,Fireboy & Watergirl 1: The Forest Temple,2026-09-01,post_launch_reviews_total,2026-09-06,5,,not_collected,
5084260,Fireboy & Watergirl 1: The Forest Temple,2026-09-01,post_launch_reviews_total,2026-09-07,6,,not_collected,
5084260,Fireboy & Watergirl 1: The Forest Temple,2026-09-01,post_launch_reviews_total,2026-09-08,7,,not_collected,
3583700,Fishing：Across china,2026-08-02,pre_launch_wishlist_rank,2026-07-26,-7,,not_in_captured_wishlist_ranking,
3583700,Fishing：Across china,2026-08-02,pre_launch_wishlist_rank,2026-07-27,-6,,not_in_captured_wishlist_ranking,
3583700,Fishing：Across china,2026-08-02,pre_launch_wishlist_rank,2026-07-28,-5,,not_in_captured_wishlist_ranking,
3583700,Fishing：Across china,2026-08-02,pre_launch_wishlist_rank,2026-07-29,-4,,not_in_captured_wishlist_ranking,
3583700,Fishing：Across china,2026-08-02,pre_launch_wishlist_rank,2026-07-30,-3,,not_in_captured_wishlist_ranking,
3583700,Fishing：Across china,2026-08-02,pre_launch_wishlist_rank,2026-07-31,-2,,not_in_captured_wishlist_ranking,
3583700,Fishing：Across china,2026-08-02,pre_launch_wishlist_rank,2026-08-01,-1,,not_in_captured_wishlist_ranking,
3583700,Fishing：Across china,2026-08-02,post_launch_reviews_total,2026-08-02,0,0,ok,2026-08-02T04:58:24.052Z
3583700,Fishing：Across china,2026-08-02,post_launch_reviews_total,2026-08-03,1,0,ok,2026-08-03T05:07:42.912Z
3583700,Fishing：Across china,2026-08-02,post_launch_reviews_total,2026-08-04,2,,not_collected,
3583700,Fishing：Across china,2026-08-02,post_launch_reviews_total,2026-08-05,3,,not_collected,
3583700,Fishing：Across china,2026-08-02,post_launch_reviews_total,2026-08-06,4,,not_collected,
3583700,Fishing：Across china,2026-08-02,post_launch_reviews_total,2026-08-07,5,,not_collected,
3583700,Fishing：Across china,2026-08-02,post_launch_reviews_total,2026-08-08,6,,not_collected,
3583700,Fishing：Across china,2026-08-02,post_launch_reviews_total,2026-08-09,7,,not_collected,
3298430,Flaregate Network,2026-07-09,pre_launch_wishlist_rank,2026-07-02,-7,,not_collected,
3298430,Flaregate Network,2026-07-09,pre_launch_wishlist_rank,2026-07-03,-6,,not_in_captured_wishlist_ranking,
3298430,Flaregate Network,2026-07-09,pre_launch_wishlist_rank,2026-07-04,-5,,not_in_captured_wishlist_ranking,
3298430,Flaregate Network,2026-07-09,pre_launch_wishlist_rank,2026-07-05,-4,,not_in_captured_wishlist_ranking,
3298430,Flaregate Network,2026-07-09,pre_launch_wishlist_rank,2026-07-06,-3,,not_in_captured_wishlist_ranking,
3298430,Flaregate Network,2026-07-09,pre_launch_wishlist_rank,2026-07-07,-2,,not_in_captured_wishlist_ranking,
3298430,Flaregate Network,2026-07-09,pre_launch_wishlist_rank,2026-07-08,-1,,not_in_captured_wishlist_ranking,
3298430,Flaregate Network,2026-07-09,post_launch_reviews_total,2026-07-09,0,0,ok,2026-07-09T05:46:21.155Z
3298430,Flaregate Network,2026-07-09,post_launch_reviews_total,2026-07-10,1,,not_collected,
3298430,Flaregate Network,2026-07-09,post_launch_reviews_total,2026-07-11,2,,not_collected,
3298430,Flaregate Network,2026-07-09,post_launch_reviews_total,2026-07-12,3,,not_collected,
3298430,Flaregate Network,2026-07-09,post_launch_reviews_total,2026-07-13,4,,not_collected,
3298430,Flaregate Network,2026-07-09,post_launch_reviews_total,2026-07-14,5,,not_collected,
3298430,Flaregate Network,2026-07-09,post_launch_reviews_total,2026-07-15,6,,not_collected,
3298430,Flaregate Network,2026-07-09,post_launch_reviews_total,2026-07-16,7,,not_collected,
4290680,Flock of the Seraphim,2026-08-13,pre_launch_wishlist_rank,2026-08-06,-7,1462,ok,2026-08-06T04:47:09.485Z
4290680,Flock of the Seraphim,2026-08-13,pre_launch_wishlist_rank,2026-08-07,-6,1442,ok,2026-08-07T04:13:26.771Z
4290680,Flock of the Seraphim,2026-08-13,pre_launch_wishlist_rank,2026-08-08,-5,1424,ok,2026-08-08T03:11:38.214Z
4290680,Flock of the Seraphim,2026-08-13,pre_launch_wishlist_rank,2026-08-09,-4,1402,ok,2026-08-09T03:19:17.318Z
4290680,Flock of the Seraphim,2026-08-13,pre_launch_wishlist_rank,2026-08-10,-3,1367,ok,2026-08-10T03:29:07.136Z
4290680,Flock of the Seraphim,2026-08-13,pre_launch_wishlist_rank,2026-08-11,-2,1335,ok,2026-08-11T03:21:55.619Z
4290680,Flock of the Seraphim,2026-08-13,pre_launch_wishlist_rank,2026-08-12,-1,1291,ok,2026-08-12T03:40:42.315Z
4290680,Flock of the Seraphim,2026-08-13,post_launch_reviews_total,2026-08-13,0,0,ok,2026-08-13T03:51:51.678Z
4290680,Flock of the Seraphim,2026-08-13,post_launch_reviews_total,2026-08-14,1,,not_collected,
4290680,Flock of the Seraphim,2026-08-13,post_launch_reviews_total,2026-08-15,2,,not_collected,
4290680,Flock of the Seraphim,2026-08-13,post_launch_reviews_total,2026-08-16,3,,not_collected,
4290680,Flock of the Seraphim,2026-08-13,post_launch_reviews_total,2026-08-17,4,,not_collected,
4290680,Flock of the Seraphim,2026-08-13,post_launch_reviews_total,2026-08-18,5,,not_collected,
4290680,Flock of the Seraphim,2026-08-13,post_launch_reviews_total,2026-08-19,6,,not_collected,
4290680,Flock of the Seraphim,2026-08-13,post_launch_reviews_total,2026-08-20,7,,not_collected,
4857340,Florida Man Court,2026-07-08,pre_launch_wishlist_rank,2026-07-01,-7,,not_collected,
4857340,Florida Man Court,2026-07-08,pre_launch_wishlist_rank,2026-07-02,-6,,not_collected,
4857340,Florida Man Court,2026-07-08,pre_launch_wishlist_rank,2026-07-03,-5,,not_in_captured_wishlist_ranking,
4857340,Florida Man Court,2026-07-08,pre_launch_wishlist_rank,2026-07-04,-4,,not_in_captured_wishlist_ranking,
4857340,Florida Man Court,2026-07-08,pre_launch_wishlist_rank,2026-07-05,-3,,not_in_captured_wishlist_ranking,
4857340,Florida Man Court,2026-07-08,pre_launch_wishlist_rank,2026-07-06,-2,,not_in_captured_wishlist_ranking,
4857340,Florida Man Court,2026-07-08,pre_launch_wishlist_rank,2026-07-07,-1,,not_in_captured_wishlist_ranking,
4857340,Florida Man Court,2026-07-08,post_launch_reviews_total,2026-07-08,0,0,ok,2026-07-08T04:50:41.299Z
4857340,Florida Man Court,2026-07-08,post_launch_reviews_total,2026-07-09,1,,not_collected,
4857340,Florida Man Court,2026-07-08,post_launch_reviews_total,2026-07-10,2,,not_collected,
4857340,Florida Man Court,2026-07-08,post_launch_reviews_total,2026-07-11,3,,not_collected,
4857340,Florida Man Court,2026-07-08,post_launch_reviews_total,2026-07-12,4,,not_collected,
4857340,Florida Man Court,2026-07-08,post_launch_reviews_total,2026-07-13,5,,not_collected,
4857340,Florida Man Court,2026-07-08,post_launch_reviews_total,2026-07-14,6,,not_collected,
4857340,Florida Man Court,2026-07-08,post_launch_reviews_total,2026-07-15,7,,not_collected,
2637210,Flow Of War,2026-08-03,pre_launch_wishlist_rank,2026-07-27,-7,,not_in_captured_wishlist_ranking,
2637210,Flow Of War,2026-08-03,pre_launch_wishlist_rank,2026-07-28,-6,,not_in_captured_wishlist_ranking,
2637210,Flow Of War,2026-08-03,pre_launch_wishlist_rank,2026-07-29,-5,,not_in_captured_wishlist_ranking,
2637210,Flow Of War,2026-08-03,pre_launch_wishlist_rank,2026-07-30,-4,,not_in_captured_wishlist_ranking,
2637210,Flow Of War,2026-08-03,pre_launch_wishlist_rank,2026-07-31,-3,,not_in_captured_wishlist_ranking,
2637210,Flow Of War,2026-08-03,pre_launch_wishlist_rank,2026-08-01,-2,,not_in_captured_wishlist_ranking,
2637210,Flow Of War,2026-08-03,pre_launch_wishlist_rank,2026-08-02,-1,,not_in_captured_wishlist_ranking,
2637210,Flow Of War,2026-08-03,post_launch_reviews_total,2026-08-03,0,0,ok,2026-08-03T05:07:42.912Z
2637210,Flow Of War,2026-08-03,post_launch_reviews_total,2026-08-04,1,,not_collected,
2637210,Flow Of War,2026-08-03,post_launch_reviews_total,2026-08-05,2,,not_collected,
2637210,Flow Of War,2026-08-03,post_launch_reviews_total,2026-08-06,3,,not_collected,
2637210,Flow Of War,2026-08-03,post_launch_reviews_total,2026-08-07,4,,not_collected,
2637210,Flow Of War,2026-08-03,post_launch_reviews_total,2026-08-08,5,,not_collected,
2637210,Flow Of War,2026-08-03,post_launch_reviews_total,2026-08-09,6,,not_collected,
2637210,Flow Of War,2026-08-03,post_launch_reviews_total,2026-08-10,7,,not_collected,
4244640,Foghorns Drown,2026-07-20,pre_launch_wishlist_rank,2026-07-13,-7,1929,ok,2026-07-13T05:04:37.802Z
4244640,Foghorns Drown,2026-07-20,pre_launch_wishlist_rank,2026-07-14,-6,1868,ok,2026-07-14T04:32:48.120Z
4244640,Foghorns Drown,2026-07-20,pre_launch_wishlist_rank,2026-07-15,-5,1803,ok,2026-07-15T04:32:45.763Z
4244640,Foghorns Drown,2026-07-20,pre_launch_wishlist_rank,2026-07-16,-4,1748,ok,2026-07-16T04:42:31.378Z
4244640,Foghorns Drown,2026-07-20,pre_launch_wishlist_rank,2026-07-17,-3,1676,ok,2026-07-17T04:45:39.030Z
4244640,Foghorns Drown,2026-07-20,pre_launch_wishlist_rank,2026-07-18,-2,1624,ok,2026-07-18T04:29:54.503Z
4244640,Foghorns Drown,2026-07-20,pre_launch_wishlist_rank,2026-07-19,-1,1577,ok,2026-07-19T04:54:49.781Z
4244640,Foghorns Drown,2026-07-20,post_launch_reviews_total,2026-07-20,0,0,ok,2026-07-20T05:09:45.900Z
4244640,Foghorns Drown,2026-07-20,post_launch_reviews_total,2026-07-21,1,,not_collected,
4244640,Foghorns Drown,2026-07-20,post_launch_reviews_total,2026-07-22,2,,not_collected,
4244640,Foghorns Drown,2026-07-20,post_launch_reviews_total,2026-07-23,3,,not_collected,
4244640,Foghorns Drown,2026-07-20,post_launch_reviews_total,2026-07-24,4,,not_collected,
4244640,Foghorns Drown,2026-07-20,post_launch_reviews_total,2026-07-25,5,,not_collected,
4244640,Foghorns Drown,2026-07-20,post_launch_reviews_total,2026-07-26,6,,not_collected,
4244640,Foghorns Drown,2026-07-20,post_launch_reviews_total,2026-07-27,7,,not_collected,
3219010,Fogpiercer,2026-07-17,pre_launch_wishlist_rank,2026-07-10,-7,674,ok,2026-07-10T05:43:57.377Z
3219010,Fogpiercer,2026-07-17,pre_launch_wishlist_rank,2026-07-11,-6,655,ok,2026-07-11T04:45:57.358Z
3219010,Fogpiercer,2026-07-17,pre_launch_wishlist_rank,2026-07-12,-5,638,ok,2026-07-12T04:57:39.930Z
3219010,Fogpiercer,2026-07-17,pre_launch_wishlist_rank,2026-07-13,-4,616,ok,2026-07-13T05:04:37.802Z
3219010,Fogpiercer,2026-07-17,pre_launch_wishlist_rank,2026-07-14,-3,603,ok,2026-07-14T04:32:48.120Z
3219010,Fogpiercer,2026-07-17,pre_launch_wishlist_rank,2026-07-15,-2,591,ok,2026-07-15T04:32:45.763Z
3219010,Fogpiercer,2026-07-17,pre_launch_wishlist_rank,2026-07-16,-1,578,ok,2026-07-16T04:42:31.378Z
3219010,Fogpiercer,2026-07-17,post_launch_reviews_total,2026-07-17,0,0,ok,2026-07-17T04:45:39.030Z
3219010,Fogpiercer,2026-07-17,post_launch_reviews_total,2026-07-18,1,,not_collected,
3219010,Fogpiercer,2026-07-17,post_launch_reviews_total,2026-07-19,2,,not_collected,
3219010,Fogpiercer,2026-07-17,post_launch_reviews_total,2026-07-20,3,,not_collected,
3219010,Fogpiercer,2026-07-17,post_launch_reviews_total,2026-07-21,4,,not_collected,
3219010,Fogpiercer,2026-07-17,post_launch_reviews_total,2026-07-22,5,,not_collected,
3219010,Fogpiercer,2026-07-17,post_launch_reviews_total,2026-07-23,6,,not_collected,
3219010,Fogpiercer,2026-07-17,post_launch_reviews_total,2026-07-24,7,,not_collected,
2275300,Folk Emerging,2026-08-26,pre_launch_wishlist_rank,2026-08-19,-7,,not_in_captured_wishlist_ranking,
2275300,Folk Emerging,2026-08-26,pre_launch_wishlist_rank,2026-08-20,-6,,not_in_captured_wishlist_ranking,
2275300,Folk Emerging,2026-08-26,pre_launch_wishlist_rank,2026-08-21,-5,,not_in_captured_wishlist_ranking,
2275300,Folk Emerging,2026-08-26,pre_launch_wishlist_rank,2026-08-22,-4,,not_in_captured_wishlist_ranking,
2275300,Folk Emerging,2026-08-26,pre_launch_wishlist_rank,2026-08-23,-3,,not_in_captured_wishlist_ranking,
2275300,Folk Emerging,2026-08-26,pre_launch_wishlist_rank,2026-08-24,-2,,not_in_captured_wishlist_ranking,
2275300,Folk Emerging,2026-08-26,pre_launch_wishlist_rank,2026-08-25,-1,,not_in_captured_wishlist_ranking,
2275300,Folk Emerging,2026-08-26,post_launch_reviews_total,2026-08-26,0,0,ok,2026-08-26T02:50:15.789Z
2275300,Folk Emerging,2026-08-26,post_launch_reviews_total,2026-08-27,1,,not_collected,
2275300,Folk Emerging,2026-08-26,post_launch_reviews_total,2026-08-28,2,,not_collected,
2275300,Folk Emerging,2026-08-26,post_launch_reviews_total,2026-08-29,3,,not_collected,
2275300,Folk Emerging,2026-08-26,post_launch_reviews_total,2026-08-30,4,,not_collected,
2275300,Folk Emerging,2026-08-26,post_launch_reviews_total,2026-08-31,5,,not_collected,
2275300,Folk Emerging,2026-08-26,post_launch_reviews_total,2026-09-01,6,,not_collected,
2275300,Folk Emerging,2026-08-26,post_launch_reviews_total,2026-09-02,7,,not_collected,
4860970,Football Agent,2026-08-25,pre_launch_wishlist_rank,2026-08-18,-7,,not_in_captured_wishlist_ranking,
4860970,Football Agent,2026-08-25,pre_launch_wishlist_rank,2026-08-19,-6,,not_in_captured_wishlist_ranking,
4860970,Football Agent,2026-08-25,pre_launch_wishlist_rank,2026-08-20,-5,,not_in_captured_wishlist_ranking,
4860970,Football Agent,2026-08-25,pre_launch_wishlist_rank,2026-08-21,-4,,not_in_captured_wishlist_ranking,
4860970,Football Agent,2026-08-25,pre_launch_wishlist_rank,2026-08-22,-3,,not_in_captured_wishlist_ranking,
4860970,Football Agent,2026-08-25,pre_launch_wishlist_rank,2026-08-23,-2,,not_in_captured_wishlist_ranking,
4860970,Football Agent,2026-08-25,pre_launch_wishlist_rank,2026-08-24,-1,,not_in_captured_wishlist_ranking,
4860970,Football Agent,2026-08-25,post_launch_reviews_total,2026-08-25,0,0,ok,2026-08-25T02:42:46.392Z
4860970,Football Agent,2026-08-25,post_launch_reviews_total,2026-08-26,1,,not_collected,
4860970,Football Agent,2026-08-25,post_launch_reviews_total,2026-08-27,2,,not_collected,
4860970,Football Agent,2026-08-25,post_launch_reviews_total,2026-08-28,3,,not_collected,
4860970,Football Agent,2026-08-25,post_launch_reviews_total,2026-08-29,4,,not_collected,
4860970,Football Agent,2026-08-25,post_launch_reviews_total,2026-08-30,5,,not_collected,
4860970,Football Agent,2026-08-25,post_launch_reviews_total,2026-08-31,6,,not_collected,
4860970,Football Agent,2026-08-25,post_launch_reviews_total,2026-09-01,7,,not_collected,
3765010,Forensics: Crime Scene Detective,2026-07-13,pre_launch_wishlist_rank,2026-07-06,-7,553,ok,2026-07-06T04:31:47.397Z
3765010,Forensics: Crime Scene Detective,2026-07-13,pre_launch_wishlist_rank,2026-07-07,-6,541,ok,2026-07-07T05:48:04.813Z
3765010,Forensics: Crime Scene Detective,2026-07-13,pre_launch_wishlist_rank,2026-07-08,-5,526,ok,2026-07-08T04:50:41.299Z
3765010,Forensics: Crime Scene Detective,2026-07-13,pre_launch_wishlist_rank,2026-07-09,-4,515,ok,2026-07-09T05:46:21.155Z
3765010,Forensics: Crime Scene Detective,2026-07-13,pre_launch_wishlist_rank,2026-07-10,-3,487,ok,2026-07-10T05:43:57.377Z
3765010,Forensics: Crime Scene Detective,2026-07-13,pre_launch_wishlist_rank,2026-07-11,-2,453,ok,2026-07-11T04:45:57.358Z
3765010,Forensics: Crime Scene Detective,2026-07-13,pre_launch_wishlist_rank,2026-07-12,-1,401,ok,2026-07-12T04:57:39.930Z
3765010,Forensics: Crime Scene Detective,2026-07-13,post_launch_reviews_total,2026-07-13,0,0,ok,2026-07-13T05:04:37.802Z
3765010,Forensics: Crime Scene Detective,2026-07-13,post_launch_reviews_total,2026-07-14,1,,not_collected,
3765010,Forensics: Crime Scene Detective,2026-07-13,post_launch_reviews_total,2026-07-15,2,,not_collected,
3765010,Forensics: Crime Scene Detective,2026-07-13,post_launch_reviews_total,2026-07-16,3,,not_collected,
3765010,Forensics: Crime Scene Detective,2026-07-13,post_launch_reviews_total,2026-07-17,4,,not_collected,
3765010,Forensics: Crime Scene Detective,2026-07-13,post_launch_reviews_total,2026-07-18,5,,not_collected,
3765010,Forensics: Crime Scene Detective,2026-07-13,post_launch_reviews_total,2026-07-19,6,,not_collected,
3765010,Forensics: Crime Scene Detective,2026-07-13,post_launch_reviews_total,2026-07-20,7,,not_collected,
4090360,Forest Escape: Last Train,2026-07-10,pre_launch_wishlist_rank,2026-07-03,-7,,not_in_captured_wishlist_ranking,
4090360,Forest Escape: Last Train,2026-07-10,pre_launch_wishlist_rank,2026-07-04,-6,,not_in_captured_wishlist_ranking,
4090360,Forest Escape: Last Train,2026-07-10,pre_launch_wishlist_rank,2026-07-05,-5,,not_in_captured_wishlist_ranking,
4090360,Forest Escape: Last Train,2026-07-10,pre_launch_wishlist_rank,2026-07-06,-4,993,ok,2026-07-06T04:31:47.397Z
4090360,Forest Escape: Last Train,2026-07-10,pre_launch_wishlist_rank,2026-07-07,-3,987,ok,2026-07-07T05:48:04.813Z
4090360,Forest Escape: Last Train,2026-07-10,pre_launch_wishlist_rank,2026-07-08,-2,982,ok,2026-07-08T04:50:41.299Z
4090360,Forest Escape: Last Train,2026-07-10,pre_launch_wishlist_rank,2026-07-09,-1,969,ok,2026-07-09T05:46:21.155Z
4090360,Forest Escape: Last Train,2026-07-10,post_launch_reviews_total,2026-07-10,0,0,ok,2026-07-10T05:43:57.377Z
4090360,Forest Escape: Last Train,2026-07-10,post_launch_reviews_total,2026-07-11,1,,not_collected,
4090360,Forest Escape: Last Train,2026-07-10,post_launch_reviews_total,2026-07-12,2,,not_collected,
4090360,Forest Escape: Last Train,2026-07-10,post_launch_reviews_total,2026-07-13,3,,not_collected,
4090360,Forest Escape: Last Train,2026-07-10,post_launch_reviews_total,2026-07-14,4,,not_collected,
4090360,Forest Escape: Last Train,2026-07-10,post_launch_reviews_total,2026-07-15,5,,not_collected,
4090360,Forest Escape: Last Train,2026-07-10,post_launch_reviews_total,2026-07-16,6,,not_collected,
4090360,Forest Escape: Last Train,2026-07-10,post_launch_reviews_total,2026-07-17,7,,not_collected,
4435870,Forest Fighters,2026-07-06,pre_launch_wishlist_rank,2026-06-29,-7,,not_collected,
4435870,Forest Fighters,2026-07-06,pre_launch_wishlist_rank,2026-06-30,-6,,not_collected,
4435870,Forest Fighters,2026-07-06,pre_launch_wishlist_rank,2026-07-01,-5,,not_collected,
4435870,Forest Fighters,2026-07-06,pre_launch_wishlist_rank,2026-07-02,-4,,not_collected,
4435870,Forest Fighters,2026-07-06,pre_launch_wishlist_rank,2026-07-03,-3,,not_in_captured_wishlist_ranking,
4435870,Forest Fighters,2026-07-06,pre_launch_wishlist_rank,2026-07-04,-2,,not_in_captured_wishlist_ranking,
4435870,Forest Fighters,2026-07-06,pre_launch_wishlist_rank,2026-07-05,-1,,not_in_captured_wishlist_ranking,
4435870,Forest Fighters,2026-07-06,post_launch_reviews_total,2026-07-06,0,0,ok,2026-07-06T04:31:47.397Z
4435870,Forest Fighters,2026-07-06,post_launch_reviews_total,2026-07-07,1,,not_collected,
4435870,Forest Fighters,2026-07-06,post_launch_reviews_total,2026-07-08,2,,not_collected,
4435870,Forest Fighters,2026-07-06,post_launch_reviews_total,2026-07-09,3,,not_collected,
4435870,Forest Fighters,2026-07-06,post_launch_reviews_total,2026-07-10,4,,not_collected,
4435870,Forest Fighters,2026-07-06,post_launch_reviews_total,2026-07-11,5,,not_collected,
4435870,Forest Fighters,2026-07-06,post_launch_reviews_total,2026-07-12,6,,not_collected,
4435870,Forest Fighters,2026-07-06,post_launch_reviews_total,2026-07-13,7,,not_collected,
3840260,Forgotten Playland: Party Edition,2026-07-30,pre_launch_wishlist_rank,2026-07-23,-7,,not_in_captured_wishlist_ranking,
3840260,Forgotten Playland: Party Edition,2026-07-30,pre_launch_wishlist_rank,2026-07-24,-6,,not_in_captured_wishlist_ranking,
3840260,Forgotten Playland: Party Edition,2026-07-30,pre_launch_wishlist_rank,2026-07-25,-5,,not_in_captured_wishlist_ranking,
3840260,Forgotten Playland: Party Edition,2026-07-30,pre_launch_wishlist_rank,2026-07-26,-4,,not_in_captured_wishlist_ranking,
3840260,Forgotten Playland: Party Edition,2026-07-30,pre_launch_wishlist_rank,2026-07-27,-3,,not_in_captured_wishlist_ranking,
3840260,Forgotten Playland: Party Edition,2026-07-30,pre_launch_wishlist_rank,2026-07-28,-2,,not_in_captured_wishlist_ranking,
3840260,Forgotten Playland: Party Edition,2026-07-30,pre_launch_wishlist_rank,2026-07-29,-1,,not_in_captured_wishlist_ranking,
3840260,Forgotten Playland: Party Edition,2026-07-30,post_launch_reviews_total,2026-07-30,0,0,ok,2026-07-30T04:38:29.620Z
3840260,Forgotten Playland: Party Edition,2026-07-30,post_launch_reviews_total,2026-07-31,1,,not_collected,
3840260,Forgotten Playland: Party Edition,2026-07-30,post_launch_reviews_total,2026-08-01,2,,not_collected,
3840260,Forgotten Playland: Party Edition,2026-07-30,post_launch_reviews_total,2026-08-02,3,,not_collected,
3840260,Forgotten Playland: Party Edition,2026-07-30,post_launch_reviews_total,2026-08-03,4,,not_collected,
3840260,Forgotten Playland: Party Edition,2026-07-30,post_launch_reviews_total,2026-08-04,5,,not_collected,
3840260,Forgotten Playland: Party Edition,2026-07-30,post_launch_reviews_total,2026-08-05,6,,not_collected,
3840260,Forgotten Playland: Party Edition,2026-07-30,post_launch_reviews_total,2026-08-06,7,,not_collected,
951770,Forsaken Realms: Vahrin's Call,2026-07-27,pre_launch_wishlist_rank,2026-07-20,-7,309,ok,2026-07-20T05:09:45.900Z
951770,Forsaken Realms: Vahrin's Call,2026-07-27,pre_launch_wishlist_rank,2026-07-21,-6,300,ok,2026-07-21T04:50:39.944Z
951770,Forsaken Realms: Vahrin's Call,2026-07-27,pre_launch_wishlist_rank,2026-07-22,-5,294,ok,2026-07-22T04:50:32.272Z
951770,Forsaken Realms: Vahrin's Call,2026-07-27,pre_launch_wishlist_rank,2026-07-23,-4,283,ok,2026-07-23T04:56:12.842Z
951770,Forsaken Realms: Vahrin's Call,2026-07-27,pre_launch_wishlist_rank,2026-07-24,-3,274,ok,2026-07-24T04:51:55.902Z
951770,Forsaken Realms: Vahrin's Call,2026-07-27,pre_launch_wishlist_rank,2026-07-25,-2,267,ok,2026-07-25T04:47:58.982Z
951770,Forsaken Realms: Vahrin's Call,2026-07-27,pre_launch_wishlist_rank,2026-07-26,-1,256,ok,2026-07-26T05:02:25.100Z
951770,Forsaken Realms: Vahrin's Call,2026-07-27,post_launch_reviews_total,2026-07-27,0,0,ok,2026-07-27T05:28:24.621Z
951770,Forsaken Realms: Vahrin's Call,2026-07-27,post_launch_reviews_total,2026-07-28,1,,not_collected,
951770,Forsaken Realms: Vahrin's Call,2026-07-27,post_launch_reviews_total,2026-07-29,2,,not_collected,
951770,Forsaken Realms: Vahrin's Call,2026-07-27,post_launch_reviews_total,2026-07-30,3,,not_collected,
951770,Forsaken Realms: Vahrin's Call,2026-07-27,post_launch_reviews_total,2026-07-31,4,,not_collected,
951770,Forsaken Realms: Vahrin's Call,2026-07-27,post_launch_reviews_total,2026-08-01,5,,not_collected,
951770,Forsaken Realms: Vahrin's Call,2026-07-27,post_launch_reviews_total,2026-08-02,6,,not_collected,
951770,Forsaken Realms: Vahrin's Call,2026-07-27,post_launch_reviews_total,2026-08-03,7,,not_collected,
3560110,Fracture Point,2026-09-04,pre_launch_wishlist_rank,2026-08-28,-7,1586,ok,2026-08-28T13:19:41.332Z
3560110,Fracture Point,2026-09-04,pre_launch_wishlist_rank,2026-08-29,-6,1561,ok,2026-08-29T08:16:08.181Z
3560110,Fracture Point,2026-09-04,pre_launch_wishlist_rank,2026-08-30,-5,1530,ok,2026-08-30T07:17:27.365Z
3560110,Fracture Point,2026-09-04,pre_launch_wishlist_rank,2026-08-31,-4,1474,ok,2026-08-31T07:32:46.352Z
3560110,Fracture Point,2026-09-04,pre_launch_wishlist_rank,2026-09-01,-3,1325,ok,2026-09-01T06:43:33.167Z
3560110,Fracture Point,2026-09-04,pre_launch_wishlist_rank,2026-09-02,-2,1238,ok,2026-09-02T06:21:55.398Z
3560110,Fracture Point,2026-09-04,pre_launch_wishlist_rank,2026-09-03,-1,1170,ok,2026-09-03T06:24:29.914Z
3560110,Fracture Point,2026-09-04,post_launch_reviews_total,2026-09-04,0,,not_collected,
3560110,Fracture Point,2026-09-04,post_launch_reviews_total,2026-09-05,1,,not_collected,
3560110,Fracture Point,2026-09-04,post_launch_reviews_total,2026-09-06,2,,not_collected,
3560110,Fracture Point,2026-09-04,post_launch_reviews_total,2026-09-07,3,,not_collected,
3560110,Fracture Point,2026-09-04,post_launch_reviews_total,2026-09-08,4,,not_collected,
3560110,Fracture Point,2026-09-04,post_launch_reviews_total,2026-09-09,5,,not_collected,
3560110,Fracture Point,2026-09-04,post_launch_reviews_total,2026-09-10,6,,not_collected,
3560110,Fracture Point,2026-09-04,post_launch_reviews_total,2026-09-11,7,,not_collected,
4279630,Friendly Steps,2026-09-03,pre_launch_wishlist_rank,2026-08-27,-7,434,ok,2026-08-27T11:57:45.810Z
4279630,Friendly Steps,2026-09-03,pre_launch_wishlist_rank,2026-08-28,-6,425,ok,2026-08-28T13:19:41.332Z
4279630,Friendly Steps,2026-09-03,pre_launch_wishlist_rank,2026-08-29,-5,422,ok,2026-08-29T08:16:08.181Z
4279630,Friendly Steps,2026-09-03,pre_launch_wishlist_rank,2026-08-30,-4,414,ok,2026-08-30T07:17:27.365Z
4279630,Friendly Steps,2026-09-03,pre_launch_wishlist_rank,2026-08-31,-3,393,ok,2026-08-31T07:32:46.352Z
4279630,Friendly Steps,2026-09-03,pre_launch_wishlist_rank,2026-09-01,-2,377,ok,2026-09-01T06:43:33.167Z
4279630,Friendly Steps,2026-09-03,pre_launch_wishlist_rank,2026-09-02,-1,358,ok,2026-09-02T06:21:55.398Z
4279630,Friendly Steps,2026-09-03,post_launch_reviews_total,2026-09-03,0,0,ok,2026-09-03T06:24:29.914Z
4279630,Friendly Steps,2026-09-03,post_launch_reviews_total,2026-09-04,1,,not_collected,
4279630,Friendly Steps,2026-09-03,post_launch_reviews_total,2026-09-05,2,,not_collected,
4279630,Friendly Steps,2026-09-03,post_launch_reviews_total,2026-09-06,3,,not_collected,
4279630,Friendly Steps,2026-09-03,post_launch_reviews_total,2026-09-07,4,,not_collected,
4279630,Friendly Steps,2026-09-03,post_launch_reviews_total,2026-09-08,5,,not_collected,
4279630,Friendly Steps,2026-09-03,post_launch_reviews_total,2026-09-09,6,,not_collected,
4279630,Friendly Steps,2026-09-03,post_launch_reviews_total,2026-09-10,7,,not_collected,
2332150,Frog Island,2026-08-20,pre_launch_wishlist_rank,2026-08-13,-7,,not_in_captured_wishlist_ranking,
2332150,Frog Island,2026-08-20,pre_launch_wishlist_rank,2026-08-14,-6,,not_in_captured_wishlist_ranking,
2332150,Frog Island,2026-08-20,pre_launch_wishlist_rank,2026-08-15,-5,,not_in_captured_wishlist_ranking,
2332150,Frog Island,2026-08-20,pre_launch_wishlist_rank,2026-08-16,-4,1953,ok,2026-08-16T02:45:28.861Z
2332150,Frog Island,2026-08-20,pre_launch_wishlist_rank,2026-08-17,-3,1879,ok,2026-08-17T02:45:10.258Z
2332150,Frog Island,2026-08-20,pre_launch_wishlist_rank,2026-08-18,-2,1820,ok,2026-08-18T02:39:27.140Z
2332150,Frog Island,2026-08-20,pre_launch_wishlist_rank,2026-08-19,-1,1747,ok,2026-08-19T02:42:36.358Z
2332150,Frog Island,2026-08-20,post_launch_reviews_total,2026-08-20,0,0,ok,2026-08-20T02:40:42.136Z
2332150,Frog Island,2026-08-20,post_launch_reviews_total,2026-08-21,1,,not_collected,
2332150,Frog Island,2026-08-20,post_launch_reviews_total,2026-08-22,2,,not_collected,
2332150,Frog Island,2026-08-20,post_launch_reviews_total,2026-08-23,3,,not_collected,
2332150,Frog Island,2026-08-20,post_launch_reviews_total,2026-08-24,4,,not_collected,
2332150,Frog Island,2026-08-20,post_launch_reviews_total,2026-08-25,5,,not_collected,
2332150,Frog Island,2026-08-20,post_launch_reviews_total,2026-08-26,6,,not_collected,
2332150,Frog Island,2026-08-20,post_launch_reviews_total,2026-08-27,7,,not_collected,
3423990,Frozen Ship,2026-08-07,pre_launch_wishlist_rank,2026-07-31,-7,822,ok,2026-07-31T05:04:54.532Z
3423990,Frozen Ship,2026-08-07,pre_launch_wishlist_rank,2026-08-01,-6,801,ok,2026-08-01T04:58:14.130Z
3423990,Frozen Ship,2026-08-07,pre_launch_wishlist_rank,2026-08-02,-5,773,ok,2026-08-02T04:58:24.052Z
3423990,Frozen Ship,2026-08-07,pre_launch_wishlist_rank,2026-08-03,-4,722,ok,2026-08-03T05:07:42.912Z
3423990,Frozen Ship,2026-08-07,pre_launch_wishlist_rank,2026-08-04,-3,697,ok,2026-08-04T04:47:02.633Z
3423990,Frozen Ship,2026-08-07,pre_launch_wishlist_rank,2026-08-05,-2,663,ok,2026-08-05T04:46:35.103Z
3423990,Frozen Ship,2026-08-07,pre_launch_wishlist_rank,2026-08-06,-1,637,ok,2026-08-06T04:47:09.485Z
3423990,Frozen Ship,2026-08-07,post_launch_reviews_total,2026-08-07,0,0,ok,2026-08-07T04:13:26.771Z
3423990,Frozen Ship,2026-08-07,post_launch_reviews_total,2026-08-08,1,,not_collected,
3423990,Frozen Ship,2026-08-07,post_launch_reviews_total,2026-08-09,2,,not_collected,
3423990,Frozen Ship,2026-08-07,post_launch_reviews_total,2026-08-10,3,,not_collected,
3423990,Frozen Ship,2026-08-07,post_launch_reviews_total,2026-08-11,4,,not_collected,
3423990,Frozen Ship,2026-08-07,post_launch_reviews_total,2026-08-12,5,,not_collected,
3423990,Frozen Ship,2026-08-07,post_launch_reviews_total,2026-08-13,6,,not_collected,
3423990,Frozen Ship,2026-08-07,post_launch_reviews_total,2026-08-14,7,,not_collected,
4389170,Fugaz,2026-07-07,pre_launch_wishlist_rank,2026-06-30,-7,,not_collected,
4389170,Fugaz,2026-07-07,pre_launch_wishlist_rank,2026-07-01,-6,,not_collected,
4389170,Fugaz,2026-07-07,pre_launch_wishlist_rank,2026-07-02,-5,,not_collected,
4389170,Fugaz,2026-07-07,pre_launch_wishlist_rank,2026-07-03,-4,,not_in_captured_wishlist_ranking,
4389170,Fugaz,2026-07-07,pre_launch_wishlist_rank,2026-07-04,-3,,not_in_captured_wishlist_ranking,
4389170,Fugaz,2026-07-07,pre_launch_wishlist_rank,2026-07-05,-2,,not_in_captured_wishlist_ranking,
4389170,Fugaz,2026-07-07,pre_launch_wishlist_rank,2026-07-06,-1,,not_in_captured_wishlist_ranking,
4389170,Fugaz,2026-07-07,post_launch_reviews_total,2026-07-07,0,0,ok,2026-07-07T05:48:04.813Z
4389170,Fugaz,2026-07-07,post_launch_reviews_total,2026-07-08,1,,not_collected,
4389170,Fugaz,2026-07-07,post_launch_reviews_total,2026-07-09,2,,not_collected,
4389170,Fugaz,2026-07-07,post_launch_reviews_total,2026-07-10,3,,not_collected,
4389170,Fugaz,2026-07-07,post_launch_reviews_total,2026-07-11,4,,not_collected,
4389170,Fugaz,2026-07-07,post_launch_reviews_total,2026-07-12,5,,not_collected,
4389170,Fugaz,2026-07-07,post_launch_reviews_total,2026-07-13,6,,not_collected,
4389170,Fugaz,2026-07-07,post_launch_reviews_total,2026-07-14,7,,not_collected,
3712080,Funnel Runners,2026-07-16,pre_launch_wishlist_rank,2026-07-09,-7,295,ok,2026-07-09T05:46:21.155Z
3712080,Funnel Runners,2026-07-16,pre_launch_wishlist_rank,2026-07-10,-6,287,ok,2026-07-10T05:43:57.377Z
3712080,Funnel Runners,2026-07-16,pre_launch_wishlist_rank,2026-07-11,-5,283,ok,2026-07-11T04:45:57.358Z
3712080,Funnel Runners,2026-07-16,pre_launch_wishlist_rank,2026-07-12,-4,277,ok,2026-07-12T04:57:39.930Z
3712080,Funnel Runners,2026-07-16,pre_launch_wishlist_rank,2026-07-13,-3,264,ok,2026-07-13T05:04:37.802Z
3712080,Funnel Runners,2026-07-16,pre_launch_wishlist_rank,2026-07-14,-2,255,ok,2026-07-14T04:32:48.120Z
3712080,Funnel Runners,2026-07-16,pre_launch_wishlist_rank,2026-07-15,-1,241,ok,2026-07-15T04:32:45.763Z
3712080,Funnel Runners,2026-07-16,post_launch_reviews_total,2026-07-16,0,0,ok,2026-07-16T04:42:31.378Z
3712080,Funnel Runners,2026-07-16,post_launch_reviews_total,2026-07-17,1,,not_collected,
3712080,Funnel Runners,2026-07-16,post_launch_reviews_total,2026-07-18,2,,not_collected,
3712080,Funnel Runners,2026-07-16,post_launch_reviews_total,2026-07-19,3,,not_collected,
3712080,Funnel Runners,2026-07-16,post_launch_reviews_total,2026-07-20,4,,not_collected,
3712080,Funnel Runners,2026-07-16,post_launch_reviews_total,2026-07-21,5,,not_collected,
3712080,Funnel Runners,2026-07-16,post_launch_reviews_total,2026-07-22,6,,not_collected,
3712080,Funnel Runners,2026-07-16,post_launch_reviews_total,2026-07-23,7,,not_collected,
3925730,Furry Roommates,2026-08-21,pre_launch_wishlist_rank,2026-08-14,-7,,not_in_captured_wishlist_ranking,
3925730,Furry Roommates,2026-08-21,pre_launch_wishlist_rank,2026-08-15,-6,,not_in_captured_wishlist_ranking,
3925730,Furry Roommates,2026-08-21,pre_launch_wishlist_rank,2026-08-16,-5,,not_in_captured_wishlist_ranking,
3925730,Furry Roommates,2026-08-21,pre_launch_wishlist_rank,2026-08-17,-4,,not_in_captured_wishlist_ranking,
3925730,Furry Roommates,2026-08-21,pre_launch_wishlist_rank,2026-08-18,-3,,not_in_captured_wishlist_ranking,
3925730,Furry Roommates,2026-08-21,pre_launch_wishlist_rank,2026-08-19,-2,,not_in_captured_wishlist_ranking,
3925730,Furry Roommates,2026-08-21,pre_launch_wishlist_rank,2026-08-20,-1,,not_in_captured_wishlist_ranking,
3925730,Furry Roommates,2026-08-21,post_launch_reviews_total,2026-08-21,0,0,ok,2026-08-21T02:47:33.763Z
3925730,Furry Roommates,2026-08-21,post_launch_reviews_total,2026-08-22,1,,not_collected,
3925730,Furry Roommates,2026-08-21,post_launch_reviews_total,2026-08-23,2,,not_collected,
3925730,Furry Roommates,2026-08-21,post_launch_reviews_total,2026-08-24,3,,not_collected,
3925730,Furry Roommates,2026-08-21,post_launch_reviews_total,2026-08-25,4,,not_collected,
3925730,Furry Roommates,2026-08-21,post_launch_reviews_total,2026-08-26,5,,not_collected,
3925730,Furry Roommates,2026-08-21,post_launch_reviews_total,2026-08-27,6,,not_collected,
3925730,Furry Roommates,2026-08-21,post_launch_reviews_total,2026-08-28,7,,not_collected,
2445980,G-Rebels,2026-07-20,pre_launch_wishlist_rank,2026-07-13,-7,901,ok,2026-07-13T05:04:37.802Z
2445980,G-Rebels,2026-07-20,pre_launch_wishlist_rank,2026-07-14,-6,877,ok,2026-07-14T04:32:48.120Z
2445980,G-Rebels,2026-07-20,pre_launch_wishlist_rank,2026-07-15,-5,855,ok,2026-07-15T04:32:45.763Z
2445980,G-Rebels,2026-07-20,pre_launch_wishlist_rank,2026-07-16,-4,833,ok,2026-07-16T04:42:31.378Z
2445980,G-Rebels,2026-07-20,pre_launch_wishlist_rank,2026-07-17,-3,806,ok,2026-07-17T04:45:39.030Z
2445980,G-Rebels,2026-07-20,pre_launch_wishlist_rank,2026-07-18,-2,786,ok,2026-07-18T04:29:54.503Z
2445980,G-Rebels,2026-07-20,pre_launch_wishlist_rank,2026-07-19,-1,765,ok,2026-07-19T04:54:49.781Z
2445980,G-Rebels,2026-07-20,post_launch_reviews_total,2026-07-20,0,0,ok,2026-07-20T05:09:45.900Z
2445980,G-Rebels,2026-07-20,post_launch_reviews_total,2026-07-21,1,,not_collected,
2445980,G-Rebels,2026-07-20,post_launch_reviews_total,2026-07-22,2,,not_collected,
2445980,G-Rebels,2026-07-20,post_launch_reviews_total,2026-07-23,3,,not_collected,
2445980,G-Rebels,2026-07-20,post_launch_reviews_total,2026-07-24,4,,not_collected,
2445980,G-Rebels,2026-07-20,post_launch_reviews_total,2026-07-25,5,,not_collected,
2445980,G-Rebels,2026-07-20,post_launch_reviews_total,2026-07-26,6,,not_collected,
2445980,G-Rebels,2026-07-20,post_launch_reviews_total,2026-07-27,7,,not_collected,
3065940,Gallipoli,2026-08-20,pre_launch_wishlist_rank,2026-08-13,-7,372,ok,2026-08-13T03:51:51.678Z
3065940,Gallipoli,2026-08-20,pre_launch_wishlist_rank,2026-08-14,-6,363,ok,2026-08-14T03:41:13.555Z
3065940,Gallipoli,2026-08-20,pre_launch_wishlist_rank,2026-08-15,-5,361,ok,2026-08-15T02:36:13.648Z
3065940,Gallipoli,2026-08-20,pre_launch_wishlist_rank,2026-08-16,-4,358,ok,2026-08-16T02:45:28.861Z
3065940,Gallipoli,2026-08-20,pre_launch_wishlist_rank,2026-08-17,-3,347,ok,2026-08-17T02:45:10.258Z
3065940,Gallipoli,2026-08-20,pre_launch_wishlist_rank,2026-08-18,-2,342,ok,2026-08-18T02:39:27.140Z
3065940,Gallipoli,2026-08-20,pre_launch_wishlist_rank,2026-08-19,-1,340,ok,2026-08-19T02:42:36.358Z
3065940,Gallipoli,2026-08-20,post_launch_reviews_total,2026-08-20,0,0,ok,2026-08-20T02:40:42.136Z
3065940,Gallipoli,2026-08-20,post_launch_reviews_total,2026-08-21,1,,not_collected,
3065940,Gallipoli,2026-08-20,post_launch_reviews_total,2026-08-22,2,,not_collected,
3065940,Gallipoli,2026-08-20,post_launch_reviews_total,2026-08-23,3,,not_collected,
3065940,Gallipoli,2026-08-20,post_launch_reviews_total,2026-08-24,4,,not_collected,
3065940,Gallipoli,2026-08-20,post_launch_reviews_total,2026-08-25,5,,not_collected,
3065940,Gallipoli,2026-08-20,post_launch_reviews_total,2026-08-26,6,,not_collected,
3065940,Gallipoli,2026-08-20,post_launch_reviews_total,2026-08-27,7,,not_collected,
3463400,Game Store Chronicle,2026-07-06,pre_launch_wishlist_rank,2026-06-29,-7,,not_collected,
3463400,Game Store Chronicle,2026-07-06,pre_launch_wishlist_rank,2026-06-30,-6,,not_collected,
3463400,Game Store Chronicle,2026-07-06,pre_launch_wishlist_rank,2026-07-01,-5,,not_collected,
3463400,Game Store Chronicle,2026-07-06,pre_launch_wishlist_rank,2026-07-02,-4,,not_collected,
3463400,Game Store Chronicle,2026-07-06,pre_launch_wishlist_rank,2026-07-03,-3,,not_in_captured_wishlist_ranking,
3463400,Game Store Chronicle,2026-07-06,pre_launch_wishlist_rank,2026-07-04,-2,,not_in_captured_wishlist_ranking,
3463400,Game Store Chronicle,2026-07-06,pre_launch_wishlist_rank,2026-07-05,-1,,not_in_captured_wishlist_ranking,
3463400,Game Store Chronicle,2026-07-06,post_launch_reviews_total,2026-07-06,0,,not_collected,
3463400,Game Store Chronicle,2026-07-06,post_launch_reviews_total,2026-07-07,1,,not_collected,
3463400,Game Store Chronicle,2026-07-06,post_launch_reviews_total,2026-07-08,2,,not_collected,
3463400,Game Store Chronicle,2026-07-06,post_launch_reviews_total,2026-07-09,3,,not_collected,
3463400,Game Store Chronicle,2026-07-06,post_launch_reviews_total,2026-07-10,4,,not_collected,
3463400,Game Store Chronicle,2026-07-06,post_launch_reviews_total,2026-07-11,5,,not_collected,
3463400,Game Store Chronicle,2026-07-06,post_launch_reviews_total,2026-07-12,6,,not_collected,
3463400,Game Store Chronicle,2026-07-06,post_launch_reviews_total,2026-07-13,7,,not_collected,
4481850,Garisani Detective Agency,2026-07-14,pre_launch_wishlist_rank,2026-07-07,-7,,not_in_captured_wishlist_ranking,
4481850,Garisani Detective Agency,2026-07-14,pre_launch_wishlist_rank,2026-07-08,-6,,not_in_captured_wishlist_ranking,
4481850,Garisani Detective Agency,2026-07-14,pre_launch_wishlist_rank,2026-07-09,-5,,not_in_captured_wishlist_ranking,
4481850,Garisani Detective Agency,2026-07-14,pre_launch_wishlist_rank,2026-07-10,-4,,not_in_captured_wishlist_ranking,
4481850,Garisani Detective Agency,2026-07-14,pre_launch_wishlist_rank,2026-07-11,-3,,not_in_captured_wishlist_ranking,
4481850,Garisani Detective Agency,2026-07-14,pre_launch_wishlist_rank,2026-07-12,-2,,not_in_captured_wishlist_ranking,
4481850,Garisani Detective Agency,2026-07-14,pre_launch_wishlist_rank,2026-07-13,-1,,not_in_captured_wishlist_ranking,
4481850,Garisani Detective Agency,2026-07-14,post_launch_reviews_total,2026-07-14,0,0,ok,2026-07-14T04:32:48.120Z
4481850,Garisani Detective Agency,2026-07-14,post_launch_reviews_total,2026-07-15,1,,not_collected,
4481850,Garisani Detective Agency,2026-07-14,post_launch_reviews_total,2026-07-16,2,,not_collected,
4481850,Garisani Detective Agency,2026-07-14,post_launch_reviews_total,2026-07-17,3,,not_collected,
4481850,Garisani Detective Agency,2026-07-14,post_launch_reviews_total,2026-07-18,4,,not_collected,
4481850,Garisani Detective Agency,2026-07-14,post_launch_reviews_total,2026-07-19,5,,not_collected,
4481850,Garisani Detective Agency,2026-07-14,post_launch_reviews_total,2026-07-20,6,,not_collected,
4481850,Garisani Detective Agency,2026-07-14,post_launch_reviews_total,2026-07-21,7,,not_collected,
2054520,Gawr Gura: Quest for Bread,2026-08-27,pre_launch_wishlist_rank,2026-08-20,-7,1600,ok,2026-08-20T02:40:42.136Z
2054520,Gawr Gura: Quest for Bread,2026-08-27,pre_launch_wishlist_rank,2026-08-21,-6,1567,ok,2026-08-21T02:47:33.763Z
2054520,Gawr Gura: Quest for Bread,2026-08-27,pre_launch_wishlist_rank,2026-08-22,-5,1535,ok,2026-08-22T02:38:05.157Z
2054520,Gawr Gura: Quest for Bread,2026-08-27,pre_launch_wishlist_rank,2026-08-23,-4,1507,ok,2026-08-23T02:47:54.993Z
2054520,Gawr Gura: Quest for Bread,2026-08-27,pre_launch_wishlist_rank,2026-08-24,-3,1431,ok,2026-08-24T02:48:36.097Z
2054520,Gawr Gura: Quest for Bread,2026-08-27,pre_launch_wishlist_rank,2026-08-25,-2,1364,ok,2026-08-25T02:42:46.392Z
2054520,Gawr Gura: Quest for Bread,2026-08-27,pre_launch_wishlist_rank,2026-08-26,-1,1303,ok,2026-08-26T02:50:15.789Z
2054520,Gawr Gura: Quest for Bread,2026-08-27,post_launch_reviews_total,2026-08-27,0,0,ok,2026-08-27T11:57:45.810Z
2054520,Gawr Gura: Quest for Bread,2026-08-27,post_launch_reviews_total,2026-08-28,1,,not_collected,
2054520,Gawr Gura: Quest for Bread,2026-08-27,post_launch_reviews_total,2026-08-29,2,,not_collected,
2054520,Gawr Gura: Quest for Bread,2026-08-27,post_launch_reviews_total,2026-08-30,3,,not_collected,
2054520,Gawr Gura: Quest for Bread,2026-08-27,post_launch_reviews_total,2026-08-31,4,,not_collected,
2054520,Gawr Gura: Quest for Bread,2026-08-27,post_launch_reviews_total,2026-09-01,5,,not_collected,
2054520,Gawr Gura: Quest for Bread,2026-08-27,post_launch_reviews_total,2026-09-02,6,,not_collected,
2054520,Gawr Gura: Quest for Bread,2026-08-27,post_launch_reviews_total,2026-09-03,7,,not_collected,
3010850,Gears of War: E-Day,2026-10-06,pre_launch_wishlist_rank,2026-09-29,-7,,not_collected,
3010850,Gears of War: E-Day,2026-10-06,pre_launch_wishlist_rank,2026-09-30,-6,,not_collected,
3010850,Gears of War: E-Day,2026-10-06,pre_launch_wishlist_rank,2026-10-01,-5,,not_collected,
3010850,Gears of War: E-Day,2026-10-06,pre_launch_wishlist_rank,2026-10-02,-4,,not_collected,
3010850,Gears of War: E-Day,2026-10-06,pre_launch_wishlist_rank,2026-10-03,-3,,not_collected,
3010850,Gears of War: E-Day,2026-10-06,pre_launch_wishlist_rank,2026-10-04,-2,,not_collected,
3010850,Gears of War: E-Day,2026-10-06,pre_launch_wishlist_rank,2026-10-05,-1,,not_collected,
3010850,Gears of War: E-Day,2026-10-06,post_launch_reviews_total,2026-10-06,0,,not_collected,
3010850,Gears of War: E-Day,2026-10-06,post_launch_reviews_total,2026-10-07,1,,not_collected,
3010850,Gears of War: E-Day,2026-10-06,post_launch_reviews_total,2026-10-08,2,,not_collected,
3010850,Gears of War: E-Day,2026-10-06,post_launch_reviews_total,2026-10-09,3,,not_collected,
3010850,Gears of War: E-Day,2026-10-06,post_launch_reviews_total,2026-10-10,4,,not_collected,
3010850,Gears of War: E-Day,2026-10-06,post_launch_reviews_total,2026-10-11,5,,not_collected,
3010850,Gears of War: E-Day,2026-10-06,post_launch_reviews_total,2026-10-12,6,,not_collected,
3010850,Gears of War: E-Day,2026-10-06,post_launch_reviews_total,2026-10-13,7,,not_collected,
2019620,GERONIMO,2026-07-10,pre_launch_wishlist_rank,2026-07-03,-7,,not_in_captured_wishlist_ranking,
2019620,GERONIMO,2026-07-10,pre_launch_wishlist_rank,2026-07-04,-6,,not_in_captured_wishlist_ranking,
2019620,GERONIMO,2026-07-10,pre_launch_wishlist_rank,2026-07-05,-5,,not_in_captured_wishlist_ranking,
2019620,GERONIMO,2026-07-10,pre_launch_wishlist_rank,2026-07-06,-4,797,ok,2026-07-06T04:31:47.397Z
2019620,GERONIMO,2026-07-10,pre_launch_wishlist_rank,2026-07-07,-3,794,ok,2026-07-07T05:48:04.813Z
2019620,GERONIMO,2026-07-10,pre_launch_wishlist_rank,2026-07-08,-2,789,ok,2026-07-08T04:50:41.299Z
2019620,GERONIMO,2026-07-10,pre_launch_wishlist_rank,2026-07-09,-1,786,ok,2026-07-09T05:46:21.155Z
2019620,GERONIMO,2026-07-10,post_launch_reviews_total,2026-07-10,0,0,ok,2026-07-10T05:43:57.377Z
2019620,GERONIMO,2026-07-10,post_launch_reviews_total,2026-07-11,1,,not_collected,
2019620,GERONIMO,2026-07-10,post_launch_reviews_total,2026-07-12,2,,not_collected,
2019620,GERONIMO,2026-07-10,post_launch_reviews_total,2026-07-13,3,,not_collected,
2019620,GERONIMO,2026-07-10,post_launch_reviews_total,2026-07-14,4,,not_collected,
2019620,GERONIMO,2026-07-10,post_launch_reviews_total,2026-07-15,5,,not_collected,
2019620,GERONIMO,2026-07-10,post_launch_reviews_total,2026-07-16,6,,not_collected,
2019620,GERONIMO,2026-07-10,post_launch_reviews_total,2026-07-17,7,,not_collected,
4752780,Girls vs Goblins,2026-07-10,pre_launch_wishlist_rank,2026-07-03,-7,,not_in_captured_wishlist_ranking,
4752780,Girls vs Goblins,2026-07-10,pre_launch_wishlist_rank,2026-07-04,-6,,not_in_captured_wishlist_ranking,
4752780,Girls vs Goblins,2026-07-10,pre_launch_wishlist_rank,2026-07-05,-5,,not_in_captured_wishlist_ranking,
4752780,Girls vs Goblins,2026-07-10,pre_launch_wishlist_rank,2026-07-06,-4,,not_in_captured_wishlist_ranking,
4752780,Girls vs Goblins,2026-07-10,pre_launch_wishlist_rank,2026-07-07,-3,,not_in_captured_wishlist_ranking,
4752780,Girls vs Goblins,2026-07-10,pre_launch_wishlist_rank,2026-07-08,-2,,not_in_captured_wishlist_ranking,
4752780,Girls vs Goblins,2026-07-10,pre_launch_wishlist_rank,2026-07-09,-1,,not_in_captured_wishlist_ranking,
4752780,Girls vs Goblins,2026-07-10,post_launch_reviews_total,2026-07-10,0,0,ok,2026-07-10T05:43:57.377Z
4752780,Girls vs Goblins,2026-07-10,post_launch_reviews_total,2026-07-11,1,,not_collected,
4752780,Girls vs Goblins,2026-07-10,post_launch_reviews_total,2026-07-12,2,,not_collected,
4752780,Girls vs Goblins,2026-07-10,post_launch_reviews_total,2026-07-13,3,,not_collected,
4752780,Girls vs Goblins,2026-07-10,post_launch_reviews_total,2026-07-14,4,,not_collected,
4752780,Girls vs Goblins,2026-07-10,post_launch_reviews_total,2026-07-15,5,,not_collected,
4752780,Girls vs Goblins,2026-07-10,post_launch_reviews_total,2026-07-16,6,,not_collected,
4752780,Girls vs Goblins,2026-07-10,post_launch_reviews_total,2026-07-17,7,,not_collected,
4450620,GRAIN ROT,2026-08-07,pre_launch_wishlist_rank,2026-07-31,-7,223,ok,2026-07-31T05:04:54.532Z
4450620,GRAIN ROT,2026-08-07,pre_launch_wishlist_rank,2026-08-01,-6,219,ok,2026-08-01T04:58:14.130Z
4450620,GRAIN ROT,2026-08-07,pre_launch_wishlist_rank,2026-08-02,-5,211,ok,2026-08-02T04:58:24.052Z
4450620,GRAIN ROT,2026-08-07,pre_launch_wishlist_rank,2026-08-03,-4,197,ok,2026-08-03T05:07:42.912Z
4450620,GRAIN ROT,2026-08-07,pre_launch_wishlist_rank,2026-08-04,-3,188,ok,2026-08-04T04:47:02.633Z
4450620,GRAIN ROT,2026-08-07,pre_launch_wishlist_rank,2026-08-05,-2,179,ok,2026-08-05T04:46:35.103Z
4450620,GRAIN ROT,2026-08-07,pre_launch_wishlist_rank,2026-08-06,-1,173,ok,2026-08-06T04:47:09.485Z
4450620,GRAIN ROT,2026-08-07,post_launch_reviews_total,2026-08-07,0,0,ok,2026-08-07T04:13:26.771Z
4450620,GRAIN ROT,2026-08-07,post_launch_reviews_total,2026-08-08,1,,not_collected,
4450620,GRAIN ROT,2026-08-07,post_launch_reviews_total,2026-08-09,2,,not_collected,
4450620,GRAIN ROT,2026-08-07,post_launch_reviews_total,2026-08-10,3,,not_collected,
4450620,GRAIN ROT,2026-08-07,post_launch_reviews_total,2026-08-11,4,,not_collected,
4450620,GRAIN ROT,2026-08-07,post_launch_reviews_total,2026-08-12,5,,not_collected,
4450620,GRAIN ROT,2026-08-07,post_launch_reviews_total,2026-08-13,6,,not_collected,
4450620,GRAIN ROT,2026-08-07,post_launch_reviews_total,2026-08-14,7,,not_collected,
4306890,Granblue Fantasy: Relink - Endless Ragnarok Upgrade Kit (Special Edition),2026-07-08,pre_launch_wishlist_rank,2026-07-01,-7,,not_collected,
4306890,Granblue Fantasy: Relink - Endless Ragnarok Upgrade Kit (Special Edition),2026-07-08,pre_launch_wishlist_rank,2026-07-02,-6,,not_collected,
4306890,Granblue Fantasy: Relink - Endless Ragnarok Upgrade Kit (Special Edition),2026-07-08,pre_launch_wishlist_rank,2026-07-03,-5,,not_in_captured_wishlist_ranking,
4306890,Granblue Fantasy: Relink - Endless Ragnarok Upgrade Kit (Special Edition),2026-07-08,pre_launch_wishlist_rank,2026-07-04,-4,,not_in_captured_wishlist_ranking,
4306890,Granblue Fantasy: Relink - Endless Ragnarok Upgrade Kit (Special Edition),2026-07-08,pre_launch_wishlist_rank,2026-07-05,-3,,not_in_captured_wishlist_ranking,
4306890,Granblue Fantasy: Relink - Endless Ragnarok Upgrade Kit (Special Edition),2026-07-08,pre_launch_wishlist_rank,2026-07-06,-2,383,ok,2026-07-06T04:31:47.397Z
4306890,Granblue Fantasy: Relink - Endless Ragnarok Upgrade Kit (Special Edition),2026-07-08,pre_launch_wishlist_rank,2026-07-07,-1,379,ok,2026-07-07T05:48:04.813Z
4306890,Granblue Fantasy: Relink - Endless Ragnarok Upgrade Kit (Special Edition),2026-07-08,post_launch_reviews_total,2026-07-08,0,0,ok,2026-07-08T04:50:41.299Z
4306890,Granblue Fantasy: Relink - Endless Ragnarok Upgrade Kit (Special Edition),2026-07-08,post_launch_reviews_total,2026-07-09,1,,not_collected,
4306890,Granblue Fantasy: Relink - Endless Ragnarok Upgrade Kit (Special Edition),2026-07-08,post_launch_reviews_total,2026-07-10,2,,not_collected,
4306890,Granblue Fantasy: Relink - Endless Ragnarok Upgrade Kit (Special Edition),2026-07-08,post_launch_reviews_total,2026-07-11,3,,not_collected,
4306890,Granblue Fantasy: Relink - Endless Ragnarok Upgrade Kit (Special Edition),2026-07-08,post_launch_reviews_total,2026-07-12,4,,not_collected,
4306890,Granblue Fantasy: Relink - Endless Ragnarok Upgrade Kit (Special Edition),2026-07-08,post_launch_reviews_total,2026-07-13,5,,not_collected,
4306890,Granblue Fantasy: Relink - Endless Ragnarok Upgrade Kit (Special Edition),2026-07-08,post_launch_reviews_total,2026-07-14,6,,not_collected,
4306890,Granblue Fantasy: Relink - Endless Ragnarok Upgrade Kit (Special Edition),2026-07-08,post_launch_reviews_total,2026-07-15,7,,not_collected,
3839790,Granblue Fantasy: Relink - Endless Ragnarok Upgrade Kit (Standard Edition),2026-07-08,pre_launch_wishlist_rank,2026-07-01,-7,,not_collected,
3839790,Granblue Fantasy: Relink - Endless Ragnarok Upgrade Kit (Standard Edition),2026-07-08,pre_launch_wishlist_rank,2026-07-02,-6,,not_collected,
3839790,Granblue Fantasy: Relink - Endless Ragnarok Upgrade Kit (Standard Edition),2026-07-08,pre_launch_wishlist_rank,2026-07-03,-5,,not_in_captured_wishlist_ranking,
3839790,Granblue Fantasy: Relink - Endless Ragnarok Upgrade Kit (Standard Edition),2026-07-08,pre_launch_wishlist_rank,2026-07-04,-4,,not_in_captured_wishlist_ranking,
3839790,Granblue Fantasy: Relink - Endless Ragnarok Upgrade Kit (Standard Edition),2026-07-08,pre_launch_wishlist_rank,2026-07-05,-3,,not_in_captured_wishlist_ranking,
3839790,Granblue Fantasy: Relink - Endless Ragnarok Upgrade Kit (Standard Edition),2026-07-08,pre_launch_wishlist_rank,2026-07-06,-2,373,ok,2026-07-06T04:31:47.397Z
3839790,Granblue Fantasy: Relink - Endless Ragnarok Upgrade Kit (Standard Edition),2026-07-08,pre_launch_wishlist_rank,2026-07-07,-1,364,ok,2026-07-07T05:48:04.813Z
3839790,Granblue Fantasy: Relink - Endless Ragnarok Upgrade Kit (Standard Edition),2026-07-08,post_launch_reviews_total,2026-07-08,0,0,ok,2026-07-08T04:50:41.299Z
3839790,Granblue Fantasy: Relink - Endless Ragnarok Upgrade Kit (Standard Edition),2026-07-08,post_launch_reviews_total,2026-07-09,1,,not_collected,
3839790,Granblue Fantasy: Relink - Endless Ragnarok Upgrade Kit (Standard Edition),2026-07-08,post_launch_reviews_total,2026-07-10,2,,not_collected,
3839790,Granblue Fantasy: Relink - Endless Ragnarok Upgrade Kit (Standard Edition),2026-07-08,post_launch_reviews_total,2026-07-11,3,,not_collected,
3839790,Granblue Fantasy: Relink - Endless Ragnarok Upgrade Kit (Standard Edition),2026-07-08,post_launch_reviews_total,2026-07-12,4,,not_collected,
3839790,Granblue Fantasy: Relink - Endless Ragnarok Upgrade Kit (Standard Edition),2026-07-08,post_launch_reviews_total,2026-07-13,5,,not_collected,
3839790,Granblue Fantasy: Relink - Endless Ragnarok Upgrade Kit (Standard Edition),2026-07-08,post_launch_reviews_total,2026-07-14,6,,not_collected,
3839790,Granblue Fantasy: Relink - Endless Ragnarok Upgrade Kit (Standard Edition),2026-07-08,post_launch_reviews_total,2026-07-15,7,,not_collected,
4358690,Graveyard Keeper 2,2026-09-22,pre_launch_wishlist_rank,2026-09-15,-7,,not_collected,
4358690,Graveyard Keeper 2,2026-09-22,pre_launch_wishlist_rank,2026-09-16,-6,,not_collected,
4358690,Graveyard Keeper 2,2026-09-22,pre_launch_wishlist_rank,2026-09-17,-5,,not_collected,
4358690,Graveyard Keeper 2,2026-09-22,pre_launch_wishlist_rank,2026-09-18,-4,,not_collected,
4358690,Graveyard Keeper 2,2026-09-22,pre_launch_wishlist_rank,2026-09-19,-3,,not_collected,
4358690,Graveyard Keeper 2,2026-09-22,pre_launch_wishlist_rank,2026-09-20,-2,,not_collected,
4358690,Graveyard Keeper 2,2026-09-22,pre_launch_wishlist_rank,2026-09-21,-1,,not_collected,
4358690,Graveyard Keeper 2,2026-09-22,post_launch_reviews_total,2026-09-22,0,,not_collected,
4358690,Graveyard Keeper 2,2026-09-22,post_launch_reviews_total,2026-09-23,1,,not_collected,
4358690,Graveyard Keeper 2,2026-09-22,post_launch_reviews_total,2026-09-24,2,,not_collected,
4358690,Graveyard Keeper 2,2026-09-22,post_launch_reviews_total,2026-09-25,3,,not_collected,
4358690,Graveyard Keeper 2,2026-09-22,post_launch_reviews_total,2026-09-26,4,,not_collected,
4358690,Graveyard Keeper 2,2026-09-22,post_launch_reviews_total,2026-09-27,5,,not_collected,
4358690,Graveyard Keeper 2,2026-09-22,post_launch_reviews_total,2026-09-28,6,,not_collected,
4358690,Graveyard Keeper 2,2026-09-22,post_launch_reviews_total,2026-09-29,7,,not_collected,
2699230,Grim Dawn - Fangs of Asterkarn,2026-07-23,pre_launch_wishlist_rank,2026-07-16,-7,493,ok,2026-07-16T04:42:31.378Z
2699230,Grim Dawn - Fangs of Asterkarn,2026-07-23,pre_launch_wishlist_rank,2026-07-17,-6,480,ok,2026-07-17T04:45:39.030Z
2699230,Grim Dawn - Fangs of Asterkarn,2026-07-23,pre_launch_wishlist_rank,2026-07-18,-5,466,ok,2026-07-18T04:29:54.503Z
2699230,Grim Dawn - Fangs of Asterkarn,2026-07-23,pre_launch_wishlist_rank,2026-07-19,-4,459,ok,2026-07-19T04:54:49.781Z
2699230,Grim Dawn - Fangs of Asterkarn,2026-07-23,pre_launch_wishlist_rank,2026-07-20,-3,450,ok,2026-07-20T05:09:45.900Z
2699230,Grim Dawn - Fangs of Asterkarn,2026-07-23,pre_launch_wishlist_rank,2026-07-21,-2,418,ok,2026-07-21T04:50:39.944Z
2699230,Grim Dawn - Fangs of Asterkarn,2026-07-23,pre_launch_wishlist_rank,2026-07-22,-1,406,ok,2026-07-22T04:50:32.272Z
2699230,Grim Dawn - Fangs of Asterkarn,2026-07-23,post_launch_reviews_total,2026-07-23,0,0,ok,2026-07-23T04:56:12.842Z
2699230,Grim Dawn - Fangs of Asterkarn,2026-07-23,post_launch_reviews_total,2026-07-24,1,,not_collected,
2699230,Grim Dawn - Fangs of Asterkarn,2026-07-23,post_launch_reviews_total,2026-07-25,2,,not_collected,
2699230,Grim Dawn - Fangs of Asterkarn,2026-07-23,post_launch_reviews_total,2026-07-26,3,,not_collected,
2699230,Grim Dawn - Fangs of Asterkarn,2026-07-23,post_launch_reviews_total,2026-07-27,4,,not_collected,
2699230,Grim Dawn - Fangs of Asterkarn,2026-07-23,post_launch_reviews_total,2026-07-28,5,,not_collected,
2699230,Grim Dawn - Fangs of Asterkarn,2026-07-23,post_launch_reviews_total,2026-07-29,6,,not_collected,
2699230,Grim Dawn - Fangs of Asterkarn,2026-07-23,post_launch_reviews_total,2026-07-30,7,,not_collected,
2621930,Grim Trials,2026-08-20,pre_launch_wishlist_rank,2026-08-13,-7,1582,ok,2026-08-13T03:51:51.678Z
2621930,Grim Trials,2026-08-20,pre_launch_wishlist_rank,2026-08-14,-6,1566,ok,2026-08-14T03:41:13.555Z
2621930,Grim Trials,2026-08-20,pre_launch_wishlist_rank,2026-08-15,-5,1560,ok,2026-08-15T02:36:13.648Z
2621930,Grim Trials,2026-08-20,pre_launch_wishlist_rank,2026-08-16,-4,1560,ok,2026-08-16T02:45:28.861Z
2621930,Grim Trials,2026-08-20,pre_launch_wishlist_rank,2026-08-17,-3,1557,ok,2026-08-17T02:45:10.258Z
2621930,Grim Trials,2026-08-20,pre_launch_wishlist_rank,2026-08-18,-2,1544,ok,2026-08-18T02:39:27.140Z
2621930,Grim Trials,2026-08-20,pre_launch_wishlist_rank,2026-08-19,-1,1533,ok,2026-08-19T02:42:36.358Z
2621930,Grim Trials,2026-08-20,post_launch_reviews_total,2026-08-20,0,0,ok,2026-08-20T02:40:42.136Z
2621930,Grim Trials,2026-08-20,post_launch_reviews_total,2026-08-21,1,,not_collected,
2621930,Grim Trials,2026-08-20,post_launch_reviews_total,2026-08-22,2,,not_collected,
2621930,Grim Trials,2026-08-20,post_launch_reviews_total,2026-08-23,3,,not_collected,
2621930,Grim Trials,2026-08-20,post_launch_reviews_total,2026-08-24,4,,not_collected,
2621930,Grim Trials,2026-08-20,post_launch_reviews_total,2026-08-25,5,,not_collected,
2621930,Grim Trials,2026-08-20,post_launch_reviews_total,2026-08-26,6,,not_collected,
2621930,Grim Trials,2026-08-20,post_launch_reviews_total,2026-08-27,7,,not_collected,
3724710,Gunstoppable,2026-08-05,pre_launch_wishlist_rank,2026-07-29,-7,,not_in_captured_wishlist_ranking,
3724710,Gunstoppable,2026-08-05,pre_launch_wishlist_rank,2026-07-30,-6,,not_in_captured_wishlist_ranking,
3724710,Gunstoppable,2026-08-05,pre_launch_wishlist_rank,2026-07-31,-5,,not_in_captured_wishlist_ranking,
3724710,Gunstoppable,2026-08-05,pre_launch_wishlist_rank,2026-08-01,-4,,not_in_captured_wishlist_ranking,
3724710,Gunstoppable,2026-08-05,pre_launch_wishlist_rank,2026-08-02,-3,,not_in_captured_wishlist_ranking,
3724710,Gunstoppable,2026-08-05,pre_launch_wishlist_rank,2026-08-03,-2,1908,ok,2026-08-03T05:07:42.912Z
3724710,Gunstoppable,2026-08-05,pre_launch_wishlist_rank,2026-08-04,-1,1834,ok,2026-08-04T04:47:02.633Z
3724710,Gunstoppable,2026-08-05,post_launch_reviews_total,2026-08-05,0,0,ok,2026-08-05T04:46:35.103Z
3724710,Gunstoppable,2026-08-05,post_launch_reviews_total,2026-08-06,1,,not_collected,
3724710,Gunstoppable,2026-08-05,post_launch_reviews_total,2026-08-07,2,,not_collected,
3724710,Gunstoppable,2026-08-05,post_launch_reviews_total,2026-08-08,3,,not_collected,
3724710,Gunstoppable,2026-08-05,post_launch_reviews_total,2026-08-09,4,,not_collected,
3724710,Gunstoppable,2026-08-05,post_launch_reviews_total,2026-08-10,5,,not_collected,
3724710,Gunstoppable,2026-08-05,post_launch_reviews_total,2026-08-11,6,,not_collected,
3724710,Gunstoppable,2026-08-05,post_launch_reviews_total,2026-08-12,7,,not_collected,
4282450,Gunvolt Chronicles: Luminous Avenger iX 1+2 Dual Collection,2026-07-09,pre_launch_wishlist_rank,2026-07-02,-7,,not_collected,
4282450,Gunvolt Chronicles: Luminous Avenger iX 1+2 Dual Collection,2026-07-09,pre_launch_wishlist_rank,2026-07-03,-6,,not_in_captured_wishlist_ranking,
4282450,Gunvolt Chronicles: Luminous Avenger iX 1+2 Dual Collection,2026-07-09,pre_launch_wishlist_rank,2026-07-04,-5,,not_in_captured_wishlist_ranking,
4282450,Gunvolt Chronicles: Luminous Avenger iX 1+2 Dual Collection,2026-07-09,pre_launch_wishlist_rank,2026-07-05,-4,,not_in_captured_wishlist_ranking,
4282450,Gunvolt Chronicles: Luminous Avenger iX 1+2 Dual Collection,2026-07-09,pre_launch_wishlist_rank,2026-07-06,-3,,not_in_captured_wishlist_ranking,
4282450,Gunvolt Chronicles: Luminous Avenger iX 1+2 Dual Collection,2026-07-09,pre_launch_wishlist_rank,2026-07-07,-2,,not_in_captured_wishlist_ranking,
4282450,Gunvolt Chronicles: Luminous Avenger iX 1+2 Dual Collection,2026-07-09,pre_launch_wishlist_rank,2026-07-08,-1,,not_in_captured_wishlist_ranking,
4282450,Gunvolt Chronicles: Luminous Avenger iX 1+2 Dual Collection,2026-07-09,post_launch_reviews_total,2026-07-09,0,0,ok,2026-07-09T05:46:21.155Z
4282450,Gunvolt Chronicles: Luminous Avenger iX 1+2 Dual Collection,2026-07-09,post_launch_reviews_total,2026-07-10,1,,not_collected,
4282450,Gunvolt Chronicles: Luminous Avenger iX 1+2 Dual Collection,2026-07-09,post_launch_reviews_total,2026-07-11,2,,not_collected,
4282450,Gunvolt Chronicles: Luminous Avenger iX 1+2 Dual Collection,2026-07-09,post_launch_reviews_total,2026-07-12,3,,not_collected,
4282450,Gunvolt Chronicles: Luminous Avenger iX 1+2 Dual Collection,2026-07-09,post_launch_reviews_total,2026-07-13,4,,not_collected,
4282450,Gunvolt Chronicles: Luminous Avenger iX 1+2 Dual Collection,2026-07-09,post_launch_reviews_total,2026-07-14,5,,not_collected,
4282450,Gunvolt Chronicles: Luminous Avenger iX 1+2 Dual Collection,2026-07-09,post_launch_reviews_total,2026-07-15,6,,not_collected,
4282450,Gunvolt Chronicles: Luminous Avenger iX 1+2 Dual Collection,2026-07-09,post_launch_reviews_total,2026-07-16,7,,not_collected,
2191280,Gurei,2026-07-23,pre_launch_wishlist_rank,2026-07-16,-7,920,ok,2026-07-16T04:42:31.378Z
2191280,Gurei,2026-07-23,pre_launch_wishlist_rank,2026-07-17,-6,908,ok,2026-07-17T04:45:39.030Z
2191280,Gurei,2026-07-23,pre_launch_wishlist_rank,2026-07-18,-5,901,ok,2026-07-18T04:29:54.503Z
2191280,Gurei,2026-07-23,pre_launch_wishlist_rank,2026-07-19,-4,897,ok,2026-07-19T04:54:49.781Z
2191280,Gurei,2026-07-23,pre_launch_wishlist_rank,2026-07-20,-3,877,ok,2026-07-20T05:09:45.900Z
2191280,Gurei,2026-07-23,pre_launch_wishlist_rank,2026-07-21,-2,858,ok,2026-07-21T04:50:39.944Z
2191280,Gurei,2026-07-23,pre_launch_wishlist_rank,2026-07-22,-1,834,ok,2026-07-22T04:50:32.272Z
2191280,Gurei,2026-07-23,post_launch_reviews_total,2026-07-23,0,,not_collected,
2191280,Gurei,2026-07-23,post_launch_reviews_total,2026-07-24,1,,not_collected,
2191280,Gurei,2026-07-23,post_launch_reviews_total,2026-07-25,2,,not_collected,
2191280,Gurei,2026-07-23,post_launch_reviews_total,2026-07-26,3,,not_collected,
2191280,Gurei,2026-07-23,post_launch_reviews_total,2026-07-27,4,,not_collected,
2191280,Gurei,2026-07-23,post_launch_reviews_total,2026-07-28,5,,not_collected,
2191280,Gurei,2026-07-23,post_launch_reviews_total,2026-07-29,6,,not_collected,
2191280,Gurei,2026-07-23,post_launch_reviews_total,2026-07-30,7,,not_collected,
4677280,GUTTED: Infested Crypts,2026-08-17,pre_launch_wishlist_rank,2026-08-10,-7,,not_in_captured_wishlist_ranking,
4677280,GUTTED: Infested Crypts,2026-08-17,pre_launch_wishlist_rank,2026-08-11,-6,,not_in_captured_wishlist_ranking,
4677280,GUTTED: Infested Crypts,2026-08-17,pre_launch_wishlist_rank,2026-08-12,-5,,not_in_captured_wishlist_ranking,
4677280,GUTTED: Infested Crypts,2026-08-17,pre_launch_wishlist_rank,2026-08-13,-4,,not_in_captured_wishlist_ranking,
4677280,GUTTED: Infested Crypts,2026-08-17,pre_launch_wishlist_rank,2026-08-14,-3,,not_in_captured_wishlist_ranking,
4677280,GUTTED: Infested Crypts,2026-08-17,pre_launch_wishlist_rank,2026-08-15,-2,,not_in_captured_wishlist_ranking,
4677280,GUTTED: Infested Crypts,2026-08-17,pre_launch_wishlist_rank,2026-08-16,-1,,not_in_captured_wishlist_ranking,
4677280,GUTTED: Infested Crypts,2026-08-17,post_launch_reviews_total,2026-08-17,0,0,ok,2026-08-17T02:45:10.258Z
4677280,GUTTED: Infested Crypts,2026-08-17,post_launch_reviews_total,2026-08-18,1,,not_collected,
4677280,GUTTED: Infested Crypts,2026-08-17,post_launch_reviews_total,2026-08-19,2,,not_collected,
4677280,GUTTED: Infested Crypts,2026-08-17,post_launch_reviews_total,2026-08-20,3,,not_collected,
4677280,GUTTED: Infested Crypts,2026-08-17,post_launch_reviews_total,2026-08-21,4,,not_collected,
4677280,GUTTED: Infested Crypts,2026-08-17,post_launch_reviews_total,2026-08-22,5,,not_collected,
4677280,GUTTED: Infested Crypts,2026-08-17,post_launch_reviews_total,2026-08-23,6,,not_collected,
4677280,GUTTED: Infested Crypts,2026-08-17,post_launch_reviews_total,2026-08-24,7,,not_collected,
3219630,Halloween: The Game,2026-09-08,pre_launch_wishlist_rank,2026-09-01,-7,110,ok,2026-09-01T06:43:33.167Z
3219630,Halloween: The Game,2026-09-08,pre_launch_wishlist_rank,2026-09-02,-6,102,ok,2026-09-02T06:21:55.398Z
3219630,Halloween: The Game,2026-09-08,pre_launch_wishlist_rank,2026-09-03,-5,90,ok,2026-09-03T06:24:29.914Z
3219630,Halloween: The Game,2026-09-08,pre_launch_wishlist_rank,2026-09-04,-4,,not_collected,
3219630,Halloween: The Game,2026-09-08,pre_launch_wishlist_rank,2026-09-05,-3,,not_collected,
3219630,Halloween: The Game,2026-09-08,pre_launch_wishlist_rank,2026-09-06,-2,,not_collected,
3219630,Halloween: The Game,2026-09-08,pre_launch_wishlist_rank,2026-09-07,-1,,not_collected,
3219630,Halloween: The Game,2026-09-08,post_launch_reviews_total,2026-09-08,0,,not_collected,
3219630,Halloween: The Game,2026-09-08,post_launch_reviews_total,2026-09-09,1,,not_collected,
3219630,Halloween: The Game,2026-09-08,post_launch_reviews_total,2026-09-10,2,,not_collected,
3219630,Halloween: The Game,2026-09-08,post_launch_reviews_total,2026-09-11,3,,not_collected,
3219630,Halloween: The Game,2026-09-08,post_launch_reviews_total,2026-09-12,4,,not_collected,
3219630,Halloween: The Game,2026-09-08,post_launch_reviews_total,2026-09-13,5,,not_collected,
3219630,Halloween: The Game,2026-09-08,post_launch_reviews_total,2026-09-14,6,,not_collected,
3219630,Halloween: The Game,2026-09-08,post_launch_reviews_total,2026-09-15,7,,not_collected,
2806050,Halo: Campaign Evolved,2026-07-28,pre_launch_wishlist_rank,2026-07-21,-7,43,ok,2026-07-21T04:50:39.944Z
2806050,Halo: Campaign Evolved,2026-07-28,pre_launch_wishlist_rank,2026-07-22,-6,43,ok,2026-07-22T04:50:32.272Z
2806050,Halo: Campaign Evolved,2026-07-28,pre_launch_wishlist_rank,2026-07-23,-5,43,ok,2026-07-23T04:56:12.842Z
2806050,Halo: Campaign Evolved,2026-07-28,pre_launch_wishlist_rank,2026-07-24,-4,42,ok,2026-07-24T04:51:55.902Z
2806050,Halo: Campaign Evolved,2026-07-28,pre_launch_wishlist_rank,2026-07-25,-3,41,ok,2026-07-25T04:47:58.982Z
2806050,Halo: Campaign Evolved,2026-07-28,pre_launch_wishlist_rank,2026-07-26,-2,41,ok,2026-07-26T05:02:25.100Z
2806050,Halo: Campaign Evolved,2026-07-28,pre_launch_wishlist_rank,2026-07-27,-1,40,ok,2026-07-27T05:28:24.621Z
2806050,Halo: Campaign Evolved,2026-07-28,post_launch_reviews_total,2026-07-28,0,4842,ok,2026-07-28T04:45:52.627Z
2806050,Halo: Campaign Evolved,2026-07-28,post_launch_reviews_total,2026-07-29,1,,not_collected,
2806050,Halo: Campaign Evolved,2026-07-28,post_launch_reviews_total,2026-07-30,2,,not_collected,
2806050,Halo: Campaign Evolved,2026-07-28,post_launch_reviews_total,2026-07-31,3,,not_collected,
2806050,Halo: Campaign Evolved,2026-07-28,post_launch_reviews_total,2026-08-01,4,,not_collected,
2806050,Halo: Campaign Evolved,2026-07-28,post_launch_reviews_total,2026-08-02,5,,not_collected,
2806050,Halo: Campaign Evolved,2026-07-28,post_launch_reviews_total,2026-08-03,6,,not_collected,
2806050,Halo: Campaign Evolved,2026-07-28,post_launch_reviews_total,2026-08-04,7,,not_collected,
3453910,Happy's Humble Burger Cult,2026-07-16,pre_launch_wishlist_rank,2026-07-09,-7,873,ok,2026-07-09T05:46:21.155Z
3453910,Happy's Humble Burger Cult,2026-07-16,pre_launch_wishlist_rank,2026-07-10,-6,856,ok,2026-07-10T05:43:57.377Z
3453910,Happy's Humble Burger Cult,2026-07-16,pre_launch_wishlist_rank,2026-07-11,-5,840,ok,2026-07-11T04:45:57.358Z
3453910,Happy's Humble Burger Cult,2026-07-16,pre_launch_wishlist_rank,2026-07-12,-4,828,ok,2026-07-12T04:57:39.930Z
3453910,Happy's Humble Burger Cult,2026-07-16,pre_launch_wishlist_rank,2026-07-13,-3,806,ok,2026-07-13T05:04:37.802Z
3453910,Happy's Humble Burger Cult,2026-07-16,pre_launch_wishlist_rank,2026-07-14,-2,767,ok,2026-07-14T04:32:48.120Z
3453910,Happy's Humble Burger Cult,2026-07-16,pre_launch_wishlist_rank,2026-07-15,-1,757,ok,2026-07-15T04:32:45.763Z
3453910,Happy's Humble Burger Cult,2026-07-16,post_launch_reviews_total,2026-07-16,0,0,ok,2026-07-16T04:42:31.378Z
3453910,Happy's Humble Burger Cult,2026-07-16,post_launch_reviews_total,2026-07-17,1,,not_collected,
3453910,Happy's Humble Burger Cult,2026-07-16,post_launch_reviews_total,2026-07-18,2,,not_collected,
3453910,Happy's Humble Burger Cult,2026-07-16,post_launch_reviews_total,2026-07-19,3,,not_collected,
3453910,Happy's Humble Burger Cult,2026-07-16,post_launch_reviews_total,2026-07-20,4,,not_collected,
3453910,Happy's Humble Burger Cult,2026-07-16,post_launch_reviews_total,2026-07-21,5,,not_collected,
3453910,Happy's Humble Burger Cult,2026-07-16,post_launch_reviews_total,2026-07-22,6,,not_collected,
3453910,Happy's Humble Burger Cult,2026-07-16,post_launch_reviews_total,2026-07-23,7,,not_collected,
1070500,He Who Watches,2026-09-02,pre_launch_wishlist_rank,2026-08-26,-7,1877,ok,2026-08-26T02:50:15.789Z
1070500,He Who Watches,2026-09-02,pre_launch_wishlist_rank,2026-08-27,-6,1862,ok,2026-08-27T11:57:45.810Z
1070500,He Who Watches,2026-09-02,pre_launch_wishlist_rank,2026-08-28,-5,1848,ok,2026-08-28T13:19:41.332Z
1070500,He Who Watches,2026-09-02,pre_launch_wishlist_rank,2026-08-29,-4,1798,ok,2026-08-29T08:16:08.181Z
1070500,He Who Watches,2026-09-02,pre_launch_wishlist_rank,2026-08-30,-3,1766,ok,2026-08-30T07:17:27.365Z
1070500,He Who Watches,2026-09-02,pre_launch_wishlist_rank,2026-08-31,-2,1718,ok,2026-08-31T07:32:46.352Z
1070500,He Who Watches,2026-09-02,pre_launch_wishlist_rank,2026-09-01,-1,1668,ok,2026-09-01T06:43:33.167Z
1070500,He Who Watches,2026-09-02,post_launch_reviews_total,2026-09-02,0,0,ok,2026-09-02T06:21:55.398Z
1070500,He Who Watches,2026-09-02,post_launch_reviews_total,2026-09-03,1,,not_collected,
1070500,He Who Watches,2026-09-02,post_launch_reviews_total,2026-09-04,2,,not_collected,
1070500,He Who Watches,2026-09-02,post_launch_reviews_total,2026-09-05,3,,not_collected,
1070500,He Who Watches,2026-09-02,post_launch_reviews_total,2026-09-06,4,,not_collected,
1070500,He Who Watches,2026-09-02,post_launch_reviews_total,2026-09-07,5,,not_collected,
1070500,He Who Watches,2026-09-02,post_launch_reviews_total,2026-09-08,6,,not_collected,
1070500,He Who Watches,2026-09-02,post_launch_reviews_total,2026-09-09,7,,not_collected,
4315040,Hearth and Hamlet,2026-08-19,pre_launch_wishlist_rank,2026-08-12,-7,364,ok,2026-08-12T03:40:42.315Z
4315040,Hearth and Hamlet,2026-08-19,pre_launch_wishlist_rank,2026-08-13,-6,351,ok,2026-08-13T03:51:51.678Z
4315040,Hearth and Hamlet,2026-08-19,pre_launch_wishlist_rank,2026-08-14,-5,342,ok,2026-08-14T03:41:13.555Z
4315040,Hearth and Hamlet,2026-08-19,pre_launch_wishlist_rank,2026-08-15,-4,340,ok,2026-08-15T02:36:13.648Z
4315040,Hearth and Hamlet,2026-08-19,pre_launch_wishlist_rank,2026-08-16,-3,326,ok,2026-08-16T02:45:28.861Z
4315040,Hearth and Hamlet,2026-08-19,pre_launch_wishlist_rank,2026-08-17,-2,309,ok,2026-08-17T02:45:10.258Z
4315040,Hearth and Hamlet,2026-08-19,pre_launch_wishlist_rank,2026-08-18,-1,292,ok,2026-08-18T02:39:27.140Z
4315040,Hearth and Hamlet,2026-08-19,post_launch_reviews_total,2026-08-19,0,0,ok,2026-08-19T02:42:36.358Z
4315040,Hearth and Hamlet,2026-08-19,post_launch_reviews_total,2026-08-20,1,,not_collected,
4315040,Hearth and Hamlet,2026-08-19,post_launch_reviews_total,2026-08-21,2,,not_collected,
4315040,Hearth and Hamlet,2026-08-19,post_launch_reviews_total,2026-08-22,3,,not_collected,
4315040,Hearth and Hamlet,2026-08-19,post_launch_reviews_total,2026-08-23,4,,not_collected,
4315040,Hearth and Hamlet,2026-08-19,post_launch_reviews_total,2026-08-24,5,,not_collected,
4315040,Hearth and Hamlet,2026-08-19,post_launch_reviews_total,2026-08-25,6,,not_collected,
4315040,Hearth and Hamlet,2026-08-19,post_launch_reviews_total,2026-08-26,7,,not_collected,
3774910,Hell Clock: Cursed War,2026-07-09,pre_launch_wishlist_rank,2026-07-02,-7,,not_collected,
3774910,Hell Clock: Cursed War,2026-07-09,pre_launch_wishlist_rank,2026-07-03,-6,,not_in_captured_wishlist_ranking,
3774910,Hell Clock: Cursed War,2026-07-09,pre_launch_wishlist_rank,2026-07-04,-5,,not_in_captured_wishlist_ranking,
3774910,Hell Clock: Cursed War,2026-07-09,pre_launch_wishlist_rank,2026-07-05,-4,,not_in_captured_wishlist_ranking,
3774910,Hell Clock: Cursed War,2026-07-09,pre_launch_wishlist_rank,2026-07-06,-3,,not_in_captured_wishlist_ranking,
3774910,Hell Clock: Cursed War,2026-07-09,pre_launch_wishlist_rank,2026-07-07,-2,,not_in_captured_wishlist_ranking,
3774910,Hell Clock: Cursed War,2026-07-09,pre_launch_wishlist_rank,2026-07-08,-1,,not_in_captured_wishlist_ranking,
3774910,Hell Clock: Cursed War,2026-07-09,post_launch_reviews_total,2026-07-09,0,0,ok,2026-07-09T05:46:21.155Z
3774910,Hell Clock: Cursed War,2026-07-09,post_launch_reviews_total,2026-07-10,1,,not_collected,
3774910,Hell Clock: Cursed War,2026-07-09,post_launch_reviews_total,2026-07-11,2,,not_collected,
3774910,Hell Clock: Cursed War,2026-07-09,post_launch_reviews_total,2026-07-12,3,,not_collected,
3774910,Hell Clock: Cursed War,2026-07-09,post_launch_reviews_total,2026-07-13,4,,not_collected,
3774910,Hell Clock: Cursed War,2026-07-09,post_launch_reviews_total,2026-07-14,5,,not_collected,
3774910,Hell Clock: Cursed War,2026-07-09,post_launch_reviews_total,2026-07-15,6,,not_collected,
3774910,Hell Clock: Cursed War,2026-07-09,post_launch_reviews_total,2026-07-16,7,,not_collected,
3079210,Hell Let Loose: Vietnam,2026-08-13,pre_launch_wishlist_rank,2026-08-06,-7,28,ok,2026-08-06T04:47:09.485Z
3079210,Hell Let Loose: Vietnam,2026-08-13,pre_launch_wishlist_rank,2026-08-07,-6,27,ok,2026-08-07T04:13:26.771Z
3079210,Hell Let Loose: Vietnam,2026-08-13,pre_launch_wishlist_rank,2026-08-08,-5,27,ok,2026-08-08T03:11:38.214Z
3079210,Hell Let Loose: Vietnam,2026-08-13,pre_launch_wishlist_rank,2026-08-09,-4,27,ok,2026-08-09T03:19:17.318Z
3079210,Hell Let Loose: Vietnam,2026-08-13,pre_launch_wishlist_rank,2026-08-10,-3,26,ok,2026-08-10T03:29:07.136Z
3079210,Hell Let Loose: Vietnam,2026-08-13,pre_launch_wishlist_rank,2026-08-11,-2,26,ok,2026-08-11T03:21:55.619Z
3079210,Hell Let Loose: Vietnam,2026-08-13,pre_launch_wishlist_rank,2026-08-12,-1,25,ok,2026-08-12T03:40:42.315Z
3079210,Hell Let Loose: Vietnam,2026-08-13,post_launch_reviews_total,2026-08-13,0,0,ok,2026-08-13T03:51:51.678Z
3079210,Hell Let Loose: Vietnam,2026-08-13,post_launch_reviews_total,2026-08-14,1,,not_collected,
3079210,Hell Let Loose: Vietnam,2026-08-13,post_launch_reviews_total,2026-08-15,2,,not_collected,
3079210,Hell Let Loose: Vietnam,2026-08-13,post_launch_reviews_total,2026-08-16,3,,not_collected,
3079210,Hell Let Loose: Vietnam,2026-08-13,post_launch_reviews_total,2026-08-17,4,,not_collected,
3079210,Hell Let Loose: Vietnam,2026-08-13,post_launch_reviews_total,2026-08-18,5,,not_collected,
3079210,Hell Let Loose: Vietnam,2026-08-13,post_launch_reviews_total,2026-08-19,6,,not_collected,
3079210,Hell Let Loose: Vietnam,2026-08-13,post_launch_reviews_total,2026-08-20,7,,not_collected,
3372060,Hell Maiden,2026-07-16,pre_launch_wishlist_rank,2026-07-09,-7,579,ok,2026-07-09T05:46:21.155Z
3372060,Hell Maiden,2026-07-16,pre_launch_wishlist_rank,2026-07-10,-6,571,ok,2026-07-10T05:43:57.377Z
3372060,Hell Maiden,2026-07-16,pre_launch_wishlist_rank,2026-07-11,-5,566,ok,2026-07-11T04:45:57.358Z
3372060,Hell Maiden,2026-07-16,pre_launch_wishlist_rank,2026-07-12,-4,558,ok,2026-07-12T04:57:39.930Z
3372060,Hell Maiden,2026-07-16,pre_launch_wishlist_rank,2026-07-13,-3,548,ok,2026-07-13T05:04:37.802Z
3372060,Hell Maiden,2026-07-16,pre_launch_wishlist_rank,2026-07-14,-2,531,ok,2026-07-14T04:32:48.120Z
3372060,Hell Maiden,2026-07-16,pre_launch_wishlist_rank,2026-07-15,-1,525,ok,2026-07-15T04:32:45.763Z
3372060,Hell Maiden,2026-07-16,post_launch_reviews_total,2026-07-16,0,0,ok,2026-07-16T04:42:31.378Z
3372060,Hell Maiden,2026-07-16,post_launch_reviews_total,2026-07-17,1,,not_collected,
3372060,Hell Maiden,2026-07-16,post_launch_reviews_total,2026-07-18,2,,not_collected,
3372060,Hell Maiden,2026-07-16,post_launch_reviews_total,2026-07-19,3,,not_collected,
3372060,Hell Maiden,2026-07-16,post_launch_reviews_total,2026-07-20,4,,not_collected,
3372060,Hell Maiden,2026-07-16,post_launch_reviews_total,2026-07-21,5,,not_collected,
3372060,Hell Maiden,2026-07-16,post_launch_reviews_total,2026-07-22,6,,not_collected,
3372060,Hell Maiden,2026-07-16,post_launch_reviews_total,2026-07-23,7,,not_collected,
3399900,HellSlave II: Judgment of the Archon,2026-08-04,pre_launch_wishlist_rank,2026-07-28,-7,1100,ok,2026-07-28T04:45:52.627Z
3399900,HellSlave II: Judgment of the Archon,2026-08-04,pre_launch_wishlist_rank,2026-07-29,-6,1083,ok,2026-07-29T04:50:58.767Z
3399900,HellSlave II: Judgment of the Archon,2026-08-04,pre_launch_wishlist_rank,2026-07-30,-5,1070,ok,2026-07-30T04:38:29.620Z
3399900,HellSlave II: Judgment of the Archon,2026-08-04,pre_launch_wishlist_rank,2026-07-31,-4,1057,ok,2026-07-31T05:04:54.532Z
3399900,HellSlave II: Judgment of the Archon,2026-08-04,pre_launch_wishlist_rank,2026-08-01,-3,1040,ok,2026-08-01T04:58:14.130Z
3399900,HellSlave II: Judgment of the Archon,2026-08-04,pre_launch_wishlist_rank,2026-08-02,-2,1024,ok,2026-08-02T04:58:24.052Z
3399900,HellSlave II: Judgment of the Archon,2026-08-04,pre_launch_wishlist_rank,2026-08-03,-1,992,ok,2026-08-03T05:07:42.912Z
3399900,HellSlave II: Judgment of the Archon,2026-08-04,post_launch_reviews_total,2026-08-04,0,0,ok,2026-08-04T04:47:02.633Z
3399900,HellSlave II: Judgment of the Archon,2026-08-04,post_launch_reviews_total,2026-08-05,1,,not_collected,
3399900,HellSlave II: Judgment of the Archon,2026-08-04,post_launch_reviews_total,2026-08-06,2,,not_collected,
3399900,HellSlave II: Judgment of the Archon,2026-08-04,post_launch_reviews_total,2026-08-07,3,,not_collected,
3399900,HellSlave II: Judgment of the Archon,2026-08-04,post_launch_reviews_total,2026-08-08,4,,not_collected,
3399900,HellSlave II: Judgment of the Archon,2026-08-04,post_launch_reviews_total,2026-08-09,5,,not_collected,
3399900,HellSlave II: Judgment of the Archon,2026-08-04,post_launch_reviews_total,2026-08-10,6,,not_collected,
3399900,HellSlave II: Judgment of the Archon,2026-08-04,post_launch_reviews_total,2026-08-11,7,,not_collected,
3566760,Herb's Homegrown Havoc,2026-07-06,pre_launch_wishlist_rank,2026-06-29,-7,,not_collected,
3566760,Herb's Homegrown Havoc,2026-07-06,pre_launch_wishlist_rank,2026-06-30,-6,,not_collected,
3566760,Herb's Homegrown Havoc,2026-07-06,pre_launch_wishlist_rank,2026-07-01,-5,,not_collected,
3566760,Herb's Homegrown Havoc,2026-07-06,pre_launch_wishlist_rank,2026-07-02,-4,,not_collected,
3566760,Herb's Homegrown Havoc,2026-07-06,pre_launch_wishlist_rank,2026-07-03,-3,,not_in_captured_wishlist_ranking,
3566760,Herb's Homegrown Havoc,2026-07-06,pre_launch_wishlist_rank,2026-07-04,-2,,not_in_captured_wishlist_ranking,
3566760,Herb's Homegrown Havoc,2026-07-06,pre_launch_wishlist_rank,2026-07-05,-1,,not_in_captured_wishlist_ranking,
3566760,Herb's Homegrown Havoc,2026-07-06,post_launch_reviews_total,2026-07-06,0,0,ok,2026-07-06T04:31:47.397Z
3566760,Herb's Homegrown Havoc,2026-07-06,post_launch_reviews_total,2026-07-07,1,,not_collected,
3566760,Herb's Homegrown Havoc,2026-07-06,post_launch_reviews_total,2026-07-08,2,,not_collected,
3566760,Herb's Homegrown Havoc,2026-07-06,post_launch_reviews_total,2026-07-09,3,,not_collected,
3566760,Herb's Homegrown Havoc,2026-07-06,post_launch_reviews_total,2026-07-10,4,,not_collected,
3566760,Herb's Homegrown Havoc,2026-07-06,post_launch_reviews_total,2026-07-11,5,,not_collected,
3566760,Herb's Homegrown Havoc,2026-07-06,post_launch_reviews_total,2026-07-12,6,,not_collected,
3566760,Herb's Homegrown Havoc,2026-07-06,post_launch_reviews_total,2026-07-13,7,,not_collected,
2251220,High Times - Dating/Cooking Sim,2026-07-23,pre_launch_wishlist_rank,2026-07-16,-7,1264,ok,2026-07-16T04:42:31.378Z
2251220,High Times - Dating/Cooking Sim,2026-07-23,pre_launch_wishlist_rank,2026-07-17,-6,1237,ok,2026-07-17T04:45:39.030Z
2251220,High Times - Dating/Cooking Sim,2026-07-23,pre_launch_wishlist_rank,2026-07-18,-5,1226,ok,2026-07-18T04:29:54.503Z
2251220,High Times - Dating/Cooking Sim,2026-07-23,pre_launch_wishlist_rank,2026-07-19,-4,1207,ok,2026-07-19T04:54:49.781Z
2251220,High Times - Dating/Cooking Sim,2026-07-23,pre_launch_wishlist_rank,2026-07-20,-3,1172,ok,2026-07-20T05:09:45.900Z
2251220,High Times - Dating/Cooking Sim,2026-07-23,pre_launch_wishlist_rank,2026-07-21,-2,1134,ok,2026-07-21T04:50:39.944Z
2251220,High Times - Dating/Cooking Sim,2026-07-23,pre_launch_wishlist_rank,2026-07-22,-1,1099,ok,2026-07-22T04:50:32.272Z
2251220,High Times - Dating/Cooking Sim,2026-07-23,post_launch_reviews_total,2026-07-23,0,0,ok,2026-07-23T04:56:12.842Z
2251220,High Times - Dating/Cooking Sim,2026-07-23,post_launch_reviews_total,2026-07-24,1,,not_collected,
2251220,High Times - Dating/Cooking Sim,2026-07-23,post_launch_reviews_total,2026-07-25,2,,not_collected,
2251220,High Times - Dating/Cooking Sim,2026-07-23,post_launch_reviews_total,2026-07-26,3,,not_collected,
2251220,High Times - Dating/Cooking Sim,2026-07-23,post_launch_reviews_total,2026-07-27,4,,not_collected,
2251220,High Times - Dating/Cooking Sim,2026-07-23,post_launch_reviews_total,2026-07-28,5,,not_collected,
2251220,High Times - Dating/Cooking Sim,2026-07-23,post_launch_reviews_total,2026-07-29,6,,not_collected,
2251220,High Times - Dating/Cooking Sim,2026-07-23,post_launch_reviews_total,2026-07-30,7,,not_collected,
3553250,Holey,2026-08-12,pre_launch_wishlist_rank,2026-08-05,-7,,not_in_captured_wishlist_ranking,
3553250,Holey,2026-08-12,pre_launch_wishlist_rank,2026-08-06,-6,,not_in_captured_wishlist_ranking,
3553250,Holey,2026-08-12,pre_launch_wishlist_rank,2026-08-07,-5,,not_in_captured_wishlist_ranking,
3553250,Holey,2026-08-12,pre_launch_wishlist_rank,2026-08-08,-4,,not_in_captured_wishlist_ranking,
3553250,Holey,2026-08-12,pre_launch_wishlist_rank,2026-08-09,-3,,not_in_captured_wishlist_ranking,
3553250,Holey,2026-08-12,pre_launch_wishlist_rank,2026-08-10,-2,,not_in_captured_wishlist_ranking,
3553250,Holey,2026-08-12,pre_launch_wishlist_rank,2026-08-11,-1,,not_in_captured_wishlist_ranking,
3553250,Holey,2026-08-12,post_launch_reviews_total,2026-08-12,0,0,ok,2026-08-12T03:40:42.315Z
3553250,Holey,2026-08-12,post_launch_reviews_total,2026-08-13,1,,not_collected,
3553250,Holey,2026-08-12,post_launch_reviews_total,2026-08-14,2,,not_collected,
3553250,Holey,2026-08-12,post_launch_reviews_total,2026-08-15,3,,not_collected,
3553250,Holey,2026-08-12,post_launch_reviews_total,2026-08-16,4,,not_collected,
3553250,Holey,2026-08-12,post_launch_reviews_total,2026-08-17,5,,not_collected,
3553250,Holey,2026-08-12,post_launch_reviews_total,2026-08-18,6,,not_collected,
3553250,Holey,2026-08-12,post_launch_reviews_total,2026-08-19,7,,not_collected,
4282500,hololive Dreams,2026-07-22,pre_launch_wishlist_rank,2026-07-15,-7,1386,ok,2026-07-15T04:32:45.763Z
4282500,hololive Dreams,2026-07-22,pre_launch_wishlist_rank,2026-07-16,-6,1374,ok,2026-07-16T04:42:31.378Z
4282500,hololive Dreams,2026-07-22,pre_launch_wishlist_rank,2026-07-17,-5,1358,ok,2026-07-17T04:45:39.030Z
4282500,hololive Dreams,2026-07-22,pre_launch_wishlist_rank,2026-07-18,-4,1345,ok,2026-07-18T04:29:54.503Z
4282500,hololive Dreams,2026-07-22,pre_launch_wishlist_rank,2026-07-19,-3,1333,ok,2026-07-19T04:54:49.781Z
4282500,hololive Dreams,2026-07-22,pre_launch_wishlist_rank,2026-07-20,-2,1323,ok,2026-07-20T05:09:45.900Z
4282500,hololive Dreams,2026-07-22,pre_launch_wishlist_rank,2026-07-21,-1,1195,ok,2026-07-21T04:50:39.944Z
4282500,hololive Dreams,2026-07-22,post_launch_reviews_total,2026-07-22,0,,not_collected,
4282500,hololive Dreams,2026-07-22,post_launch_reviews_total,2026-07-23,1,,not_collected,
4282500,hololive Dreams,2026-07-22,post_launch_reviews_total,2026-07-24,2,,not_collected,
4282500,hololive Dreams,2026-07-22,post_launch_reviews_total,2026-07-25,3,,not_collected,
4282500,hololive Dreams,2026-07-22,post_launch_reviews_total,2026-07-26,4,,not_collected,
4282500,hololive Dreams,2026-07-22,post_launch_reviews_total,2026-07-27,5,,not_collected,
4282500,hololive Dreams,2026-07-22,post_launch_reviews_total,2026-07-28,6,,not_collected,
4282500,hololive Dreams,2026-07-22,post_launch_reviews_total,2026-07-29,7,,not_collected,
1510440,Honeycomb: The World Beyond,2026-09-08,pre_launch_wishlist_rank,2026-09-01,-7,268,ok,2026-09-01T06:43:33.167Z
1510440,Honeycomb: The World Beyond,2026-09-08,pre_launch_wishlist_rank,2026-09-02,-6,265,ok,2026-09-02T06:21:55.398Z
1510440,Honeycomb: The World Beyond,2026-09-08,pre_launch_wishlist_rank,2026-09-03,-5,262,ok,2026-09-03T06:24:29.914Z
1510440,Honeycomb: The World Beyond,2026-09-08,pre_launch_wishlist_rank,2026-09-04,-4,,not_collected,
1510440,Honeycomb: The World Beyond,2026-09-08,pre_launch_wishlist_rank,2026-09-05,-3,,not_collected,
1510440,Honeycomb: The World Beyond,2026-09-08,pre_launch_wishlist_rank,2026-09-06,-2,,not_collected,
1510440,Honeycomb: The World Beyond,2026-09-08,pre_launch_wishlist_rank,2026-09-07,-1,,not_collected,
1510440,Honeycomb: The World Beyond,2026-09-08,post_launch_reviews_total,2026-09-08,0,,not_collected,
1510440,Honeycomb: The World Beyond,2026-09-08,post_launch_reviews_total,2026-09-09,1,,not_collected,
1510440,Honeycomb: The World Beyond,2026-09-08,post_launch_reviews_total,2026-09-10,2,,not_collected,
1510440,Honeycomb: The World Beyond,2026-09-08,post_launch_reviews_total,2026-09-11,3,,not_collected,
1510440,Honeycomb: The World Beyond,2026-09-08,post_launch_reviews_total,2026-09-12,4,,not_collected,
1510440,Honeycomb: The World Beyond,2026-09-08,post_launch_reviews_total,2026-09-13,5,,not_collected,
1510440,Honeycomb: The World Beyond,2026-09-08,post_launch_reviews_total,2026-09-14,6,,not_collected,
1510440,Honeycomb: The World Beyond,2026-09-08,post_launch_reviews_total,2026-09-15,7,,not_collected,
4589040,HouseWarming,2026-07-09,pre_launch_wishlist_rank,2026-07-02,-7,,not_collected,
4589040,HouseWarming,2026-07-09,pre_launch_wishlist_rank,2026-07-03,-6,,not_in_captured_wishlist_ranking,
4589040,HouseWarming,2026-07-09,pre_launch_wishlist_rank,2026-07-04,-5,,not_in_captured_wishlist_ranking,
4589040,HouseWarming,2026-07-09,pre_launch_wishlist_rank,2026-07-05,-4,,not_in_captured_wishlist_ranking,
4589040,HouseWarming,2026-07-09,pre_launch_wishlist_rank,2026-07-06,-3,,not_in_captured_wishlist_ranking,
4589040,HouseWarming,2026-07-09,pre_launch_wishlist_rank,2026-07-07,-2,,not_in_captured_wishlist_ranking,
4589040,HouseWarming,2026-07-09,pre_launch_wishlist_rank,2026-07-08,-1,,not_in_captured_wishlist_ranking,
4589040,HouseWarming,2026-07-09,post_launch_reviews_total,2026-07-09,0,0,ok,2026-07-09T05:46:21.155Z
4589040,HouseWarming,2026-07-09,post_launch_reviews_total,2026-07-10,1,,not_collected,
4589040,HouseWarming,2026-07-09,post_launch_reviews_total,2026-07-11,2,,not_collected,
4589040,HouseWarming,2026-07-09,post_launch_reviews_total,2026-07-12,3,,not_collected,
4589040,HouseWarming,2026-07-09,post_launch_reviews_total,2026-07-13,4,,not_collected,
4589040,HouseWarming,2026-07-09,post_launch_reviews_total,2026-07-14,5,,not_collected,
4589040,HouseWarming,2026-07-09,post_launch_reviews_total,2026-07-15,6,,not_collected,
4589040,HouseWarming,2026-07-09,post_launch_reviews_total,2026-07-16,7,,not_collected,
4154510,How Asian Parents went to School,2026-08-25,pre_launch_wishlist_rank,2026-08-18,-7,,not_in_captured_wishlist_ranking,
4154510,How Asian Parents went to School,2026-08-25,pre_launch_wishlist_rank,2026-08-19,-6,,not_in_captured_wishlist_ranking,
4154510,How Asian Parents went to School,2026-08-25,pre_launch_wishlist_rank,2026-08-20,-5,,not_in_captured_wishlist_ranking,
4154510,How Asian Parents went to School,2026-08-25,pre_launch_wishlist_rank,2026-08-21,-4,,not_in_captured_wishlist_ranking,
4154510,How Asian Parents went to School,2026-08-25,pre_launch_wishlist_rank,2026-08-22,-3,,not_in_captured_wishlist_ranking,
4154510,How Asian Parents went to School,2026-08-25,pre_launch_wishlist_rank,2026-08-23,-2,,not_in_captured_wishlist_ranking,
4154510,How Asian Parents went to School,2026-08-25,pre_launch_wishlist_rank,2026-08-24,-1,,not_in_captured_wishlist_ranking,
4154510,How Asian Parents went to School,2026-08-25,post_launch_reviews_total,2026-08-25,0,0,ok,2026-08-25T02:42:46.392Z
4154510,How Asian Parents went to School,2026-08-25,post_launch_reviews_total,2026-08-26,1,,not_collected,
4154510,How Asian Parents went to School,2026-08-25,post_launch_reviews_total,2026-08-27,2,,not_collected,
4154510,How Asian Parents went to School,2026-08-25,post_launch_reviews_total,2026-08-28,3,,not_collected,
4154510,How Asian Parents went to School,2026-08-25,post_launch_reviews_total,2026-08-29,4,,not_collected,
4154510,How Asian Parents went to School,2026-08-25,post_launch_reviews_total,2026-08-30,5,,not_collected,
4154510,How Asian Parents went to School,2026-08-25,post_launch_reviews_total,2026-08-31,6,,not_collected,
4154510,How Asian Parents went to School,2026-08-25,post_launch_reviews_total,2026-09-01,7,,not_collected,
3934270,How Many Dudes?,2026-07-30,pre_launch_wishlist_rank,2026-07-23,-7,228,ok,2026-07-23T04:56:12.842Z
3934270,How Many Dudes?,2026-07-30,pre_launch_wishlist_rank,2026-07-24,-6,220,ok,2026-07-24T04:51:55.902Z
3934270,How Many Dudes?,2026-07-30,pre_launch_wishlist_rank,2026-07-25,-5,216,ok,2026-07-25T04:47:58.982Z
3934270,How Many Dudes?,2026-07-30,pre_launch_wishlist_rank,2026-07-26,-4,211,ok,2026-07-26T05:02:25.100Z
3934270,How Many Dudes?,2026-07-30,pre_launch_wishlist_rank,2026-07-27,-3,204,ok,2026-07-27T05:28:24.621Z
3934270,How Many Dudes?,2026-07-30,pre_launch_wishlist_rank,2026-07-28,-2,194,ok,2026-07-28T04:45:52.627Z
3934270,How Many Dudes?,2026-07-30,pre_launch_wishlist_rank,2026-07-29,-1,185,ok,2026-07-29T04:50:58.767Z
3934270,How Many Dudes?,2026-07-30,post_launch_reviews_total,2026-07-30,0,0,ok,2026-07-30T04:38:29.620Z
3934270,How Many Dudes?,2026-07-30,post_launch_reviews_total,2026-07-31,1,,not_collected,
3934270,How Many Dudes?,2026-07-30,post_launch_reviews_total,2026-08-01,2,,not_collected,
3934270,How Many Dudes?,2026-07-30,post_launch_reviews_total,2026-08-02,3,,not_collected,
3934270,How Many Dudes?,2026-07-30,post_launch_reviews_total,2026-08-03,4,,not_collected,
3934270,How Many Dudes?,2026-07-30,post_launch_reviews_total,2026-08-04,5,,not_collected,
3934270,How Many Dudes?,2026-07-30,post_launch_reviews_total,2026-08-05,6,,not_collected,
3934270,How Many Dudes?,2026-07-30,post_launch_reviews_total,2026-08-06,7,,not_collected,
4001890,How to Fish,2026-08-20,pre_launch_wishlist_rank,2026-08-13,-7,260,ok,2026-08-13T03:51:51.678Z
4001890,How to Fish,2026-08-20,pre_launch_wishlist_rank,2026-08-14,-6,251,ok,2026-08-14T03:41:13.555Z
4001890,How to Fish,2026-08-20,pre_launch_wishlist_rank,2026-08-15,-5,248,ok,2026-08-15T02:36:13.648Z
4001890,How to Fish,2026-08-20,pre_launch_wishlist_rank,2026-08-16,-4,244,ok,2026-08-16T02:45:28.861Z
4001890,How to Fish,2026-08-20,pre_launch_wishlist_rank,2026-08-17,-3,229,ok,2026-08-17T02:45:10.258Z
4001890,How to Fish,2026-08-20,pre_launch_wishlist_rank,2026-08-18,-2,220,ok,2026-08-18T02:39:27.140Z
4001890,How to Fish,2026-08-20,pre_launch_wishlist_rank,2026-08-19,-1,198,ok,2026-08-19T02:42:36.358Z
4001890,How to Fish,2026-08-20,post_launch_reviews_total,2026-08-20,0,0,ok,2026-08-20T02:40:42.136Z
4001890,How to Fish,2026-08-20,post_launch_reviews_total,2026-08-21,1,,not_collected,
4001890,How to Fish,2026-08-20,post_launch_reviews_total,2026-08-22,2,,not_collected,
4001890,How to Fish,2026-08-20,post_launch_reviews_total,2026-08-23,3,,not_collected,
4001890,How to Fish,2026-08-20,post_launch_reviews_total,2026-08-24,4,,not_collected,
4001890,How to Fish,2026-08-20,post_launch_reviews_total,2026-08-25,5,,not_collected,
4001890,How to Fish,2026-08-20,post_launch_reviews_total,2026-08-26,6,,not_collected,
4001890,How to Fish,2026-08-20,post_launch_reviews_total,2026-08-27,7,,not_collected,
4383880,Huntin' Buddies,2026-07-24,pre_launch_wishlist_rank,2026-07-17,-7,,not_in_captured_wishlist_ranking,
4383880,Huntin' Buddies,2026-07-24,pre_launch_wishlist_rank,2026-07-18,-6,,not_in_captured_wishlist_ranking,
4383880,Huntin' Buddies,2026-07-24,pre_launch_wishlist_rank,2026-07-19,-5,,not_in_captured_wishlist_ranking,
4383880,Huntin' Buddies,2026-07-24,pre_launch_wishlist_rank,2026-07-20,-4,,not_in_captured_wishlist_ranking,
4383880,Huntin' Buddies,2026-07-24,pre_launch_wishlist_rank,2026-07-21,-3,,not_in_captured_wishlist_ranking,
4383880,Huntin' Buddies,2026-07-24,pre_launch_wishlist_rank,2026-07-22,-2,,not_in_captured_wishlist_ranking,
4383880,Huntin' Buddies,2026-07-24,pre_launch_wishlist_rank,2026-07-23,-1,,not_in_captured_wishlist_ranking,
4383880,Huntin' Buddies,2026-07-24,post_launch_reviews_total,2026-07-24,0,0,ok,2026-07-24T04:51:55.902Z
4383880,Huntin' Buddies,2026-07-24,post_launch_reviews_total,2026-07-25,1,,not_collected,
4383880,Huntin' Buddies,2026-07-24,post_launch_reviews_total,2026-07-26,2,,not_collected,
4383880,Huntin' Buddies,2026-07-24,post_launch_reviews_total,2026-07-27,3,,not_collected,
4383880,Huntin' Buddies,2026-07-24,post_launch_reviews_total,2026-07-28,4,,not_collected,
4383880,Huntin' Buddies,2026-07-24,post_launch_reviews_total,2026-07-29,5,,not_collected,
4383880,Huntin' Buddies,2026-07-24,post_launch_reviews_total,2026-07-30,6,,not_collected,
4383880,Huntin' Buddies,2026-07-24,post_launch_reviews_total,2026-07-31,7,,not_collected,
3689210,HYPERFIST,2026-07-10,pre_launch_wishlist_rank,2026-07-03,-7,,not_in_captured_wishlist_ranking,
3689210,HYPERFIST,2026-07-10,pre_launch_wishlist_rank,2026-07-04,-6,,not_in_captured_wishlist_ranking,
3689210,HYPERFIST,2026-07-10,pre_launch_wishlist_rank,2026-07-05,-5,,not_in_captured_wishlist_ranking,
3689210,HYPERFIST,2026-07-10,pre_launch_wishlist_rank,2026-07-06,-4,,not_in_captured_wishlist_ranking,
3689210,HYPERFIST,2026-07-10,pre_launch_wishlist_rank,2026-07-07,-3,,not_in_captured_wishlist_ranking,
3689210,HYPERFIST,2026-07-10,pre_launch_wishlist_rank,2026-07-08,-2,,not_in_captured_wishlist_ranking,
3689210,HYPERFIST,2026-07-10,pre_launch_wishlist_rank,2026-07-09,-1,,not_in_captured_wishlist_ranking,
3689210,HYPERFIST,2026-07-10,post_launch_reviews_total,2026-07-10,0,0,ok,2026-07-10T05:43:57.377Z
3689210,HYPERFIST,2026-07-10,post_launch_reviews_total,2026-07-11,1,,not_collected,
3689210,HYPERFIST,2026-07-10,post_launch_reviews_total,2026-07-12,2,,not_collected,
3689210,HYPERFIST,2026-07-10,post_launch_reviews_total,2026-07-13,3,,not_collected,
3689210,HYPERFIST,2026-07-10,post_launch_reviews_total,2026-07-14,4,,not_collected,
3689210,HYPERFIST,2026-07-10,post_launch_reviews_total,2026-07-15,5,,not_collected,
3689210,HYPERFIST,2026-07-10,post_launch_reviews_total,2026-07-16,6,,not_collected,
3689210,HYPERFIST,2026-07-10,post_launch_reviews_total,2026-07-17,7,,not_collected,
4225400,I.T. Never Ends,2026-08-14,pre_launch_wishlist_rank,2026-08-07,-7,1996,ok,2026-08-07T04:13:26.771Z
4225400,I.T. Never Ends,2026-08-14,pre_launch_wishlist_rank,2026-08-08,-6,1966,ok,2026-08-08T03:11:38.214Z
4225400,I.T. Never Ends,2026-08-14,pre_launch_wishlist_rank,2026-08-09,-5,1942,ok,2026-08-09T03:19:17.318Z
4225400,I.T. Never Ends,2026-08-14,pre_launch_wishlist_rank,2026-08-10,-4,1883,ok,2026-08-10T03:29:07.136Z
4225400,I.T. Never Ends,2026-08-14,pre_launch_wishlist_rank,2026-08-11,-3,1819,ok,2026-08-11T03:21:55.619Z
4225400,I.T. Never Ends,2026-08-14,pre_launch_wishlist_rank,2026-08-12,-2,1761,ok,2026-08-12T03:40:42.315Z
4225400,I.T. Never Ends,2026-08-14,pre_launch_wishlist_rank,2026-08-13,-1,1719,ok,2026-08-13T03:51:51.678Z
4225400,I.T. Never Ends,2026-08-14,post_launch_reviews_total,2026-08-14,0,0,ok,2026-08-14T03:41:13.555Z
4225400,I.T. Never Ends,2026-08-14,post_launch_reviews_total,2026-08-15,1,,not_collected,
4225400,I.T. Never Ends,2026-08-14,post_launch_reviews_total,2026-08-16,2,,not_collected,
4225400,I.T. Never Ends,2026-08-14,post_launch_reviews_total,2026-08-17,3,,not_collected,
4225400,I.T. Never Ends,2026-08-14,post_launch_reviews_total,2026-08-18,4,,not_collected,
4225400,I.T. Never Ends,2026-08-14,post_launch_reviews_total,2026-08-19,5,,not_collected,
4225400,I.T. Never Ends,2026-08-14,post_launch_reviews_total,2026-08-20,6,,not_collected,
4225400,I.T. Never Ends,2026-08-14,post_launch_reviews_total,2026-08-21,7,,not_collected,
4047160,I'm Making a Monster,2026-07-05,pre_launch_wishlist_rank,2026-06-28,-7,,not_collected,
4047160,I'm Making a Monster,2026-07-05,pre_launch_wishlist_rank,2026-06-29,-6,,not_collected,
4047160,I'm Making a Monster,2026-07-05,pre_launch_wishlist_rank,2026-06-30,-5,,not_collected,
4047160,I'm Making a Monster,2026-07-05,pre_launch_wishlist_rank,2026-07-01,-4,,not_collected,
4047160,I'm Making a Monster,2026-07-05,pre_launch_wishlist_rank,2026-07-02,-3,,not_collected,
4047160,I'm Making a Monster,2026-07-05,pre_launch_wishlist_rank,2026-07-03,-2,,not_in_captured_wishlist_ranking,
4047160,I'm Making a Monster,2026-07-05,pre_launch_wishlist_rank,2026-07-04,-1,,not_in_captured_wishlist_ranking,
4047160,I'm Making a Monster,2026-07-05,post_launch_reviews_total,2026-07-05,0,0,ok,2026-07-05T05:38:17.292Z
4047160,I'm Making a Monster,2026-07-05,post_launch_reviews_total,2026-07-06,1,0,ok,2026-07-06T03:11:47.848Z
4047160,I'm Making a Monster,2026-07-05,post_launch_reviews_total,2026-07-07,2,,not_collected,
4047160,I'm Making a Monster,2026-07-05,post_launch_reviews_total,2026-07-08,3,,not_collected,
4047160,I'm Making a Monster,2026-07-05,post_launch_reviews_total,2026-07-09,4,,not_collected,
4047160,I'm Making a Monster,2026-07-05,post_launch_reviews_total,2026-07-10,5,,not_collected,
4047160,I'm Making a Monster,2026-07-05,post_launch_reviews_total,2026-07-11,6,,not_collected,
4047160,I'm Making a Monster,2026-07-05,post_launch_reviews_total,2026-07-12,7,,not_collected,
4634080,Ice Cream Man,2026-07-03,pre_launch_wishlist_rank,2026-06-26,-7,,not_collected,
4634080,Ice Cream Man,2026-07-03,pre_launch_wishlist_rank,2026-06-27,-6,,not_collected,
4634080,Ice Cream Man,2026-07-03,pre_launch_wishlist_rank,2026-06-28,-5,,not_collected,
4634080,Ice Cream Man,2026-07-03,pre_launch_wishlist_rank,2026-06-29,-4,,not_collected,
4634080,Ice Cream Man,2026-07-03,pre_launch_wishlist_rank,2026-06-30,-3,,not_collected,
4634080,Ice Cream Man,2026-07-03,pre_launch_wishlist_rank,2026-07-01,-2,,not_collected,
4634080,Ice Cream Man,2026-07-03,pre_launch_wishlist_rank,2026-07-02,-1,,not_collected,
4634080,Ice Cream Man,2026-07-03,post_launch_reviews_total,2026-07-03,0,0,ok,2026-07-03T04:27:24.412Z
4634080,Ice Cream Man,2026-07-03,post_launch_reviews_total,2026-07-04,1,,not_collected,
4634080,Ice Cream Man,2026-07-03,post_launch_reviews_total,2026-07-05,2,,not_collected,
4634080,Ice Cream Man,2026-07-03,post_launch_reviews_total,2026-07-06,3,,not_collected,
4634080,Ice Cream Man,2026-07-03,post_launch_reviews_total,2026-07-07,4,,not_collected,
4634080,Ice Cream Man,2026-07-03,post_launch_reviews_total,2026-07-08,5,,not_collected,
4634080,Ice Cream Man,2026-07-03,post_launch_reviews_total,2026-07-09,6,,not_collected,
4634080,Ice Cream Man,2026-07-03,post_launch_reviews_total,2026-07-10,7,,not_collected,
4855380,Idle Regenerator,2026-07-02,pre_launch_wishlist_rank,2026-06-25,-7,,not_collected,
4855380,Idle Regenerator,2026-07-02,pre_launch_wishlist_rank,2026-06-26,-6,,not_collected,
4855380,Idle Regenerator,2026-07-02,pre_launch_wishlist_rank,2026-06-27,-5,,not_collected,
4855380,Idle Regenerator,2026-07-02,pre_launch_wishlist_rank,2026-06-28,-4,,not_collected,
4855380,Idle Regenerator,2026-07-02,pre_launch_wishlist_rank,2026-06-29,-3,,not_collected,
4855380,Idle Regenerator,2026-07-02,pre_launch_wishlist_rank,2026-06-30,-2,,not_collected,
4855380,Idle Regenerator,2026-07-02,pre_launch_wishlist_rank,2026-07-01,-1,,not_collected,
4855380,Idle Regenerator,2026-07-02,post_launch_reviews_total,2026-07-02,0,,not_collected,
4855380,Idle Regenerator,2026-07-02,post_launch_reviews_total,2026-07-03,1,0,ok,2026-07-03T02:43:20.952Z
4855380,Idle Regenerator,2026-07-02,post_launch_reviews_total,2026-07-04,2,,not_collected,
4855380,Idle Regenerator,2026-07-02,post_launch_reviews_total,2026-07-05,3,,not_collected,
4855380,Idle Regenerator,2026-07-02,post_launch_reviews_total,2026-07-06,4,,not_collected,
4855380,Idle Regenerator,2026-07-02,post_launch_reviews_total,2026-07-07,5,,not_collected,
4855380,Idle Regenerator,2026-07-02,post_launch_reviews_total,2026-07-08,6,,not_collected,
4855380,Idle Regenerator,2026-07-02,post_launch_reviews_total,2026-07-09,7,,not_collected,
2684890,Idle Village,2026-07-05,pre_launch_wishlist_rank,2026-06-28,-7,,not_collected,
2684890,Idle Village,2026-07-05,pre_launch_wishlist_rank,2026-06-29,-6,,not_collected,
2684890,Idle Village,2026-07-05,pre_launch_wishlist_rank,2026-06-30,-5,,not_collected,
2684890,Idle Village,2026-07-05,pre_launch_wishlist_rank,2026-07-01,-4,,not_collected,
2684890,Idle Village,2026-07-05,pre_launch_wishlist_rank,2026-07-02,-3,,not_collected,
2684890,Idle Village,2026-07-05,pre_launch_wishlist_rank,2026-07-03,-2,,not_in_captured_wishlist_ranking,
2684890,Idle Village,2026-07-05,pre_launch_wishlist_rank,2026-07-04,-1,,not_in_captured_wishlist_ranking,
2684890,Idle Village,2026-07-05,post_launch_reviews_total,2026-07-05,0,0,ok,2026-07-05T05:38:17.292Z
2684890,Idle Village,2026-07-05,post_launch_reviews_total,2026-07-06,1,,not_collected,
2684890,Idle Village,2026-07-05,post_launch_reviews_total,2026-07-07,2,,not_collected,
2684890,Idle Village,2026-07-05,post_launch_reviews_total,2026-07-08,3,,not_collected,
2684890,Idle Village,2026-07-05,post_launch_reviews_total,2026-07-09,4,,not_collected,
2684890,Idle Village,2026-07-05,post_launch_reviews_total,2026-07-10,5,,not_collected,
2684890,Idle Village,2026-07-05,post_launch_reviews_total,2026-07-11,6,,not_collected,
2684890,Idle Village,2026-07-05,post_launch_reviews_total,2026-07-12,7,,not_collected,
4599710,IDLE_DIRECTIVE,2026-07-28,pre_launch_wishlist_rank,2026-07-21,-7,,not_in_captured_wishlist_ranking,
4599710,IDLE_DIRECTIVE,2026-07-28,pre_launch_wishlist_rank,2026-07-22,-6,,not_in_captured_wishlist_ranking,
4599710,IDLE_DIRECTIVE,2026-07-28,pre_launch_wishlist_rank,2026-07-23,-5,,not_in_captured_wishlist_ranking,
4599710,IDLE_DIRECTIVE,2026-07-28,pre_launch_wishlist_rank,2026-07-24,-4,,not_in_captured_wishlist_ranking,
4599710,IDLE_DIRECTIVE,2026-07-28,pre_launch_wishlist_rank,2026-07-25,-3,,not_in_captured_wishlist_ranking,
4599710,IDLE_DIRECTIVE,2026-07-28,pre_launch_wishlist_rank,2026-07-26,-2,,not_in_captured_wishlist_ranking,
4599710,IDLE_DIRECTIVE,2026-07-28,pre_launch_wishlist_rank,2026-07-27,-1,,not_in_captured_wishlist_ranking,
4599710,IDLE_DIRECTIVE,2026-07-28,post_launch_reviews_total,2026-07-28,0,,not_collected,
4599710,IDLE_DIRECTIVE,2026-07-28,post_launch_reviews_total,2026-07-29,1,0,ok,2026-07-29T04:50:58.767Z
4599710,IDLE_DIRECTIVE,2026-07-28,post_launch_reviews_total,2026-07-30,2,,not_collected,
4599710,IDLE_DIRECTIVE,2026-07-28,post_launch_reviews_total,2026-07-31,3,,not_collected,
4599710,IDLE_DIRECTIVE,2026-07-28,post_launch_reviews_total,2026-08-01,4,,not_collected,
4599710,IDLE_DIRECTIVE,2026-07-28,post_launch_reviews_total,2026-08-02,5,,not_collected,
4599710,IDLE_DIRECTIVE,2026-07-28,post_launch_reviews_total,2026-08-03,6,,not_collected,
4599710,IDLE_DIRECTIVE,2026-07-28,post_launch_reviews_total,2026-08-04,7,,not_collected,
3417140,IGS Classic Arcade Collection,2026-08-12,pre_launch_wishlist_rank,2026-08-05,-7,,not_in_captured_wishlist_ranking,
3417140,IGS Classic Arcade Collection,2026-08-12,pre_launch_wishlist_rank,2026-08-06,-6,,not_in_captured_wishlist_ranking,
3417140,IGS Classic Arcade Collection,2026-08-12,pre_launch_wishlist_rank,2026-08-07,-5,,not_in_captured_wishlist_ranking,
3417140,IGS Classic Arcade Collection,2026-08-12,pre_launch_wishlist_rank,2026-08-08,-4,,not_in_captured_wishlist_ranking,
3417140,IGS Classic Arcade Collection,2026-08-12,pre_launch_wishlist_rank,2026-08-09,-3,,not_in_captured_wishlist_ranking,
3417140,IGS Classic Arcade Collection,2026-08-12,pre_launch_wishlist_rank,2026-08-10,-2,1947,ok,2026-08-10T03:29:07.136Z
3417140,IGS Classic Arcade Collection,2026-08-12,pre_launch_wishlist_rank,2026-08-11,-1,1876,ok,2026-08-11T03:21:55.619Z
3417140,IGS Classic Arcade Collection,2026-08-12,post_launch_reviews_total,2026-08-12,0,,not_collected,
3417140,IGS Classic Arcade Collection,2026-08-12,post_launch_reviews_total,2026-08-13,1,0,ok,2026-08-13T03:51:51.678Z
3417140,IGS Classic Arcade Collection,2026-08-12,post_launch_reviews_total,2026-08-14,2,,not_collected,
3417140,IGS Classic Arcade Collection,2026-08-12,post_launch_reviews_total,2026-08-15,3,,not_collected,
3417140,IGS Classic Arcade Collection,2026-08-12,post_launch_reviews_total,2026-08-16,4,,not_collected,
3417140,IGS Classic Arcade Collection,2026-08-12,post_launch_reviews_total,2026-08-17,5,,not_collected,
3417140,IGS Classic Arcade Collection,2026-08-12,post_launch_reviews_total,2026-08-18,6,,not_collected,
3417140,IGS Classic Arcade Collection,2026-08-12,post_launch_reviews_total,2026-08-19,7,,not_collected,
2219390,Imperial Ambitions,2026-07-13,pre_launch_wishlist_rank,2026-07-06,-7,1888,ok,2026-07-06T04:31:47.397Z
2219390,Imperial Ambitions,2026-07-13,pre_launch_wishlist_rank,2026-07-07,-6,1886,ok,2026-07-07T05:48:04.813Z
2219390,Imperial Ambitions,2026-07-13,pre_launch_wishlist_rank,2026-07-08,-5,1885,ok,2026-07-08T04:50:41.299Z
2219390,Imperial Ambitions,2026-07-13,pre_launch_wishlist_rank,2026-07-09,-4,1879,ok,2026-07-09T05:46:21.155Z
2219390,Imperial Ambitions,2026-07-13,pre_launch_wishlist_rank,2026-07-10,-3,1837,ok,2026-07-10T05:43:57.377Z
2219390,Imperial Ambitions,2026-07-13,pre_launch_wishlist_rank,2026-07-11,-2,1783,ok,2026-07-11T04:45:57.358Z
2219390,Imperial Ambitions,2026-07-13,pre_launch_wishlist_rank,2026-07-12,-1,1726,ok,2026-07-12T04:57:39.930Z
2219390,Imperial Ambitions,2026-07-13,post_launch_reviews_total,2026-07-13,0,0,ok,2026-07-13T05:04:37.802Z
2219390,Imperial Ambitions,2026-07-13,post_launch_reviews_total,2026-07-14,1,,not_collected,
2219390,Imperial Ambitions,2026-07-13,post_launch_reviews_total,2026-07-15,2,,not_collected,
2219390,Imperial Ambitions,2026-07-13,post_launch_reviews_total,2026-07-16,3,,not_collected,
2219390,Imperial Ambitions,2026-07-13,post_launch_reviews_total,2026-07-17,4,,not_collected,
2219390,Imperial Ambitions,2026-07-13,post_launch_reviews_total,2026-07-18,5,,not_collected,
2219390,Imperial Ambitions,2026-07-13,post_launch_reviews_total,2026-07-19,6,,not_collected,
2219390,Imperial Ambitions,2026-07-13,post_launch_reviews_total,2026-07-20,7,,not_collected,
3908940,Inferno Protocol,2026-08-28,pre_launch_wishlist_rank,2026-08-21,-7,762,ok,2026-08-21T02:47:33.763Z
3908940,Inferno Protocol,2026-08-28,pre_launch_wishlist_rank,2026-08-22,-6,747,ok,2026-08-22T02:38:05.157Z
3908940,Inferno Protocol,2026-08-28,pre_launch_wishlist_rank,2026-08-23,-5,720,ok,2026-08-23T02:47:54.993Z
3908940,Inferno Protocol,2026-08-28,pre_launch_wishlist_rank,2026-08-24,-4,686,ok,2026-08-24T02:48:36.097Z
3908940,Inferno Protocol,2026-08-28,pre_launch_wishlist_rank,2026-08-25,-3,647,ok,2026-08-25T02:42:46.392Z
3908940,Inferno Protocol,2026-08-28,pre_launch_wishlist_rank,2026-08-26,-2,622,ok,2026-08-26T02:50:15.789Z
3908940,Inferno Protocol,2026-08-28,pre_launch_wishlist_rank,2026-08-27,-1,588,ok,2026-08-27T11:57:45.810Z
3908940,Inferno Protocol,2026-08-28,post_launch_reviews_total,2026-08-28,0,0,ok,2026-08-28T13:19:41.332Z
3908940,Inferno Protocol,2026-08-28,post_launch_reviews_total,2026-08-29,1,,not_collected,
3908940,Inferno Protocol,2026-08-28,post_launch_reviews_total,2026-08-30,2,,not_collected,
3908940,Inferno Protocol,2026-08-28,post_launch_reviews_total,2026-08-31,3,,not_collected,
3908940,Inferno Protocol,2026-08-28,post_launch_reviews_total,2026-09-01,4,,not_collected,
3908940,Inferno Protocol,2026-08-28,post_launch_reviews_total,2026-09-02,5,,not_collected,
3908940,Inferno Protocol,2026-08-28,post_launch_reviews_total,2026-09-03,6,,not_collected,
3908940,Inferno Protocol,2026-08-28,post_launch_reviews_total,2026-09-04,7,,not_collected,
4673710,Infinite Backrooms,2026-08-14,pre_launch_wishlist_rank,2026-08-07,-7,,not_in_captured_wishlist_ranking,
4673710,Infinite Backrooms,2026-08-14,pre_launch_wishlist_rank,2026-08-08,-6,,not_in_captured_wishlist_ranking,
4673710,Infinite Backrooms,2026-08-14,pre_launch_wishlist_rank,2026-08-09,-5,,not_in_captured_wishlist_ranking,
4673710,Infinite Backrooms,2026-08-14,pre_launch_wishlist_rank,2026-08-10,-4,,not_in_captured_wishlist_ranking,
4673710,Infinite Backrooms,2026-08-14,pre_launch_wishlist_rank,2026-08-11,-3,,not_in_captured_wishlist_ranking,
4673710,Infinite Backrooms,2026-08-14,pre_launch_wishlist_rank,2026-08-12,-2,,not_in_captured_wishlist_ranking,
4673710,Infinite Backrooms,2026-08-14,pre_launch_wishlist_rank,2026-08-13,-1,,not_in_captured_wishlist_ranking,
4673710,Infinite Backrooms,2026-08-14,post_launch_reviews_total,2026-08-14,0,0,ok,2026-08-14T03:41:13.555Z
4673710,Infinite Backrooms,2026-08-14,post_launch_reviews_total,2026-08-15,1,,not_collected,
4673710,Infinite Backrooms,2026-08-14,post_launch_reviews_total,2026-08-16,2,,not_collected,
4673710,Infinite Backrooms,2026-08-14,post_launch_reviews_total,2026-08-17,3,,not_collected,
4673710,Infinite Backrooms,2026-08-14,post_launch_reviews_total,2026-08-18,4,,not_collected,
4673710,Infinite Backrooms,2026-08-14,post_launch_reviews_total,2026-08-19,5,,not_collected,
4673710,Infinite Backrooms,2026-08-14,post_launch_reviews_total,2026-08-20,6,,not_collected,
4673710,Infinite Backrooms,2026-08-14,post_launch_reviews_total,2026-08-21,7,,not_collected,
1983620,Infinitevania,2026-07-24,pre_launch_wishlist_rank,2026-07-17,-7,,not_in_captured_wishlist_ranking,
1983620,Infinitevania,2026-07-24,pre_launch_wishlist_rank,2026-07-18,-6,,not_in_captured_wishlist_ranking,
1983620,Infinitevania,2026-07-24,pre_launch_wishlist_rank,2026-07-19,-5,,not_in_captured_wishlist_ranking,
1983620,Infinitevania,2026-07-24,pre_launch_wishlist_rank,2026-07-20,-4,,not_in_captured_wishlist_ranking,
1983620,Infinitevania,2026-07-24,pre_launch_wishlist_rank,2026-07-21,-3,,not_in_captured_wishlist_ranking,
1983620,Infinitevania,2026-07-24,pre_launch_wishlist_rank,2026-07-22,-2,,not_in_captured_wishlist_ranking,
1983620,Infinitevania,2026-07-24,pre_launch_wishlist_rank,2026-07-23,-1,,not_in_captured_wishlist_ranking,
1983620,Infinitevania,2026-07-24,post_launch_reviews_total,2026-07-24,0,0,ok,2026-07-24T04:51:55.902Z
1983620,Infinitevania,2026-07-24,post_launch_reviews_total,2026-07-25,1,,not_collected,
1983620,Infinitevania,2026-07-24,post_launch_reviews_total,2026-07-26,2,,not_collected,
1983620,Infinitevania,2026-07-24,post_launch_reviews_total,2026-07-27,3,,not_collected,
1983620,Infinitevania,2026-07-24,post_launch_reviews_total,2026-07-28,4,,not_collected,
1983620,Infinitevania,2026-07-24,post_launch_reviews_total,2026-07-29,5,,not_collected,
1983620,Infinitevania,2026-07-24,post_launch_reviews_total,2026-07-30,6,,not_collected,
1983620,Infinitevania,2026-07-24,post_launch_reviews_total,2026-07-31,7,,not_collected,
4744610,Infinity Grass Cutting,2026-07-02,pre_launch_wishlist_rank,2026-06-25,-7,,not_collected,
4744610,Infinity Grass Cutting,2026-07-02,pre_launch_wishlist_rank,2026-06-26,-6,,not_collected,
4744610,Infinity Grass Cutting,2026-07-02,pre_launch_wishlist_rank,2026-06-27,-5,,not_collected,
4744610,Infinity Grass Cutting,2026-07-02,pre_launch_wishlist_rank,2026-06-28,-4,,not_collected,
4744610,Infinity Grass Cutting,2026-07-02,pre_launch_wishlist_rank,2026-06-29,-3,,not_collected,
4744610,Infinity Grass Cutting,2026-07-02,pre_launch_wishlist_rank,2026-06-30,-2,,not_collected,
4744610,Infinity Grass Cutting,2026-07-02,pre_launch_wishlist_rank,2026-07-01,-1,,not_collected,
4744610,Infinity Grass Cutting,2026-07-02,post_launch_reviews_total,2026-07-02,0,,not_collected,
4744610,Infinity Grass Cutting,2026-07-02,post_launch_reviews_total,2026-07-03,1,0,ok,2026-07-03T04:27:24.412Z
4744610,Infinity Grass Cutting,2026-07-02,post_launch_reviews_total,2026-07-04,2,,not_collected,
4744610,Infinity Grass Cutting,2026-07-02,post_launch_reviews_total,2026-07-05,3,,not_collected,
4744610,Infinity Grass Cutting,2026-07-02,post_launch_reviews_total,2026-07-06,4,,not_collected,
4744610,Infinity Grass Cutting,2026-07-02,post_launch_reviews_total,2026-07-07,5,,not_collected,
4744610,Infinity Grass Cutting,2026-07-02,post_launch_reviews_total,2026-07-08,6,,not_collected,
4744610,Infinity Grass Cutting,2026-07-02,post_launch_reviews_total,2026-07-09,7,,not_collected,
4177650,INSANIO,2026-07-10,pre_launch_wishlist_rank,2026-07-03,-7,,not_in_captured_wishlist_ranking,
4177650,INSANIO,2026-07-10,pre_launch_wishlist_rank,2026-07-04,-6,,not_in_captured_wishlist_ranking,
4177650,INSANIO,2026-07-10,pre_launch_wishlist_rank,2026-07-05,-5,,not_in_captured_wishlist_ranking,
4177650,INSANIO,2026-07-10,pre_launch_wishlist_rank,2026-07-06,-4,,not_in_captured_wishlist_ranking,
4177650,INSANIO,2026-07-10,pre_launch_wishlist_rank,2026-07-07,-3,,not_in_captured_wishlist_ranking,
4177650,INSANIO,2026-07-10,pre_launch_wishlist_rank,2026-07-08,-2,,not_in_captured_wishlist_ranking,
4177650,INSANIO,2026-07-10,pre_launch_wishlist_rank,2026-07-09,-1,,not_in_captured_wishlist_ranking,
4177650,INSANIO,2026-07-10,post_launch_reviews_total,2026-07-10,0,0,ok,2026-07-10T05:43:57.377Z
4177650,INSANIO,2026-07-10,post_launch_reviews_total,2026-07-11,1,,not_collected,
4177650,INSANIO,2026-07-10,post_launch_reviews_total,2026-07-12,2,,not_collected,
4177650,INSANIO,2026-07-10,post_launch_reviews_total,2026-07-13,3,,not_collected,
4177650,INSANIO,2026-07-10,post_launch_reviews_total,2026-07-14,4,,not_collected,
4177650,INSANIO,2026-07-10,post_launch_reviews_total,2026-07-15,5,,not_collected,
4177650,INSANIO,2026-07-10,post_launch_reviews_total,2026-07-16,6,,not_collected,
4177650,INSANIO,2026-07-10,post_launch_reviews_total,2026-07-17,7,,not_collected,
4625810,Internet Survivor Survivors,2026-08-16,pre_launch_wishlist_rank,2026-08-09,-7,,not_in_captured_wishlist_ranking,
4625810,Internet Survivor Survivors,2026-08-16,pre_launch_wishlist_rank,2026-08-10,-6,,not_in_captured_wishlist_ranking,
4625810,Internet Survivor Survivors,2026-08-16,pre_launch_wishlist_rank,2026-08-11,-5,,not_in_captured_wishlist_ranking,
4625810,Internet Survivor Survivors,2026-08-16,pre_launch_wishlist_rank,2026-08-12,-4,,not_in_captured_wishlist_ranking,
4625810,Internet Survivor Survivors,2026-08-16,pre_launch_wishlist_rank,2026-08-13,-3,,not_in_captured_wishlist_ranking,
4625810,Internet Survivor Survivors,2026-08-16,pre_launch_wishlist_rank,2026-08-14,-2,,not_in_captured_wishlist_ranking,
4625810,Internet Survivor Survivors,2026-08-16,pre_launch_wishlist_rank,2026-08-15,-1,,not_in_captured_wishlist_ranking,
4625810,Internet Survivor Survivors,2026-08-16,post_launch_reviews_total,2026-08-16,0,0,ok,2026-08-16T02:45:28.861Z
4625810,Internet Survivor Survivors,2026-08-16,post_launch_reviews_total,2026-08-17,1,,not_collected,
4625810,Internet Survivor Survivors,2026-08-16,post_launch_reviews_total,2026-08-18,2,,not_collected,
4625810,Internet Survivor Survivors,2026-08-16,post_launch_reviews_total,2026-08-19,3,,not_collected,
4625810,Internet Survivor Survivors,2026-08-16,post_launch_reviews_total,2026-08-20,4,,not_collected,
4625810,Internet Survivor Survivors,2026-08-16,post_launch_reviews_total,2026-08-21,5,,not_collected,
4625810,Internet Survivor Survivors,2026-08-16,post_launch_reviews_total,2026-08-22,6,,not_collected,
4625810,Internet Survivor Survivors,2026-08-16,post_launch_reviews_total,2026-08-23,7,,not_collected,
4001350,Iron Blight,2026-08-24,pre_launch_wishlist_rank,2026-08-17,-7,1949,ok,2026-08-17T02:45:10.258Z
4001350,Iron Blight,2026-08-24,pre_launch_wishlist_rank,2026-08-18,-6,1909,ok,2026-08-18T02:39:27.140Z
4001350,Iron Blight,2026-08-24,pre_launch_wishlist_rank,2026-08-19,-5,1865,ok,2026-08-19T02:42:36.358Z
4001350,Iron Blight,2026-08-24,pre_launch_wishlist_rank,2026-08-20,-4,1814,ok,2026-08-20T02:40:42.136Z
4001350,Iron Blight,2026-08-24,pre_launch_wishlist_rank,2026-08-21,-3,1754,ok,2026-08-21T02:47:33.763Z
4001350,Iron Blight,2026-08-24,pre_launch_wishlist_rank,2026-08-22,-2,1698,ok,2026-08-22T02:38:05.157Z
4001350,Iron Blight,2026-08-24,pre_launch_wishlist_rank,2026-08-23,-1,1641,ok,2026-08-23T02:47:54.993Z
4001350,Iron Blight,2026-08-24,post_launch_reviews_total,2026-08-24,0,0,ok,2026-08-24T02:48:36.097Z
4001350,Iron Blight,2026-08-24,post_launch_reviews_total,2026-08-25,1,,not_collected,
4001350,Iron Blight,2026-08-24,post_launch_reviews_total,2026-08-26,2,,not_collected,
4001350,Iron Blight,2026-08-24,post_launch_reviews_total,2026-08-27,3,,not_collected,
4001350,Iron Blight,2026-08-24,post_launch_reviews_total,2026-08-28,4,,not_collected,
4001350,Iron Blight,2026-08-24,post_launch_reviews_total,2026-08-29,5,,not_collected,
4001350,Iron Blight,2026-08-24,post_launch_reviews_total,2026-08-30,6,,not_collected,
4001350,Iron Blight,2026-08-24,post_launch_reviews_total,2026-08-31,7,,not_collected,
2950790,IRON NEST: Heavy Turret Simulator,2026-08-06,pre_launch_wishlist_rank,2026-07-30,-7,35,ok,2026-07-30T04:38:29.620Z
2950790,IRON NEST: Heavy Turret Simulator,2026-08-06,pre_launch_wishlist_rank,2026-07-31,-6,34,ok,2026-07-31T05:04:54.532Z
2950790,IRON NEST: Heavy Turret Simulator,2026-08-06,pre_launch_wishlist_rank,2026-08-01,-5,34,ok,2026-08-01T04:58:14.130Z
2950790,IRON NEST: Heavy Turret Simulator,2026-08-06,pre_launch_wishlist_rank,2026-08-02,-4,32,ok,2026-08-02T04:58:24.052Z
2950790,IRON NEST: Heavy Turret Simulator,2026-08-06,pre_launch_wishlist_rank,2026-08-03,-3,33,ok,2026-08-03T05:07:42.912Z
2950790,IRON NEST: Heavy Turret Simulator,2026-08-06,pre_launch_wishlist_rank,2026-08-04,-2,31,ok,2026-08-04T04:47:02.633Z
2950790,IRON NEST: Heavy Turret Simulator,2026-08-06,pre_launch_wishlist_rank,2026-08-05,-1,29,ok,2026-08-05T04:46:35.103Z
2950790,IRON NEST: Heavy Turret Simulator,2026-08-06,post_launch_reviews_total,2026-08-06,0,0,ok,2026-08-06T04:47:09.485Z
2950790,IRON NEST: Heavy Turret Simulator,2026-08-06,post_launch_reviews_total,2026-08-07,1,,not_collected,
2950790,IRON NEST: Heavy Turret Simulator,2026-08-06,post_launch_reviews_total,2026-08-08,2,,not_collected,
2950790,IRON NEST: Heavy Turret Simulator,2026-08-06,post_launch_reviews_total,2026-08-09,3,,not_collected,
2950790,IRON NEST: Heavy Turret Simulator,2026-08-06,post_launch_reviews_total,2026-08-10,4,,not_collected,
2950790,IRON NEST: Heavy Turret Simulator,2026-08-06,post_launch_reviews_total,2026-08-11,5,,not_collected,
2950790,IRON NEST: Heavy Turret Simulator,2026-08-06,post_launch_reviews_total,2026-08-12,6,,not_collected,
2950790,IRON NEST: Heavy Turret Simulator,2026-08-06,post_launch_reviews_total,2026-08-13,7,,not_collected,
3968160,Island Beekeeper,2026-07-28,pre_launch_wishlist_rank,2026-07-21,-7,1379,ok,2026-07-21T04:50:39.944Z
3968160,Island Beekeeper,2026-07-28,pre_launch_wishlist_rank,2026-07-22,-6,1328,ok,2026-07-22T04:50:32.272Z
3968160,Island Beekeeper,2026-07-28,pre_launch_wishlist_rank,2026-07-23,-5,1265,ok,2026-07-23T04:56:12.842Z
3968160,Island Beekeeper,2026-07-28,pre_launch_wishlist_rank,2026-07-24,-4,1219,ok,2026-07-24T04:51:55.902Z
3968160,Island Beekeeper,2026-07-28,pre_launch_wishlist_rank,2026-07-25,-3,1178,ok,2026-07-25T04:47:58.982Z
3968160,Island Beekeeper,2026-07-28,pre_launch_wishlist_rank,2026-07-26,-2,1138,ok,2026-07-26T05:02:25.100Z
3968160,Island Beekeeper,2026-07-28,pre_launch_wishlist_rank,2026-07-27,-1,1025,ok,2026-07-27T05:28:24.621Z
3968160,Island Beekeeper,2026-07-28,post_launch_reviews_total,2026-07-28,0,0,ok,2026-07-28T04:45:52.627Z
3968160,Island Beekeeper,2026-07-28,post_launch_reviews_total,2026-07-29,1,,not_collected,
3968160,Island Beekeeper,2026-07-28,post_launch_reviews_total,2026-07-30,2,,not_collected,
3968160,Island Beekeeper,2026-07-28,post_launch_reviews_total,2026-07-31,3,,not_collected,
3968160,Island Beekeeper,2026-07-28,post_launch_reviews_total,2026-08-01,4,,not_collected,
3968160,Island Beekeeper,2026-07-28,post_launch_reviews_total,2026-08-02,5,,not_collected,
3968160,Island Beekeeper,2026-07-28,post_launch_reviews_total,2026-08-03,6,,not_collected,
3968160,Island Beekeeper,2026-07-28,post_launch_reviews_total,2026-08-04,7,,not_collected,
3100970,Isle of Reveries,2026-09-04,pre_launch_wishlist_rank,2026-08-28,-7,1685,ok,2026-08-28T13:19:41.332Z
3100970,Isle of Reveries,2026-09-04,pre_launch_wishlist_rank,2026-08-29,-6,1669,ok,2026-08-29T08:16:08.181Z
3100970,Isle of Reveries,2026-09-04,pre_launch_wishlist_rank,2026-08-30,-5,1641,ok,2026-08-30T07:17:27.365Z
3100970,Isle of Reveries,2026-09-04,pre_launch_wishlist_rank,2026-08-31,-4,1587,ok,2026-08-31T07:32:46.352Z
3100970,Isle of Reveries,2026-09-04,pre_launch_wishlist_rank,2026-09-01,-3,1534,ok,2026-09-01T06:43:33.167Z
3100970,Isle of Reveries,2026-09-04,pre_launch_wishlist_rank,2026-09-02,-2,1488,ok,2026-09-02T06:21:55.398Z
3100970,Isle of Reveries,2026-09-04,pre_launch_wishlist_rank,2026-09-03,-1,1461,ok,2026-09-03T06:24:29.914Z
3100970,Isle of Reveries,2026-09-04,post_launch_reviews_total,2026-09-04,0,,not_collected,
3100970,Isle of Reveries,2026-09-04,post_launch_reviews_total,2026-09-05,1,,not_collected,
3100970,Isle of Reveries,2026-09-04,post_launch_reviews_total,2026-09-06,2,,not_collected,
3100970,Isle of Reveries,2026-09-04,post_launch_reviews_total,2026-09-07,3,,not_collected,
3100970,Isle of Reveries,2026-09-04,post_launch_reviews_total,2026-09-08,4,,not_collected,
3100970,Isle of Reveries,2026-09-04,post_launch_reviews_total,2026-09-09,5,,not_collected,
3100970,Isle of Reveries,2026-09-04,post_launch_reviews_total,2026-09-10,6,,not_collected,
3100970,Isle of Reveries,2026-09-04,post_launch_reviews_total,2026-09-11,7,,not_collected,
4822390,Iverian Wars: Craxion vs Defugel Archer Package,2026-07-06,pre_launch_wishlist_rank,2026-06-29,-7,,not_collected,
4822390,Iverian Wars: Craxion vs Defugel Archer Package,2026-07-06,pre_launch_wishlist_rank,2026-06-30,-6,,not_collected,
4822390,Iverian Wars: Craxion vs Defugel Archer Package,2026-07-06,pre_launch_wishlist_rank,2026-07-01,-5,,not_collected,
4822390,Iverian Wars: Craxion vs Defugel Archer Package,2026-07-06,pre_launch_wishlist_rank,2026-07-02,-4,,not_collected,
4822390,Iverian Wars: Craxion vs Defugel Archer Package,2026-07-06,pre_launch_wishlist_rank,2026-07-03,-3,,not_in_captured_wishlist_ranking,
4822390,Iverian Wars: Craxion vs Defugel Archer Package,2026-07-06,pre_launch_wishlist_rank,2026-07-04,-2,,not_in_captured_wishlist_ranking,
4822390,Iverian Wars: Craxion vs Defugel Archer Package,2026-07-06,pre_launch_wishlist_rank,2026-07-05,-1,,not_in_captured_wishlist_ranking,
4822390,Iverian Wars: Craxion vs Defugel Archer Package,2026-07-06,post_launch_reviews_total,2026-07-06,0,0,ok,2026-07-06T04:31:47.397Z
4822390,Iverian Wars: Craxion vs Defugel Archer Package,2026-07-06,post_launch_reviews_total,2026-07-07,1,,not_collected,
4822390,Iverian Wars: Craxion vs Defugel Archer Package,2026-07-06,post_launch_reviews_total,2026-07-08,2,,not_collected,
4822390,Iverian Wars: Craxion vs Defugel Archer Package,2026-07-06,post_launch_reviews_total,2026-07-09,3,,not_collected,
4822390,Iverian Wars: Craxion vs Defugel Archer Package,2026-07-06,post_launch_reviews_total,2026-07-10,4,,not_collected,
4822390,Iverian Wars: Craxion vs Defugel Archer Package,2026-07-06,post_launch_reviews_total,2026-07-11,5,,not_collected,
4822390,Iverian Wars: Craxion vs Defugel Archer Package,2026-07-06,post_launch_reviews_total,2026-07-12,6,,not_collected,
4822390,Iverian Wars: Craxion vs Defugel Archer Package,2026-07-06,post_launch_reviews_total,2026-07-13,7,,not_collected,
4822380,Iverian Wars: Craxion vs Defugel Assassin Package,2026-07-06,pre_launch_wishlist_rank,2026-06-29,-7,,not_collected,
4822380,Iverian Wars: Craxion vs Defugel Assassin Package,2026-07-06,pre_launch_wishlist_rank,2026-06-30,-6,,not_collected,
4822380,Iverian Wars: Craxion vs Defugel Assassin Package,2026-07-06,pre_launch_wishlist_rank,2026-07-01,-5,,not_collected,
4822380,Iverian Wars: Craxion vs Defugel Assassin Package,2026-07-06,pre_launch_wishlist_rank,2026-07-02,-4,,not_collected,
4822380,Iverian Wars: Craxion vs Defugel Assassin Package,2026-07-06,pre_launch_wishlist_rank,2026-07-03,-3,,not_in_captured_wishlist_ranking,
4822380,Iverian Wars: Craxion vs Defugel Assassin Package,2026-07-06,pre_launch_wishlist_rank,2026-07-04,-2,,not_in_captured_wishlist_ranking,
4822380,Iverian Wars: Craxion vs Defugel Assassin Package,2026-07-06,pre_launch_wishlist_rank,2026-07-05,-1,,not_in_captured_wishlist_ranking,
4822380,Iverian Wars: Craxion vs Defugel Assassin Package,2026-07-06,post_launch_reviews_total,2026-07-06,0,0,ok,2026-07-06T04:31:47.397Z
4822380,Iverian Wars: Craxion vs Defugel Assassin Package,2026-07-06,post_launch_reviews_total,2026-07-07,1,,not_collected,
4822380,Iverian Wars: Craxion vs Defugel Assassin Package,2026-07-06,post_launch_reviews_total,2026-07-08,2,,not_collected,
4822380,Iverian Wars: Craxion vs Defugel Assassin Package,2026-07-06,post_launch_reviews_total,2026-07-09,3,,not_collected,
4822380,Iverian Wars: Craxion vs Defugel Assassin Package,2026-07-06,post_launch_reviews_total,2026-07-10,4,,not_collected,
4822380,Iverian Wars: Craxion vs Defugel Assassin Package,2026-07-06,post_launch_reviews_total,2026-07-11,5,,not_collected,
4822380,Iverian Wars: Craxion vs Defugel Assassin Package,2026-07-06,post_launch_reviews_total,2026-07-12,6,,not_collected,
4822380,Iverian Wars: Craxion vs Defugel Assassin Package,2026-07-06,post_launch_reviews_total,2026-07-13,7,,not_collected,
4822370,Iverian Wars: Craxion vs Defugel Warrior Package,2026-07-06,pre_launch_wishlist_rank,2026-06-29,-7,,not_collected,
4822370,Iverian Wars: Craxion vs Defugel Warrior Package,2026-07-06,pre_launch_wishlist_rank,2026-06-30,-6,,not_collected,
4822370,Iverian Wars: Craxion vs Defugel Warrior Package,2026-07-06,pre_launch_wishlist_rank,2026-07-01,-5,,not_collected,
4822370,Iverian Wars: Craxion vs Defugel Warrior Package,2026-07-06,pre_launch_wishlist_rank,2026-07-02,-4,,not_collected,
4822370,Iverian Wars: Craxion vs Defugel Warrior Package,2026-07-06,pre_launch_wishlist_rank,2026-07-03,-3,,not_in_captured_wishlist_ranking,
4822370,Iverian Wars: Craxion vs Defugel Warrior Package,2026-07-06,pre_launch_wishlist_rank,2026-07-04,-2,,not_in_captured_wishlist_ranking,
4822370,Iverian Wars: Craxion vs Defugel Warrior Package,2026-07-06,pre_launch_wishlist_rank,2026-07-05,-1,,not_in_captured_wishlist_ranking,
4822370,Iverian Wars: Craxion vs Defugel Warrior Package,2026-07-06,post_launch_reviews_total,2026-07-06,0,0,ok,2026-07-06T04:31:47.397Z
4822370,Iverian Wars: Craxion vs Defugel Warrior Package,2026-07-06,post_launch_reviews_total,2026-07-07,1,,not_collected,
4822370,Iverian Wars: Craxion vs Defugel Warrior Package,2026-07-06,post_launch_reviews_total,2026-07-08,2,,not_collected,
4822370,Iverian Wars: Craxion vs Defugel Warrior Package,2026-07-06,post_launch_reviews_total,2026-07-09,3,,not_collected,
4822370,Iverian Wars: Craxion vs Defugel Warrior Package,2026-07-06,post_launch_reviews_total,2026-07-10,4,,not_collected,
4822370,Iverian Wars: Craxion vs Defugel Warrior Package,2026-07-06,post_launch_reviews_total,2026-07-11,5,,not_collected,
4822370,Iverian Wars: Craxion vs Defugel Warrior Package,2026-07-06,post_launch_reviews_total,2026-07-12,6,,not_collected,
4822370,Iverian Wars: Craxion vs Defugel Warrior Package,2026-07-06,post_launch_reviews_total,2026-07-13,7,,not_collected,
4775410,Jeffrey Eggstein,2026-07-17,pre_launch_wishlist_rank,2026-07-10,-7,1826,ok,2026-07-10T05:43:57.377Z
4775410,Jeffrey Eggstein,2026-07-17,pre_launch_wishlist_rank,2026-07-11,-6,1759,ok,2026-07-11T04:45:57.358Z
4775410,Jeffrey Eggstein,2026-07-17,pre_launch_wishlist_rank,2026-07-12,-5,1691,ok,2026-07-12T04:57:39.930Z
4775410,Jeffrey Eggstein,2026-07-17,pre_launch_wishlist_rank,2026-07-13,-4,1515,ok,2026-07-13T05:04:37.802Z
4775410,Jeffrey Eggstein,2026-07-17,pre_launch_wishlist_rank,2026-07-14,-3,1393,ok,2026-07-14T04:32:48.120Z
4775410,Jeffrey Eggstein,2026-07-17,pre_launch_wishlist_rank,2026-07-15,-2,1295,ok,2026-07-15T04:32:45.763Z
4775410,Jeffrey Eggstein,2026-07-17,pre_launch_wishlist_rank,2026-07-16,-1,1216,ok,2026-07-16T04:42:31.378Z
4775410,Jeffrey Eggstein,2026-07-17,post_launch_reviews_total,2026-07-17,0,0,ok,2026-07-17T04:45:39.030Z
4775410,Jeffrey Eggstein,2026-07-17,post_launch_reviews_total,2026-07-18,1,,not_collected,
4775410,Jeffrey Eggstein,2026-07-17,post_launch_reviews_total,2026-07-19,2,,not_collected,
4775410,Jeffrey Eggstein,2026-07-17,post_launch_reviews_total,2026-07-20,3,,not_collected,
4775410,Jeffrey Eggstein,2026-07-17,post_launch_reviews_total,2026-07-21,4,,not_collected,
4775410,Jeffrey Eggstein,2026-07-17,post_launch_reviews_total,2026-07-22,5,,not_collected,
4775410,Jeffrey Eggstein,2026-07-17,post_launch_reviews_total,2026-07-23,6,,not_collected,
4775410,Jeffrey Eggstein,2026-07-17,post_launch_reviews_total,2026-07-24,7,,not_collected,
5001630,Jiahao,2026-08-31,pre_launch_wishlist_rank,2026-08-24,-7,,not_in_captured_wishlist_ranking,
5001630,Jiahao,2026-08-31,pre_launch_wishlist_rank,2026-08-25,-6,,not_in_captured_wishlist_ranking,
5001630,Jiahao,2026-08-31,pre_launch_wishlist_rank,2026-08-26,-5,,not_in_captured_wishlist_ranking,
5001630,Jiahao,2026-08-31,pre_launch_wishlist_rank,2026-08-27,-4,,not_in_captured_wishlist_ranking,
5001630,Jiahao,2026-08-31,pre_launch_wishlist_rank,2026-08-28,-3,,not_in_captured_wishlist_ranking,
5001630,Jiahao,2026-08-31,pre_launch_wishlist_rank,2026-08-29,-2,,not_in_captured_wishlist_ranking,
5001630,Jiahao,2026-08-31,pre_launch_wishlist_rank,2026-08-30,-1,,not_in_captured_wishlist_ranking,
5001630,Jiahao,2026-08-31,post_launch_reviews_total,2026-08-31,0,0,ok,2026-08-31T07:32:46.352Z
5001630,Jiahao,2026-08-31,post_launch_reviews_total,2026-09-01,1,,not_collected,
5001630,Jiahao,2026-08-31,post_launch_reviews_total,2026-09-02,2,,not_collected,
5001630,Jiahao,2026-08-31,post_launch_reviews_total,2026-09-03,3,,not_collected,
5001630,Jiahao,2026-08-31,post_launch_reviews_total,2026-09-04,4,,not_collected,
5001630,Jiahao,2026-08-31,post_launch_reviews_total,2026-09-05,5,,not_collected,
5001630,Jiahao,2026-08-31,post_launch_reviews_total,2026-09-06,6,,not_collected,
5001630,Jiahao,2026-08-31,post_launch_reviews_total,2026-09-07,7,,not_collected,
4553980,Jurassic World Evolution 3: Crocodilia Coast,2026-08-11,pre_launch_wishlist_rank,2026-08-04,-7,,not_in_captured_wishlist_ranking,
4553980,Jurassic World Evolution 3: Crocodilia Coast,2026-08-11,pre_launch_wishlist_rank,2026-08-05,-6,,not_in_captured_wishlist_ranking,
4553980,Jurassic World Evolution 3: Crocodilia Coast,2026-08-11,pre_launch_wishlist_rank,2026-08-06,-5,,not_in_captured_wishlist_ranking,
4553980,Jurassic World Evolution 3: Crocodilia Coast,2026-08-11,pre_launch_wishlist_rank,2026-08-07,-4,,not_in_captured_wishlist_ranking,
4553980,Jurassic World Evolution 3: Crocodilia Coast,2026-08-11,pre_launch_wishlist_rank,2026-08-08,-3,,not_in_captured_wishlist_ranking,
4553980,Jurassic World Evolution 3: Crocodilia Coast,2026-08-11,pre_launch_wishlist_rank,2026-08-09,-2,,not_in_captured_wishlist_ranking,
4553980,Jurassic World Evolution 3: Crocodilia Coast,2026-08-11,pre_launch_wishlist_rank,2026-08-10,-1,,not_in_captured_wishlist_ranking,
4553980,Jurassic World Evolution 3: Crocodilia Coast,2026-08-11,post_launch_reviews_total,2026-08-11,0,0,ok,2026-08-11T03:21:55.619Z
4553980,Jurassic World Evolution 3: Crocodilia Coast,2026-08-11,post_launch_reviews_total,2026-08-12,1,,not_collected,
4553980,Jurassic World Evolution 3: Crocodilia Coast,2026-08-11,post_launch_reviews_total,2026-08-13,2,,not_collected,
4553980,Jurassic World Evolution 3: Crocodilia Coast,2026-08-11,post_launch_reviews_total,2026-08-14,3,,not_collected,
4553980,Jurassic World Evolution 3: Crocodilia Coast,2026-08-11,post_launch_reviews_total,2026-08-15,4,,not_collected,
4553980,Jurassic World Evolution 3: Crocodilia Coast,2026-08-11,post_launch_reviews_total,2026-08-16,5,,not_collected,
4553980,Jurassic World Evolution 3: Crocodilia Coast,2026-08-11,post_launch_reviews_total,2026-08-17,6,,not_collected,
4553980,Jurassic World Evolution 3: Crocodilia Coast,2026-08-11,post_launch_reviews_total,2026-08-18,7,,not_collected,
4446120,Keepy UP,2026-07-03,pre_launch_wishlist_rank,2026-06-26,-7,,not_collected,
4446120,Keepy UP,2026-07-03,pre_launch_wishlist_rank,2026-06-27,-6,,not_collected,
4446120,Keepy UP,2026-07-03,pre_launch_wishlist_rank,2026-06-28,-5,,not_collected,
4446120,Keepy UP,2026-07-03,pre_launch_wishlist_rank,2026-06-29,-4,,not_collected,
4446120,Keepy UP,2026-07-03,pre_launch_wishlist_rank,2026-06-30,-3,,not_collected,
4446120,Keepy UP,2026-07-03,pre_launch_wishlist_rank,2026-07-01,-2,,not_collected,
4446120,Keepy UP,2026-07-03,pre_launch_wishlist_rank,2026-07-02,-1,,not_collected,
4446120,Keepy UP,2026-07-03,post_launch_reviews_total,2026-07-03,0,0,ok,2026-07-03T04:27:24.412Z
4446120,Keepy UP,2026-07-03,post_launch_reviews_total,2026-07-04,1,,not_collected,
4446120,Keepy UP,2026-07-03,post_launch_reviews_total,2026-07-05,2,,not_collected,
4446120,Keepy UP,2026-07-03,post_launch_reviews_total,2026-07-06,3,,not_collected,
4446120,Keepy UP,2026-07-03,post_launch_reviews_total,2026-07-07,4,,not_collected,
4446120,Keepy UP,2026-07-03,post_launch_reviews_total,2026-07-08,5,,not_collected,
4446120,Keepy UP,2026-07-03,post_launch_reviews_total,2026-07-09,6,,not_collected,
4446120,Keepy UP,2026-07-03,post_launch_reviews_total,2026-07-10,7,,not_collected,
4539870,Khaldun: Text Based Strategy,2026-07-06,pre_launch_wishlist_rank,2026-06-29,-7,,not_collected,
4539870,Khaldun: Text Based Strategy,2026-07-06,pre_launch_wishlist_rank,2026-06-30,-6,,not_collected,
4539870,Khaldun: Text Based Strategy,2026-07-06,pre_launch_wishlist_rank,2026-07-01,-5,,not_collected,
4539870,Khaldun: Text Based Strategy,2026-07-06,pre_launch_wishlist_rank,2026-07-02,-4,,not_collected,
4539870,Khaldun: Text Based Strategy,2026-07-06,pre_launch_wishlist_rank,2026-07-03,-3,,not_in_captured_wishlist_ranking,
4539870,Khaldun: Text Based Strategy,2026-07-06,pre_launch_wishlist_rank,2026-07-04,-2,,not_in_captured_wishlist_ranking,
4539870,Khaldun: Text Based Strategy,2026-07-06,pre_launch_wishlist_rank,2026-07-05,-1,,not_in_captured_wishlist_ranking,
4539870,Khaldun: Text Based Strategy,2026-07-06,post_launch_reviews_total,2026-07-06,0,,not_collected,
4539870,Khaldun: Text Based Strategy,2026-07-06,post_launch_reviews_total,2026-07-07,1,0,ok,2026-07-07T05:48:04.813Z
4539870,Khaldun: Text Based Strategy,2026-07-06,post_launch_reviews_total,2026-07-08,2,,not_collected,
4539870,Khaldun: Text Based Strategy,2026-07-06,post_launch_reviews_total,2026-07-09,3,,not_collected,
4539870,Khaldun: Text Based Strategy,2026-07-06,post_launch_reviews_total,2026-07-10,4,,not_collected,
4539870,Khaldun: Text Based Strategy,2026-07-06,post_launch_reviews_total,2026-07-11,5,,not_collected,
4539870,Khaldun: Text Based Strategy,2026-07-06,post_launch_reviews_total,2026-07-12,6,,not_collected,
4539870,Khaldun: Text Based Strategy,2026-07-06,post_launch_reviews_total,2026-07-13,7,,not_collected,
2660230,Kill The Shadow,2026-08-04,pre_launch_wishlist_rank,2026-07-28,-7,673,ok,2026-07-28T04:45:52.627Z
2660230,Kill The Shadow,2026-08-04,pre_launch_wishlist_rank,2026-07-29,-6,661,ok,2026-07-29T04:50:58.767Z
2660230,Kill The Shadow,2026-08-04,pre_launch_wishlist_rank,2026-07-30,-5,643,ok,2026-07-30T04:38:29.620Z
2660230,Kill The Shadow,2026-08-04,pre_launch_wishlist_rank,2026-07-31,-4,630,ok,2026-07-31T05:04:54.532Z
2660230,Kill The Shadow,2026-08-04,pre_launch_wishlist_rank,2026-08-01,-3,619,ok,2026-08-01T04:58:14.130Z
2660230,Kill The Shadow,2026-08-04,pre_launch_wishlist_rank,2026-08-02,-2,601,ok,2026-08-02T04:58:24.052Z
2660230,Kill The Shadow,2026-08-04,pre_launch_wishlist_rank,2026-08-03,-1,573,ok,2026-08-03T05:07:42.912Z
2660230,Kill The Shadow,2026-08-04,post_launch_reviews_total,2026-08-04,0,0,ok,2026-08-04T04:47:02.633Z
2660230,Kill The Shadow,2026-08-04,post_launch_reviews_total,2026-08-05,1,,not_collected,
2660230,Kill The Shadow,2026-08-04,post_launch_reviews_total,2026-08-06,2,,not_collected,
2660230,Kill The Shadow,2026-08-04,post_launch_reviews_total,2026-08-07,3,,not_collected,
2660230,Kill The Shadow,2026-08-04,post_launch_reviews_total,2026-08-08,4,,not_collected,
2660230,Kill The Shadow,2026-08-04,post_launch_reviews_total,2026-08-09,5,,not_collected,
2660230,Kill The Shadow,2026-08-04,post_launch_reviews_total,2026-08-10,6,,not_collected,
2660230,Kill The Shadow,2026-08-04,post_launch_reviews_total,2026-08-11,7,,not_collected,
3330210,Kinny and the Cosmic Cauldron,2026-07-27,pre_launch_wishlist_rank,2026-07-20,-7,1677,ok,2026-07-20T05:09:45.900Z
3330210,Kinny and the Cosmic Cauldron,2026-07-27,pre_launch_wishlist_rank,2026-07-21,-6,1650,ok,2026-07-21T04:50:39.944Z
3330210,Kinny and the Cosmic Cauldron,2026-07-27,pre_launch_wishlist_rank,2026-07-22,-5,1617,ok,2026-07-22T04:50:32.272Z
3330210,Kinny and the Cosmic Cauldron,2026-07-27,pre_launch_wishlist_rank,2026-07-23,-4,1586,ok,2026-07-23T04:56:12.842Z
3330210,Kinny and the Cosmic Cauldron,2026-07-27,pre_launch_wishlist_rank,2026-07-24,-3,1564,ok,2026-07-24T04:51:55.902Z
3330210,Kinny and the Cosmic Cauldron,2026-07-27,pre_launch_wishlist_rank,2026-07-25,-2,1540,ok,2026-07-25T04:47:58.982Z
3330210,Kinny and the Cosmic Cauldron,2026-07-27,pre_launch_wishlist_rank,2026-07-26,-1,1488,ok,2026-07-26T05:02:25.100Z
3330210,Kinny and the Cosmic Cauldron,2026-07-27,post_launch_reviews_total,2026-07-27,0,0,ok,2026-07-27T05:28:24.621Z
3330210,Kinny and the Cosmic Cauldron,2026-07-27,post_launch_reviews_total,2026-07-28,1,,not_collected,
3330210,Kinny and the Cosmic Cauldron,2026-07-27,post_launch_reviews_total,2026-07-29,2,,not_collected,
3330210,Kinny and the Cosmic Cauldron,2026-07-27,post_launch_reviews_total,2026-07-30,3,,not_collected,
3330210,Kinny and the Cosmic Cauldron,2026-07-27,post_launch_reviews_total,2026-07-31,4,,not_collected,
3330210,Kinny and the Cosmic Cauldron,2026-07-27,post_launch_reviews_total,2026-08-01,5,,not_collected,
3330210,Kinny and the Cosmic Cauldron,2026-07-27,post_launch_reviews_total,2026-08-02,6,,not_collected,
3330210,Kinny and the Cosmic Cauldron,2026-07-27,post_launch_reviews_total,2026-08-03,7,,not_collected,
4242040,Koikata: How Our Love Grows,2026-08-25,pre_launch_wishlist_rank,2026-08-18,-7,,not_in_captured_wishlist_ranking,
4242040,Koikata: How Our Love Grows,2026-08-25,pre_launch_wishlist_rank,2026-08-19,-6,,not_in_captured_wishlist_ranking,
4242040,Koikata: How Our Love Grows,2026-08-25,pre_launch_wishlist_rank,2026-08-20,-5,,not_in_captured_wishlist_ranking,
4242040,Koikata: How Our Love Grows,2026-08-25,pre_launch_wishlist_rank,2026-08-21,-4,,not_in_captured_wishlist_ranking,
4242040,Koikata: How Our Love Grows,2026-08-25,pre_launch_wishlist_rank,2026-08-22,-3,,not_in_captured_wishlist_ranking,
4242040,Koikata: How Our Love Grows,2026-08-25,pre_launch_wishlist_rank,2026-08-23,-2,,not_in_captured_wishlist_ranking,
4242040,Koikata: How Our Love Grows,2026-08-25,pre_launch_wishlist_rank,2026-08-24,-1,,not_in_captured_wishlist_ranking,
4242040,Koikata: How Our Love Grows,2026-08-25,post_launch_reviews_total,2026-08-25,0,0,ok,2026-08-25T02:42:46.392Z
4242040,Koikata: How Our Love Grows,2026-08-25,post_launch_reviews_total,2026-08-26,1,,not_collected,
4242040,Koikata: How Our Love Grows,2026-08-25,post_launch_reviews_total,2026-08-27,2,,not_collected,
4242040,Koikata: How Our Love Grows,2026-08-25,post_launch_reviews_total,2026-08-28,3,,not_collected,
4242040,Koikata: How Our Love Grows,2026-08-25,post_launch_reviews_total,2026-08-29,4,,not_collected,
4242040,Koikata: How Our Love Grows,2026-08-25,post_launch_reviews_total,2026-08-30,5,,not_collected,
4242040,Koikata: How Our Love Grows,2026-08-25,post_launch_reviews_total,2026-08-31,6,,not_collected,
4242040,Koikata: How Our Love Grows,2026-08-25,post_launch_reviews_total,2026-09-01,7,,not_collected,
247970,Korea. IL-2 Series,2026-08-04,pre_launch_wishlist_rank,2026-07-28,-7,620,ok,2026-07-28T04:45:52.627Z
247970,Korea. IL-2 Series,2026-08-04,pre_launch_wishlist_rank,2026-07-29,-6,605,ok,2026-07-29T04:50:58.767Z
247970,Korea. IL-2 Series,2026-08-04,pre_launch_wishlist_rank,2026-07-30,-5,594,ok,2026-07-30T04:38:29.620Z
247970,Korea. IL-2 Series,2026-08-04,pre_launch_wishlist_rank,2026-07-31,-4,580,ok,2026-07-31T05:04:54.532Z
247970,Korea. IL-2 Series,2026-08-04,pre_launch_wishlist_rank,2026-08-01,-3,571,ok,2026-08-01T04:58:14.130Z
247970,Korea. IL-2 Series,2026-08-04,pre_launch_wishlist_rank,2026-08-02,-2,559,ok,2026-08-02T04:58:24.052Z
247970,Korea. IL-2 Series,2026-08-04,pre_launch_wishlist_rank,2026-08-03,-1,534,ok,2026-08-03T05:07:42.912Z
247970,Korea. IL-2 Series,2026-08-04,post_launch_reviews_total,2026-08-04,0,0,ok,2026-08-04T04:47:02.633Z
247970,Korea. IL-2 Series,2026-08-04,post_launch_reviews_total,2026-08-05,1,,not_collected,
247970,Korea. IL-2 Series,2026-08-04,post_launch_reviews_total,2026-08-06,2,,not_collected,
247970,Korea. IL-2 Series,2026-08-04,post_launch_reviews_total,2026-08-07,3,,not_collected,
247970,Korea. IL-2 Series,2026-08-04,post_launch_reviews_total,2026-08-08,4,,not_collected,
247970,Korea. IL-2 Series,2026-08-04,post_launch_reviews_total,2026-08-09,5,,not_collected,
247970,Korea. IL-2 Series,2026-08-04,post_launch_reviews_total,2026-08-10,6,,not_collected,
247970,Korea. IL-2 Series,2026-08-04,post_launch_reviews_total,2026-08-11,7,,not_collected,
4294490,"KOTAMON: My Sis Found A Super-Rare Card In Her Cereal Box, So I Became A Garbage Man To Find The Entire Collection And Earn $1,000,000",2026-08-20,pre_launch_wishlist_rank,2026-08-13,-7,533,ok,2026-08-13T03:51:51.678Z
4294490,"KOTAMON: My Sis Found A Super-Rare Card In Her Cereal Box, So I Became A Garbage Man To Find The Entire Collection And Earn $1,000,000",2026-08-20,pre_launch_wishlist_rank,2026-08-14,-6,514,ok,2026-08-14T03:41:13.555Z
4294490,"KOTAMON: My Sis Found A Super-Rare Card In Her Cereal Box, So I Became A Garbage Man To Find The Entire Collection And Earn $1,000,000",2026-08-20,pre_launch_wishlist_rank,2026-08-15,-5,506,ok,2026-08-15T02:36:13.648Z
4294490,"KOTAMON: My Sis Found A Super-Rare Card In Her Cereal Box, So I Became A Garbage Man To Find The Entire Collection And Earn $1,000,000",2026-08-20,pre_launch_wishlist_rank,2026-08-16,-4,498,ok,2026-08-16T02:45:28.861Z
4294490,"KOTAMON: My Sis Found A Super-Rare Card In Her Cereal Box, So I Became A Garbage Man To Find The Entire Collection And Earn $1,000,000",2026-08-20,pre_launch_wishlist_rank,2026-08-17,-3,480,ok,2026-08-17T02:45:10.258Z
4294490,"KOTAMON: My Sis Found A Super-Rare Card In Her Cereal Box, So I Became A Garbage Man To Find The Entire Collection And Earn $1,000,000",2026-08-20,pre_launch_wishlist_rank,2026-08-18,-2,462,ok,2026-08-18T02:39:27.140Z
4294490,"KOTAMON: My Sis Found A Super-Rare Card In Her Cereal Box, So I Became A Garbage Man To Find The Entire Collection And Earn $1,000,000",2026-08-20,pre_launch_wishlist_rank,2026-08-19,-1,446,ok,2026-08-19T02:42:36.358Z
4294490,"KOTAMON: My Sis Found A Super-Rare Card In Her Cereal Box, So I Became A Garbage Man To Find The Entire Collection And Earn $1,000,000",2026-08-20,post_launch_reviews_total,2026-08-20,0,0,ok,2026-08-20T02:40:42.136Z
4294490,"KOTAMON: My Sis Found A Super-Rare Card In Her Cereal Box, So I Became A Garbage Man To Find The Entire Collection And Earn $1,000,000",2026-08-20,post_launch_reviews_total,2026-08-21,1,,not_collected,
4294490,"KOTAMON: My Sis Found A Super-Rare Card In Her Cereal Box, So I Became A Garbage Man To Find The Entire Collection And Earn $1,000,000",2026-08-20,post_launch_reviews_total,2026-08-22,2,,not_collected,
4294490,"KOTAMON: My Sis Found A Super-Rare Card In Her Cereal Box, So I Became A Garbage Man To Find The Entire Collection And Earn $1,000,000",2026-08-20,post_launch_reviews_total,2026-08-23,3,,not_collected,
4294490,"KOTAMON: My Sis Found A Super-Rare Card In Her Cereal Box, So I Became A Garbage Man To Find The Entire Collection And Earn $1,000,000",2026-08-20,post_launch_reviews_total,2026-08-24,4,,not_collected,
4294490,"KOTAMON: My Sis Found A Super-Rare Card In Her Cereal Box, So I Became A Garbage Man To Find The Entire Collection And Earn $1,000,000",2026-08-20,post_launch_reviews_total,2026-08-25,5,,not_collected,
4294490,"KOTAMON: My Sis Found A Super-Rare Card In Her Cereal Box, So I Became A Garbage Man To Find The Entire Collection And Earn $1,000,000",2026-08-20,post_launch_reviews_total,2026-08-26,6,,not_collected,
4294490,"KOTAMON: My Sis Found A Super-Rare Card In Her Cereal Box, So I Became A Garbage Man To Find The Entire Collection And Earn $1,000,000",2026-08-20,post_launch_reviews_total,2026-08-27,7,,not_collected,
1714510,Kusan: City of Wolves,2026-07-30,pre_launch_wishlist_rank,2026-07-23,-7,837,ok,2026-07-23T04:56:12.842Z
1714510,Kusan: City of Wolves,2026-07-30,pre_launch_wishlist_rank,2026-07-24,-6,827,ok,2026-07-24T04:51:55.902Z
1714510,Kusan: City of Wolves,2026-07-30,pre_launch_wishlist_rank,2026-07-25,-5,824,ok,2026-07-25T04:47:58.982Z
1714510,Kusan: City of Wolves,2026-07-30,pre_launch_wishlist_rank,2026-07-26,-4,816,ok,2026-07-26T05:02:25.100Z
1714510,Kusan: City of Wolves,2026-07-30,pre_launch_wishlist_rank,2026-07-27,-3,799,ok,2026-07-27T05:28:24.621Z
1714510,Kusan: City of Wolves,2026-07-30,pre_launch_wishlist_rank,2026-07-28,-2,779,ok,2026-07-28T04:45:52.627Z
1714510,Kusan: City of Wolves,2026-07-30,pre_launch_wishlist_rank,2026-07-29,-1,756,ok,2026-07-29T04:50:58.767Z
1714510,Kusan: City of Wolves,2026-07-30,post_launch_reviews_total,2026-07-30,0,0,ok,2026-07-30T04:38:29.620Z
1714510,Kusan: City of Wolves,2026-07-30,post_launch_reviews_total,2026-07-31,1,,not_collected,
1714510,Kusan: City of Wolves,2026-07-30,post_launch_reviews_total,2026-08-01,2,,not_collected,
1714510,Kusan: City of Wolves,2026-07-30,post_launch_reviews_total,2026-08-02,3,,not_collected,
1714510,Kusan: City of Wolves,2026-07-30,post_launch_reviews_total,2026-08-03,4,,not_collected,
1714510,Kusan: City of Wolves,2026-07-30,post_launch_reviews_total,2026-08-04,5,,not_collected,
1714510,Kusan: City of Wolves,2026-07-30,post_launch_reviews_total,2026-08-05,6,,not_collected,
1714510,Kusan: City of Wolves,2026-07-30,post_launch_reviews_total,2026-08-06,7,,not_collected,
4449410,KYOTO XANADU -the Blooming Phantom-,2026-07-16,pre_launch_wishlist_rank,2026-07-09,-7,1566,ok,2026-07-09T05:46:21.155Z
4449410,KYOTO XANADU -the Blooming Phantom-,2026-07-16,pre_launch_wishlist_rank,2026-07-10,-6,1526,ok,2026-07-10T05:43:57.377Z
4449410,KYOTO XANADU -the Blooming Phantom-,2026-07-16,pre_launch_wishlist_rank,2026-07-11,-5,1459,ok,2026-07-11T04:45:57.358Z
4449410,KYOTO XANADU -the Blooming Phantom-,2026-07-16,pre_launch_wishlist_rank,2026-07-12,-4,1409,ok,2026-07-12T04:57:39.930Z
4449410,KYOTO XANADU -the Blooming Phantom-,2026-07-16,pre_launch_wishlist_rank,2026-07-13,-3,1348,ok,2026-07-13T05:04:37.802Z
4449410,KYOTO XANADU -the Blooming Phantom-,2026-07-16,pre_launch_wishlist_rank,2026-07-14,-2,1291,ok,2026-07-14T04:32:48.120Z
4449410,KYOTO XANADU -the Blooming Phantom-,2026-07-16,pre_launch_wishlist_rank,2026-07-15,-1,1239,ok,2026-07-15T04:32:45.763Z
4449410,KYOTO XANADU -the Blooming Phantom-,2026-07-16,post_launch_reviews_total,2026-07-16,0,0,ok,2026-07-16T04:42:31.378Z
4449410,KYOTO XANADU -the Blooming Phantom-,2026-07-16,post_launch_reviews_total,2026-07-17,1,,not_collected,
4449410,KYOTO XANADU -the Blooming Phantom-,2026-07-16,post_launch_reviews_total,2026-07-18,2,,not_collected,
4449410,KYOTO XANADU -the Blooming Phantom-,2026-07-16,post_launch_reviews_total,2026-07-19,3,,not_collected,
4449410,KYOTO XANADU -the Blooming Phantom-,2026-07-16,post_launch_reviews_total,2026-07-20,4,,not_collected,
4449410,KYOTO XANADU -the Blooming Phantom-,2026-07-16,post_launch_reviews_total,2026-07-21,5,,not_collected,
4449410,KYOTO XANADU -the Blooming Phantom-,2026-07-16,post_launch_reviews_total,2026-07-22,6,,not_collected,
4449410,KYOTO XANADU -the Blooming Phantom-,2026-07-16,post_launch_reviews_total,2026-07-23,7,,not_collected,
4453320,Laballatory,2026-07-02,pre_launch_wishlist_rank,2026-06-25,-7,,not_collected,
4453320,Laballatory,2026-07-02,pre_launch_wishlist_rank,2026-06-26,-6,,not_collected,
4453320,Laballatory,2026-07-02,pre_launch_wishlist_rank,2026-06-27,-5,,not_collected,
4453320,Laballatory,2026-07-02,pre_launch_wishlist_rank,2026-06-28,-4,,not_collected,
4453320,Laballatory,2026-07-02,pre_launch_wishlist_rank,2026-06-29,-3,,not_collected,
4453320,Laballatory,2026-07-02,pre_launch_wishlist_rank,2026-06-30,-2,,not_collected,
4453320,Laballatory,2026-07-02,pre_launch_wishlist_rank,2026-07-01,-1,,not_collected,
4453320,Laballatory,2026-07-02,post_launch_reviews_total,2026-07-02,0,,not_collected,
4453320,Laballatory,2026-07-02,post_launch_reviews_total,2026-07-03,1,0,ok,2026-07-03T04:27:24.412Z
4453320,Laballatory,2026-07-02,post_launch_reviews_total,2026-07-04,2,,not_collected,
4453320,Laballatory,2026-07-02,post_launch_reviews_total,2026-07-05,3,,not_collected,
4453320,Laballatory,2026-07-02,post_launch_reviews_total,2026-07-06,4,,not_collected,
4453320,Laballatory,2026-07-02,post_launch_reviews_total,2026-07-07,5,,not_collected,
4453320,Laballatory,2026-07-02,post_launch_reviews_total,2026-07-08,6,,not_collected,
4453320,Laballatory,2026-07-02,post_launch_reviews_total,2026-07-09,7,,not_collected,
4540610,Labyrinth of Whiskers,2026-07-02,pre_launch_wishlist_rank,2026-06-25,-7,,not_collected,
4540610,Labyrinth of Whiskers,2026-07-02,pre_launch_wishlist_rank,2026-06-26,-6,,not_collected,
4540610,Labyrinth of Whiskers,2026-07-02,pre_launch_wishlist_rank,2026-06-27,-5,,not_collected,
4540610,Labyrinth of Whiskers,2026-07-02,pre_launch_wishlist_rank,2026-06-28,-4,,not_collected,
4540610,Labyrinth of Whiskers,2026-07-02,pre_launch_wishlist_rank,2026-06-29,-3,,not_collected,
4540610,Labyrinth of Whiskers,2026-07-02,pre_launch_wishlist_rank,2026-06-30,-2,,not_collected,
4540610,Labyrinth of Whiskers,2026-07-02,pre_launch_wishlist_rank,2026-07-01,-1,,not_collected,
4540610,Labyrinth of Whiskers,2026-07-02,post_launch_reviews_total,2026-07-02,0,,not_collected,
4540610,Labyrinth of Whiskers,2026-07-02,post_launch_reviews_total,2026-07-03,1,0,ok,2026-07-03T04:27:24.412Z
4540610,Labyrinth of Whiskers,2026-07-02,post_launch_reviews_total,2026-07-04,2,,not_collected,
4540610,Labyrinth of Whiskers,2026-07-02,post_launch_reviews_total,2026-07-05,3,,not_collected,
4540610,Labyrinth of Whiskers,2026-07-02,post_launch_reviews_total,2026-07-06,4,,not_collected,
4540610,Labyrinth of Whiskers,2026-07-02,post_launch_reviews_total,2026-07-07,5,,not_collected,
4540610,Labyrinth of Whiskers,2026-07-02,post_launch_reviews_total,2026-07-08,6,,not_collected,
4540610,Labyrinth of Whiskers,2026-07-02,post_launch_reviews_total,2026-07-09,7,,not_collected,
2954890,Lady Death Demonicron,2026-08-31,pre_launch_wishlist_rank,2026-08-24,-7,1547,ok,2026-08-24T02:48:36.097Z
2954890,Lady Death Demonicron,2026-08-31,pre_launch_wishlist_rank,2026-08-25,-6,1517,ok,2026-08-25T02:42:46.392Z
2954890,Lady Death Demonicron,2026-08-31,pre_launch_wishlist_rank,2026-08-26,-5,1491,ok,2026-08-26T02:50:15.789Z
2954890,Lady Death Demonicron,2026-08-31,pre_launch_wishlist_rank,2026-08-27,-4,1461,ok,2026-08-27T11:57:45.810Z
2954890,Lady Death Demonicron,2026-08-31,pre_launch_wishlist_rank,2026-08-28,-3,1446,ok,2026-08-28T13:19:41.332Z
2954890,Lady Death Demonicron,2026-08-31,pre_launch_wishlist_rank,2026-08-29,-2,1423,ok,2026-08-29T08:16:08.181Z
2954890,Lady Death Demonicron,2026-08-31,pre_launch_wishlist_rank,2026-08-30,-1,1390,ok,2026-08-30T07:17:27.365Z
2954890,Lady Death Demonicron,2026-08-31,post_launch_reviews_total,2026-08-31,0,,not_collected,
2954890,Lady Death Demonicron,2026-08-31,post_launch_reviews_total,2026-09-01,1,,not_collected,
2954890,Lady Death Demonicron,2026-08-31,post_launch_reviews_total,2026-09-02,2,,not_collected,
2954890,Lady Death Demonicron,2026-08-31,post_launch_reviews_total,2026-09-03,3,,not_collected,
2954890,Lady Death Demonicron,2026-08-31,post_launch_reviews_total,2026-09-04,4,,not_collected,
2954890,Lady Death Demonicron,2026-08-31,post_launch_reviews_total,2026-09-05,5,,not_collected,
2954890,Lady Death Demonicron,2026-08-31,post_launch_reviews_total,2026-09-06,6,,not_collected,
2954890,Lady Death Demonicron,2026-08-31,post_launch_reviews_total,2026-09-07,7,,not_collected,
4341810,LarsGadiel,2026-07-17,pre_launch_wishlist_rank,2026-07-10,-7,,not_in_captured_wishlist_ranking,
4341810,LarsGadiel,2026-07-17,pre_launch_wishlist_rank,2026-07-11,-6,,not_in_captured_wishlist_ranking,
4341810,LarsGadiel,2026-07-17,pre_launch_wishlist_rank,2026-07-12,-5,,not_in_captured_wishlist_ranking,
4341810,LarsGadiel,2026-07-17,pre_launch_wishlist_rank,2026-07-13,-4,,not_in_captured_wishlist_ranking,
4341810,LarsGadiel,2026-07-17,pre_launch_wishlist_rank,2026-07-14,-3,,not_in_captured_wishlist_ranking,
4341810,LarsGadiel,2026-07-17,pre_launch_wishlist_rank,2026-07-15,-2,,not_in_captured_wishlist_ranking,
4341810,LarsGadiel,2026-07-17,pre_launch_wishlist_rank,2026-07-16,-1,,not_in_captured_wishlist_ranking,
4341810,LarsGadiel,2026-07-17,post_launch_reviews_total,2026-07-17,0,0,ok,2026-07-17T04:45:39.030Z
4341810,LarsGadiel,2026-07-17,post_launch_reviews_total,2026-07-18,1,,not_collected,
4341810,LarsGadiel,2026-07-17,post_launch_reviews_total,2026-07-19,2,,not_collected,
4341810,LarsGadiel,2026-07-17,post_launch_reviews_total,2026-07-20,3,,not_collected,
4341810,LarsGadiel,2026-07-17,post_launch_reviews_total,2026-07-21,4,,not_collected,
4341810,LarsGadiel,2026-07-17,post_launch_reviews_total,2026-07-22,5,,not_collected,
4341810,LarsGadiel,2026-07-17,post_launch_reviews_total,2026-07-23,6,,not_collected,
4341810,LarsGadiel,2026-07-17,post_launch_reviews_total,2026-07-24,7,,not_collected,
3873040,Last Breath,2026-07-07,pre_launch_wishlist_rank,2026-06-30,-7,,not_collected,
3873040,Last Breath,2026-07-07,pre_launch_wishlist_rank,2026-07-01,-6,,not_collected,
3873040,Last Breath,2026-07-07,pre_launch_wishlist_rank,2026-07-02,-5,,not_collected,
3873040,Last Breath,2026-07-07,pre_launch_wishlist_rank,2026-07-03,-4,,not_in_captured_wishlist_ranking,
3873040,Last Breath,2026-07-07,pre_launch_wishlist_rank,2026-07-04,-3,,not_in_captured_wishlist_ranking,
3873040,Last Breath,2026-07-07,pre_launch_wishlist_rank,2026-07-05,-2,,not_in_captured_wishlist_ranking,
3873040,Last Breath,2026-07-07,pre_launch_wishlist_rank,2026-07-06,-1,,not_in_captured_wishlist_ranking,
3873040,Last Breath,2026-07-07,post_launch_reviews_total,2026-07-07,0,0,ok,2026-07-07T05:48:04.813Z
3873040,Last Breath,2026-07-07,post_launch_reviews_total,2026-07-08,1,,not_collected,
3873040,Last Breath,2026-07-07,post_launch_reviews_total,2026-07-09,2,,not_collected,
3873040,Last Breath,2026-07-07,post_launch_reviews_total,2026-07-10,3,,not_collected,
3873040,Last Breath,2026-07-07,post_launch_reviews_total,2026-07-11,4,,not_collected,
3873040,Last Breath,2026-07-07,post_launch_reviews_total,2026-07-12,5,,not_collected,
3873040,Last Breath,2026-07-07,post_launch_reviews_total,2026-07-13,6,,not_collected,
3873040,Last Breath,2026-07-07,post_launch_reviews_total,2026-07-14,7,,not_collected,
4298500,Last Breath 最后的气息,2026-08-28,pre_launch_wishlist_rank,2026-08-21,-7,,not_in_captured_wishlist_ranking,
4298500,Last Breath 最后的气息,2026-08-28,pre_launch_wishlist_rank,2026-08-22,-6,,not_in_captured_wishlist_ranking,
4298500,Last Breath 最后的气息,2026-08-28,pre_launch_wishlist_rank,2026-08-23,-5,,not_in_captured_wishlist_ranking,
4298500,Last Breath 最后的气息,2026-08-28,pre_launch_wishlist_rank,2026-08-24,-4,,not_in_captured_wishlist_ranking,
4298500,Last Breath 最后的气息,2026-08-28,pre_launch_wishlist_rank,2026-08-25,-3,1928,ok,2026-08-25T02:42:46.392Z
4298500,Last Breath 最后的气息,2026-08-28,pre_launch_wishlist_rank,2026-08-26,-2,1830,ok,2026-08-26T02:50:15.789Z
4298500,Last Breath 最后的气息,2026-08-28,pre_launch_wishlist_rank,2026-08-27,-1,1714,ok,2026-08-27T11:57:45.810Z
4298500,Last Breath 最后的气息,2026-08-28,post_launch_reviews_total,2026-08-28,0,,not_collected,
4298500,Last Breath 最后的气息,2026-08-28,post_launch_reviews_total,2026-08-29,1,,not_collected,
4298500,Last Breath 最后的气息,2026-08-28,post_launch_reviews_total,2026-08-30,2,,not_collected,
4298500,Last Breath 最后的气息,2026-08-28,post_launch_reviews_total,2026-08-31,3,,not_collected,
4298500,Last Breath 最后的气息,2026-08-28,post_launch_reviews_total,2026-09-01,4,,not_collected,
4298500,Last Breath 最后的气息,2026-08-28,post_launch_reviews_total,2026-09-02,5,,not_collected,
4298500,Last Breath 最后的气息,2026-08-28,post_launch_reviews_total,2026-09-03,6,,not_collected,
4298500,Last Breath 最后的气息,2026-08-28,post_launch_reviews_total,2026-09-04,7,,not_collected,
4317790,Last Pirates: Die Together,2026-08-18,pre_launch_wishlist_rank,2026-08-11,-7,517,ok,2026-08-11T03:21:55.619Z
4317790,Last Pirates: Die Together,2026-08-18,pre_launch_wishlist_rank,2026-08-12,-6,507,ok,2026-08-12T03:40:42.315Z
4317790,Last Pirates: Die Together,2026-08-18,pre_launch_wishlist_rank,2026-08-13,-5,496,ok,2026-08-13T03:51:51.678Z
4317790,Last Pirates: Die Together,2026-08-18,pre_launch_wishlist_rank,2026-08-14,-4,473,ok,2026-08-14T03:41:13.555Z
4317790,Last Pirates: Die Together,2026-08-18,pre_launch_wishlist_rank,2026-08-15,-3,455,ok,2026-08-15T02:36:13.648Z
4317790,Last Pirates: Die Together,2026-08-18,pre_launch_wishlist_rank,2026-08-16,-2,439,ok,2026-08-16T02:45:28.861Z
4317790,Last Pirates: Die Together,2026-08-18,pre_launch_wishlist_rank,2026-08-17,-1,391,ok,2026-08-17T02:45:10.258Z
4317790,Last Pirates: Die Together,2026-08-18,post_launch_reviews_total,2026-08-18,0,0,ok,2026-08-18T02:39:27.140Z
4317790,Last Pirates: Die Together,2026-08-18,post_launch_reviews_total,2026-08-19,1,,not_collected,
4317790,Last Pirates: Die Together,2026-08-18,post_launch_reviews_total,2026-08-20,2,,not_collected,
4317790,Last Pirates: Die Together,2026-08-18,post_launch_reviews_total,2026-08-21,3,,not_collected,
4317790,Last Pirates: Die Together,2026-08-18,post_launch_reviews_total,2026-08-22,4,,not_collected,
4317790,Last Pirates: Die Together,2026-08-18,post_launch_reviews_total,2026-08-23,5,,not_collected,
4317790,Last Pirates: Die Together,2026-08-18,post_launch_reviews_total,2026-08-24,6,,not_collected,
4317790,Last Pirates: Die Together,2026-08-18,post_launch_reviews_total,2026-08-25,7,,not_collected,
3971650,Lazy Witch's Factory,2026-08-20,pre_launch_wishlist_rank,2026-08-13,-7,1581,ok,2026-08-13T03:51:51.678Z
3971650,Lazy Witch's Factory,2026-08-20,pre_launch_wishlist_rank,2026-08-14,-6,1555,ok,2026-08-14T03:41:13.555Z
3971650,Lazy Witch's Factory,2026-08-20,pre_launch_wishlist_rank,2026-08-15,-5,1535,ok,2026-08-15T02:36:13.648Z
3971650,Lazy Witch's Factory,2026-08-20,pre_launch_wishlist_rank,2026-08-16,-4,1521,ok,2026-08-16T02:45:28.861Z
3971650,Lazy Witch's Factory,2026-08-20,pre_launch_wishlist_rank,2026-08-17,-3,1483,ok,2026-08-17T02:45:10.258Z
3971650,Lazy Witch's Factory,2026-08-20,pre_launch_wishlist_rank,2026-08-18,-2,1449,ok,2026-08-18T02:39:27.140Z
3971650,Lazy Witch's Factory,2026-08-20,pre_launch_wishlist_rank,2026-08-19,-1,1419,ok,2026-08-19T02:42:36.358Z
3971650,Lazy Witch's Factory,2026-08-20,post_launch_reviews_total,2026-08-20,0,0,ok,2026-08-20T02:40:42.136Z
3971650,Lazy Witch's Factory,2026-08-20,post_launch_reviews_total,2026-08-21,1,0,ok,2026-08-21T02:47:33.763Z
3971650,Lazy Witch's Factory,2026-08-20,post_launch_reviews_total,2026-08-22,2,,not_collected,
3971650,Lazy Witch's Factory,2026-08-20,post_launch_reviews_total,2026-08-23,3,,not_collected,
3971650,Lazy Witch's Factory,2026-08-20,post_launch_reviews_total,2026-08-24,4,,not_collected,
3971650,Lazy Witch's Factory,2026-08-20,post_launch_reviews_total,2026-08-25,5,,not_collected,
3971650,Lazy Witch's Factory,2026-08-20,post_launch_reviews_total,2026-08-26,6,,not_collected,
3971650,Lazy Witch's Factory,2026-08-20,post_launch_reviews_total,2026-08-27,7,,not_collected,
4906890,Le Mans Ultimate - US Track Pass,2026-07-28,pre_launch_wishlist_rank,2026-07-21,-7,,not_in_captured_wishlist_ranking,
4906890,Le Mans Ultimate - US Track Pass,2026-07-28,pre_launch_wishlist_rank,2026-07-22,-6,,not_in_captured_wishlist_ranking,
4906890,Le Mans Ultimate - US Track Pass,2026-07-28,pre_launch_wishlist_rank,2026-07-23,-5,,not_in_captured_wishlist_ranking,
4906890,Le Mans Ultimate - US Track Pass,2026-07-28,pre_launch_wishlist_rank,2026-07-24,-4,,not_in_captured_wishlist_ranking,
4906890,Le Mans Ultimate - US Track Pass,2026-07-28,pre_launch_wishlist_rank,2026-07-25,-3,,not_in_captured_wishlist_ranking,
4906890,Le Mans Ultimate - US Track Pass,2026-07-28,pre_launch_wishlist_rank,2026-07-26,-2,,not_in_captured_wishlist_ranking,
4906890,Le Mans Ultimate - US Track Pass,2026-07-28,pre_launch_wishlist_rank,2026-07-27,-1,,not_in_captured_wishlist_ranking,
4906890,Le Mans Ultimate - US Track Pass,2026-07-28,post_launch_reviews_total,2026-07-28,0,0,ok,2026-07-28T04:45:52.627Z
4906890,Le Mans Ultimate - US Track Pass,2026-07-28,post_launch_reviews_total,2026-07-29,1,,not_collected,
4906890,Le Mans Ultimate - US Track Pass,2026-07-28,post_launch_reviews_total,2026-07-30,2,,not_collected,
4906890,Le Mans Ultimate - US Track Pass,2026-07-28,post_launch_reviews_total,2026-07-31,3,,not_collected,
4906890,Le Mans Ultimate - US Track Pass,2026-07-28,post_launch_reviews_total,2026-08-01,4,,not_collected,
4906890,Le Mans Ultimate - US Track Pass,2026-07-28,post_launch_reviews_total,2026-08-02,5,,not_collected,
4906890,Le Mans Ultimate - US Track Pass,2026-07-28,post_launch_reviews_total,2026-08-03,6,,not_collected,
4906890,Le Mans Ultimate - US Track Pass,2026-07-28,post_launch_reviews_total,2026-08-04,7,,not_collected,
3558600,Leafy Corner,2026-07-30,pre_launch_wishlist_rank,2026-07-23,-7,411,ok,2026-07-23T04:56:12.842Z
3558600,Leafy Corner,2026-07-30,pre_launch_wishlist_rank,2026-07-24,-6,400,ok,2026-07-24T04:51:55.902Z
3558600,Leafy Corner,2026-07-30,pre_launch_wishlist_rank,2026-07-25,-5,388,ok,2026-07-25T04:47:58.982Z
3558600,Leafy Corner,2026-07-30,pre_launch_wishlist_rank,2026-07-26,-4,381,ok,2026-07-26T05:02:25.100Z
3558600,Leafy Corner,2026-07-30,pre_launch_wishlist_rank,2026-07-27,-3,359,ok,2026-07-27T05:28:24.621Z
3558600,Leafy Corner,2026-07-30,pre_launch_wishlist_rank,2026-07-28,-2,346,ok,2026-07-28T04:45:52.627Z
3558600,Leafy Corner,2026-07-30,pre_launch_wishlist_rank,2026-07-29,-1,332,ok,2026-07-29T04:50:58.767Z
3558600,Leafy Corner,2026-07-30,post_launch_reviews_total,2026-07-30,0,0,ok,2026-07-30T04:38:29.620Z
3558600,Leafy Corner,2026-07-30,post_launch_reviews_total,2026-07-31,1,,not_collected,
3558600,Leafy Corner,2026-07-30,post_launch_reviews_total,2026-08-01,2,,not_collected,
3558600,Leafy Corner,2026-07-30,post_launch_reviews_total,2026-08-02,3,,not_collected,
3558600,Leafy Corner,2026-07-30,post_launch_reviews_total,2026-08-03,4,,not_collected,
3558600,Leafy Corner,2026-07-30,post_launch_reviews_total,2026-08-04,5,,not_collected,
3558600,Leafy Corner,2026-07-30,post_launch_reviews_total,2026-08-05,6,,not_collected,
3558600,Leafy Corner,2026-07-30,post_launch_reviews_total,2026-08-06,7,,not_collected,
3315060,Ledgerbound,2026-08-11,pre_launch_wishlist_rank,2026-08-04,-7,911,ok,2026-08-04T04:47:02.633Z
3315060,Ledgerbound,2026-08-11,pre_launch_wishlist_rank,2026-08-05,-6,898,ok,2026-08-05T04:46:35.103Z
3315060,Ledgerbound,2026-08-11,pre_launch_wishlist_rank,2026-08-06,-5,890,ok,2026-08-06T04:47:09.485Z
3315060,Ledgerbound,2026-08-11,pre_launch_wishlist_rank,2026-08-07,-4,876,ok,2026-08-07T04:13:26.771Z
3315060,Ledgerbound,2026-08-11,pre_launch_wishlist_rank,2026-08-08,-3,861,ok,2026-08-08T03:11:38.214Z
3315060,Ledgerbound,2026-08-11,pre_launch_wishlist_rank,2026-08-09,-2,853,ok,2026-08-09T03:19:17.318Z
3315060,Ledgerbound,2026-08-11,pre_launch_wishlist_rank,2026-08-10,-1,839,ok,2026-08-10T03:29:07.136Z
3315060,Ledgerbound,2026-08-11,post_launch_reviews_total,2026-08-11,0,0,ok,2026-08-11T03:21:55.619Z
3315060,Ledgerbound,2026-08-11,post_launch_reviews_total,2026-08-12,1,,not_collected,
3315060,Ledgerbound,2026-08-11,post_launch_reviews_total,2026-08-13,2,,not_collected,
3315060,Ledgerbound,2026-08-11,post_launch_reviews_total,2026-08-14,3,,not_collected,
3315060,Ledgerbound,2026-08-11,post_launch_reviews_total,2026-08-15,4,,not_collected,
3315060,Ledgerbound,2026-08-11,post_launch_reviews_total,2026-08-16,5,,not_collected,
3315060,Ledgerbound,2026-08-11,post_launch_reviews_total,2026-08-17,6,,not_collected,
3315060,Ledgerbound,2026-08-11,post_launch_reviews_total,2026-08-18,7,,not_collected,
3336620,Liminal Shroud,2026-09-03,pre_launch_wishlist_rank,2026-08-27,-7,,not_in_captured_wishlist_ranking,
3336620,Liminal Shroud,2026-09-03,pre_launch_wishlist_rank,2026-08-28,-6,,not_in_captured_wishlist_ranking,
3336620,Liminal Shroud,2026-09-03,pre_launch_wishlist_rank,2026-08-29,-5,,not_in_captured_wishlist_ranking,
3336620,Liminal Shroud,2026-09-03,pre_launch_wishlist_rank,2026-08-30,-4,,not_in_captured_wishlist_ranking,
3336620,Liminal Shroud,2026-09-03,pre_launch_wishlist_rank,2026-08-31,-3,,not_in_captured_wishlist_ranking,
3336620,Liminal Shroud,2026-09-03,pre_launch_wishlist_rank,2026-09-01,-2,,not_in_captured_wishlist_ranking,
3336620,Liminal Shroud,2026-09-03,pre_launch_wishlist_rank,2026-09-02,-1,,not_in_captured_wishlist_ranking,
3336620,Liminal Shroud,2026-09-03,post_launch_reviews_total,2026-09-03,0,0,ok,2026-09-03T06:24:29.914Z
3336620,Liminal Shroud,2026-09-03,post_launch_reviews_total,2026-09-04,1,,not_collected,
3336620,Liminal Shroud,2026-09-03,post_launch_reviews_total,2026-09-05,2,,not_collected,
3336620,Liminal Shroud,2026-09-03,post_launch_reviews_total,2026-09-06,3,,not_collected,
3336620,Liminal Shroud,2026-09-03,post_launch_reviews_total,2026-09-07,4,,not_collected,
3336620,Liminal Shroud,2026-09-03,post_launch_reviews_total,2026-09-08,5,,not_collected,
3336620,Liminal Shroud,2026-09-03,post_launch_reviews_total,2026-09-09,6,,not_collected,
3336620,Liminal Shroud,2026-09-03,post_launch_reviews_total,2026-09-10,7,,not_collected,
4438540,Limitless Survivor,2026-07-24,pre_launch_wishlist_rank,2026-07-17,-7,,not_in_captured_wishlist_ranking,
4438540,Limitless Survivor,2026-07-24,pre_launch_wishlist_rank,2026-07-18,-6,,not_in_captured_wishlist_ranking,
4438540,Limitless Survivor,2026-07-24,pre_launch_wishlist_rank,2026-07-19,-5,,not_in_captured_wishlist_ranking,
4438540,Limitless Survivor,2026-07-24,pre_launch_wishlist_rank,2026-07-20,-4,,not_in_captured_wishlist_ranking,
4438540,Limitless Survivor,2026-07-24,pre_launch_wishlist_rank,2026-07-21,-3,,not_in_captured_wishlist_ranking,
4438540,Limitless Survivor,2026-07-24,pre_launch_wishlist_rank,2026-07-22,-2,,not_in_captured_wishlist_ranking,
4438540,Limitless Survivor,2026-07-24,pre_launch_wishlist_rank,2026-07-23,-1,,not_in_captured_wishlist_ranking,
4438540,Limitless Survivor,2026-07-24,post_launch_reviews_total,2026-07-24,0,0,ok,2026-07-24T04:51:55.902Z
4438540,Limitless Survivor,2026-07-24,post_launch_reviews_total,2026-07-25,1,,not_collected,
4438540,Limitless Survivor,2026-07-24,post_launch_reviews_total,2026-07-26,2,,not_collected,
4438540,Limitless Survivor,2026-07-24,post_launch_reviews_total,2026-07-27,3,,not_collected,
4438540,Limitless Survivor,2026-07-24,post_launch_reviews_total,2026-07-28,4,,not_collected,
4438540,Limitless Survivor,2026-07-24,post_launch_reviews_total,2026-07-29,5,,not_collected,
4438540,Limitless Survivor,2026-07-24,post_launch_reviews_total,2026-07-30,6,,not_collected,
4438540,Limitless Survivor,2026-07-24,post_launch_reviews_total,2026-07-31,7,,not_collected,
896250,Liquidation,2026-08-04,pre_launch_wishlist_rank,2026-07-28,-7,1490,ok,2026-07-28T04:45:52.627Z
896250,Liquidation,2026-08-04,pre_launch_wishlist_rank,2026-07-29,-6,1441,ok,2026-07-29T04:50:58.767Z
896250,Liquidation,2026-08-04,pre_launch_wishlist_rank,2026-07-30,-5,1393,ok,2026-07-30T04:38:29.620Z
896250,Liquidation,2026-08-04,pre_launch_wishlist_rank,2026-07-31,-4,1356,ok,2026-07-31T05:04:54.532Z
896250,Liquidation,2026-08-04,pre_launch_wishlist_rank,2026-08-01,-3,1317,ok,2026-08-01T04:58:14.130Z
896250,Liquidation,2026-08-04,pre_launch_wishlist_rank,2026-08-02,-2,1271,ok,2026-08-02T04:58:24.052Z
896250,Liquidation,2026-08-04,pre_launch_wishlist_rank,2026-08-03,-1,1188,ok,2026-08-03T05:07:42.912Z
896250,Liquidation,2026-08-04,post_launch_reviews_total,2026-08-04,0,0,ok,2026-08-04T04:47:02.633Z
896250,Liquidation,2026-08-04,post_launch_reviews_total,2026-08-05,1,,not_collected,
896250,Liquidation,2026-08-04,post_launch_reviews_total,2026-08-06,2,,not_collected,
896250,Liquidation,2026-08-04,post_launch_reviews_total,2026-08-07,3,,not_collected,
896250,Liquidation,2026-08-04,post_launch_reviews_total,2026-08-08,4,,not_collected,
896250,Liquidation,2026-08-04,post_launch_reviews_total,2026-08-09,5,,not_collected,
896250,Liquidation,2026-08-04,post_launch_reviews_total,2026-08-10,6,,not_collected,
896250,Liquidation,2026-08-04,post_launch_reviews_total,2026-08-11,7,,not_collected,
3091140,Lootbound,2026-08-14,pre_launch_wishlist_rank,2026-08-07,-7,346,ok,2026-08-07T04:13:26.771Z
3091140,Lootbound,2026-08-14,pre_launch_wishlist_rank,2026-08-08,-6,343,ok,2026-08-08T03:11:38.214Z
3091140,Lootbound,2026-08-14,pre_launch_wishlist_rank,2026-08-09,-5,338,ok,2026-08-09T03:19:17.318Z
3091140,Lootbound,2026-08-14,pre_launch_wishlist_rank,2026-08-10,-4,327,ok,2026-08-10T03:29:07.136Z
3091140,Lootbound,2026-08-14,pre_launch_wishlist_rank,2026-08-11,-3,320,ok,2026-08-11T03:21:55.619Z
3091140,Lootbound,2026-08-14,pre_launch_wishlist_rank,2026-08-12,-2,306,ok,2026-08-12T03:40:42.315Z
3091140,Lootbound,2026-08-14,pre_launch_wishlist_rank,2026-08-13,-1,297,ok,2026-08-13T03:51:51.678Z
3091140,Lootbound,2026-08-14,post_launch_reviews_total,2026-08-14,0,0,ok,2026-08-14T03:41:13.555Z
3091140,Lootbound,2026-08-14,post_launch_reviews_total,2026-08-15,1,,not_collected,
3091140,Lootbound,2026-08-14,post_launch_reviews_total,2026-08-16,2,,not_collected,
3091140,Lootbound,2026-08-14,post_launch_reviews_total,2026-08-17,3,,not_collected,
3091140,Lootbound,2026-08-14,post_launch_reviews_total,2026-08-18,4,,not_collected,
3091140,Lootbound,2026-08-14,post_launch_reviews_total,2026-08-19,5,,not_collected,
3091140,Lootbound,2026-08-14,post_launch_reviews_total,2026-08-20,6,,not_collected,
3091140,Lootbound,2026-08-14,post_launch_reviews_total,2026-08-21,7,,not_collected,
4333200,Lost & Found: A This Bed We Made Story,2026-08-05,pre_launch_wishlist_rank,2026-07-29,-7,1593,ok,2026-07-29T04:50:58.767Z
4333200,Lost & Found: A This Bed We Made Story,2026-08-05,pre_launch_wishlist_rank,2026-07-30,-6,1557,ok,2026-07-30T04:38:29.620Z
4333200,Lost & Found: A This Bed We Made Story,2026-08-05,pre_launch_wishlist_rank,2026-07-31,-5,1521,ok,2026-07-31T05:04:54.532Z
4333200,Lost & Found: A This Bed We Made Story,2026-08-05,pre_launch_wishlist_rank,2026-08-01,-4,1477,ok,2026-08-01T04:58:14.130Z
4333200,Lost & Found: A This Bed We Made Story,2026-08-05,pre_launch_wishlist_rank,2026-08-02,-3,1434,ok,2026-08-02T04:58:24.052Z
4333200,Lost & Found: A This Bed We Made Story,2026-08-05,pre_launch_wishlist_rank,2026-08-03,-2,1354,ok,2026-08-03T05:07:42.912Z
4333200,Lost & Found: A This Bed We Made Story,2026-08-05,pre_launch_wishlist_rank,2026-08-04,-1,1296,ok,2026-08-04T04:47:02.633Z
4333200,Lost & Found: A This Bed We Made Story,2026-08-05,post_launch_reviews_total,2026-08-05,0,0,ok,2026-08-05T04:46:35.103Z
4333200,Lost & Found: A This Bed We Made Story,2026-08-05,post_launch_reviews_total,2026-08-06,1,,not_collected,
4333200,Lost & Found: A This Bed We Made Story,2026-08-05,post_launch_reviews_total,2026-08-07,2,,not_collected,
4333200,Lost & Found: A This Bed We Made Story,2026-08-05,post_launch_reviews_total,2026-08-08,3,,not_collected,
4333200,Lost & Found: A This Bed We Made Story,2026-08-05,post_launch_reviews_total,2026-08-09,4,,not_collected,
4333200,Lost & Found: A This Bed We Made Story,2026-08-05,post_launch_reviews_total,2026-08-10,5,,not_collected,
4333200,Lost & Found: A This Bed We Made Story,2026-08-05,post_launch_reviews_total,2026-08-11,6,,not_collected,
4333200,Lost & Found: A This Bed We Made Story,2026-08-05,post_launch_reviews_total,2026-08-12,7,,not_collected,
4652730,Lost Vessel,2026-07-06,pre_launch_wishlist_rank,2026-06-29,-7,,not_collected,
4652730,Lost Vessel,2026-07-06,pre_launch_wishlist_rank,2026-06-30,-6,,not_collected,
4652730,Lost Vessel,2026-07-06,pre_launch_wishlist_rank,2026-07-01,-5,,not_collected,
4652730,Lost Vessel,2026-07-06,pre_launch_wishlist_rank,2026-07-02,-4,,not_collected,
4652730,Lost Vessel,2026-07-06,pre_launch_wishlist_rank,2026-07-03,-3,,not_in_captured_wishlist_ranking,
4652730,Lost Vessel,2026-07-06,pre_launch_wishlist_rank,2026-07-04,-2,,not_in_captured_wishlist_ranking,
4652730,Lost Vessel,2026-07-06,pre_launch_wishlist_rank,2026-07-05,-1,,not_in_captured_wishlist_ranking,
4652730,Lost Vessel,2026-07-06,post_launch_reviews_total,2026-07-06,0,0,ok,2026-07-06T04:31:47.397Z
4652730,Lost Vessel,2026-07-06,post_launch_reviews_total,2026-07-07,1,,not_collected,
4652730,Lost Vessel,2026-07-06,post_launch_reviews_total,2026-07-08,2,,not_collected,
4652730,Lost Vessel,2026-07-06,post_launch_reviews_total,2026-07-09,3,,not_collected,
4652730,Lost Vessel,2026-07-06,post_launch_reviews_total,2026-07-10,4,,not_collected,
4652730,Lost Vessel,2026-07-06,post_launch_reviews_total,2026-07-11,5,,not_collected,
4652730,Lost Vessel,2026-07-06,post_launch_reviews_total,2026-07-12,6,,not_collected,
4652730,Lost Vessel,2026-07-06,post_launch_reviews_total,2026-07-13,7,,not_collected,
2100020,Lou's Lagoon,2026-08-27,pre_launch_wishlist_rank,2026-08-20,-7,426,ok,2026-08-20T02:40:42.136Z
2100020,Lou's Lagoon,2026-08-27,pre_launch_wishlist_rank,2026-08-21,-6,418,ok,2026-08-21T02:47:33.763Z
2100020,Lou's Lagoon,2026-08-27,pre_launch_wishlist_rank,2026-08-22,-5,410,ok,2026-08-22T02:38:05.157Z
2100020,Lou's Lagoon,2026-08-27,pre_launch_wishlist_rank,2026-08-23,-4,409,ok,2026-08-23T02:47:54.993Z
2100020,Lou's Lagoon,2026-08-27,pre_launch_wishlist_rank,2026-08-24,-3,408,ok,2026-08-24T02:48:36.097Z
2100020,Lou's Lagoon,2026-08-27,pre_launch_wishlist_rank,2026-08-25,-2,398,ok,2026-08-25T02:42:46.392Z
2100020,Lou's Lagoon,2026-08-27,pre_launch_wishlist_rank,2026-08-26,-1,393,ok,2026-08-26T02:50:15.789Z
2100020,Lou's Lagoon,2026-08-27,post_launch_reviews_total,2026-08-27,0,,not_collected,
2100020,Lou's Lagoon,2026-08-27,post_launch_reviews_total,2026-08-28,1,,not_collected,
2100020,Lou's Lagoon,2026-08-27,post_launch_reviews_total,2026-08-29,2,,not_collected,
2100020,Lou's Lagoon,2026-08-27,post_launch_reviews_total,2026-08-30,3,,not_collected,
2100020,Lou's Lagoon,2026-08-27,post_launch_reviews_total,2026-08-31,4,,not_collected,
2100020,Lou's Lagoon,2026-08-27,post_launch_reviews_total,2026-09-01,5,,not_collected,
2100020,Lou's Lagoon,2026-08-27,post_launch_reviews_total,2026-09-02,6,,not_collected,
2100020,Lou's Lagoon,2026-08-27,post_launch_reviews_total,2026-09-03,7,,not_collected,
3491690,lovebyte.exe,2026-08-24,pre_launch_wishlist_rank,2026-08-17,-7,1319,ok,2026-08-17T02:45:10.258Z
3491690,lovebyte.exe,2026-08-24,pre_launch_wishlist_rank,2026-08-18,-6,1278,ok,2026-08-18T02:39:27.140Z
3491690,lovebyte.exe,2026-08-24,pre_launch_wishlist_rank,2026-08-19,-5,1242,ok,2026-08-19T02:42:36.358Z
3491690,lovebyte.exe,2026-08-24,pre_launch_wishlist_rank,2026-08-20,-4,1213,ok,2026-08-20T02:40:42.136Z
3491690,lovebyte.exe,2026-08-24,pre_launch_wishlist_rank,2026-08-21,-3,1178,ok,2026-08-21T02:47:33.763Z
3491690,lovebyte.exe,2026-08-24,pre_launch_wishlist_rank,2026-08-22,-2,1142,ok,2026-08-22T02:38:05.157Z
3491690,lovebyte.exe,2026-08-24,pre_launch_wishlist_rank,2026-08-23,-1,1105,ok,2026-08-23T02:47:54.993Z
3491690,lovebyte.exe,2026-08-24,post_launch_reviews_total,2026-08-24,0,0,ok,2026-08-24T02:48:36.097Z
3491690,lovebyte.exe,2026-08-24,post_launch_reviews_total,2026-08-25,1,,not_collected,
3491690,lovebyte.exe,2026-08-24,post_launch_reviews_total,2026-08-26,2,,not_collected,
3491690,lovebyte.exe,2026-08-24,post_launch_reviews_total,2026-08-27,3,,not_collected,
3491690,lovebyte.exe,2026-08-24,post_launch_reviews_total,2026-08-28,4,,not_collected,
3491690,lovebyte.exe,2026-08-24,post_launch_reviews_total,2026-08-29,5,,not_collected,
3491690,lovebyte.exe,2026-08-24,post_launch_reviews_total,2026-08-30,6,,not_collected,
3491690,lovebyte.exe,2026-08-24,post_launch_reviews_total,2026-08-31,7,,not_collected,
3167920,Low-Budget Repairs,2026-08-13,pre_launch_wishlist_rank,2026-08-06,-7,43,ok,2026-08-06T04:47:09.485Z
3167920,Low-Budget Repairs,2026-08-13,pre_launch_wishlist_rank,2026-08-07,-6,42,ok,2026-08-07T04:13:26.771Z
3167920,Low-Budget Repairs,2026-08-13,pre_launch_wishlist_rank,2026-08-08,-5,42,ok,2026-08-08T03:11:38.214Z
3167920,Low-Budget Repairs,2026-08-13,pre_launch_wishlist_rank,2026-08-09,-4,41,ok,2026-08-09T03:19:17.318Z
3167920,Low-Budget Repairs,2026-08-13,pre_launch_wishlist_rank,2026-08-10,-3,40,ok,2026-08-10T03:29:07.136Z
3167920,Low-Budget Repairs,2026-08-13,pre_launch_wishlist_rank,2026-08-11,-2,39,ok,2026-08-11T03:21:55.619Z
3167920,Low-Budget Repairs,2026-08-13,pre_launch_wishlist_rank,2026-08-12,-1,39,ok,2026-08-12T03:40:42.315Z
3167920,Low-Budget Repairs,2026-08-13,post_launch_reviews_total,2026-08-13,0,0,ok,2026-08-13T03:51:51.678Z
3167920,Low-Budget Repairs,2026-08-13,post_launch_reviews_total,2026-08-14,1,,not_collected,
3167920,Low-Budget Repairs,2026-08-13,post_launch_reviews_total,2026-08-15,2,,not_collected,
3167920,Low-Budget Repairs,2026-08-13,post_launch_reviews_total,2026-08-16,3,,not_collected,
3167920,Low-Budget Repairs,2026-08-13,post_launch_reviews_total,2026-08-17,4,,not_collected,
3167920,Low-Budget Repairs,2026-08-13,post_launch_reviews_total,2026-08-18,5,,not_collected,
3167920,Low-Budget Repairs,2026-08-13,post_launch_reviews_total,2026-08-19,6,,not_collected,
3167920,Low-Budget Repairs,2026-08-13,post_launch_reviews_total,2026-08-20,7,,not_collected,
4088670,Ludus Magnatus: Gladiator Manager Simulator,2026-07-21,pre_launch_wishlist_rank,2026-07-14,-7,,not_in_captured_wishlist_ranking,
4088670,Ludus Magnatus: Gladiator Manager Simulator,2026-07-21,pre_launch_wishlist_rank,2026-07-15,-6,,not_in_captured_wishlist_ranking,
4088670,Ludus Magnatus: Gladiator Manager Simulator,2026-07-21,pre_launch_wishlist_rank,2026-07-16,-5,,not_in_captured_wishlist_ranking,
4088670,Ludus Magnatus: Gladiator Manager Simulator,2026-07-21,pre_launch_wishlist_rank,2026-07-17,-4,,not_in_captured_wishlist_ranking,
4088670,Ludus Magnatus: Gladiator Manager Simulator,2026-07-21,pre_launch_wishlist_rank,2026-07-18,-3,,not_in_captured_wishlist_ranking,
4088670,Ludus Magnatus: Gladiator Manager Simulator,2026-07-21,pre_launch_wishlist_rank,2026-07-19,-2,,not_in_captured_wishlist_ranking,
4088670,Ludus Magnatus: Gladiator Manager Simulator,2026-07-21,pre_launch_wishlist_rank,2026-07-20,-1,,not_in_captured_wishlist_ranking,
4088670,Ludus Magnatus: Gladiator Manager Simulator,2026-07-21,post_launch_reviews_total,2026-07-21,0,0,ok,2026-07-21T04:50:39.944Z
4088670,Ludus Magnatus: Gladiator Manager Simulator,2026-07-21,post_launch_reviews_total,2026-07-22,1,,not_collected,
4088670,Ludus Magnatus: Gladiator Manager Simulator,2026-07-21,post_launch_reviews_total,2026-07-23,2,,not_collected,
4088670,Ludus Magnatus: Gladiator Manager Simulator,2026-07-21,post_launch_reviews_total,2026-07-24,3,,not_collected,
4088670,Ludus Magnatus: Gladiator Manager Simulator,2026-07-21,post_launch_reviews_total,2026-07-25,4,,not_collected,
4088670,Ludus Magnatus: Gladiator Manager Simulator,2026-07-21,post_launch_reviews_total,2026-07-26,5,,not_collected,
4088670,Ludus Magnatus: Gladiator Manager Simulator,2026-07-21,post_launch_reviews_total,2026-07-27,6,,not_collected,
4088670,Ludus Magnatus: Gladiator Manager Simulator,2026-07-21,post_launch_reviews_total,2026-07-28,7,,not_collected,
1648360,Luminary,2026-08-11,pre_launch_wishlist_rank,2026-08-04,-7,728,ok,2026-08-04T04:47:02.633Z
1648360,Luminary,2026-08-11,pre_launch_wishlist_rank,2026-08-05,-6,716,ok,2026-08-05T04:46:35.103Z
1648360,Luminary,2026-08-11,pre_launch_wishlist_rank,2026-08-06,-5,702,ok,2026-08-06T04:47:09.485Z
1648360,Luminary,2026-08-11,pre_launch_wishlist_rank,2026-08-07,-4,685,ok,2026-08-07T04:13:26.771Z
1648360,Luminary,2026-08-11,pre_launch_wishlist_rank,2026-08-08,-3,665,ok,2026-08-08T03:11:38.214Z
1648360,Luminary,2026-08-11,pre_launch_wishlist_rank,2026-08-09,-2,651,ok,2026-08-09T03:19:17.318Z
1648360,Luminary,2026-08-11,pre_launch_wishlist_rank,2026-08-10,-1,603,ok,2026-08-10T03:29:07.136Z
1648360,Luminary,2026-08-11,post_launch_reviews_total,2026-08-11,0,0,ok,2026-08-11T03:21:55.619Z
1648360,Luminary,2026-08-11,post_launch_reviews_total,2026-08-12,1,,not_collected,
1648360,Luminary,2026-08-11,post_launch_reviews_total,2026-08-13,2,,not_collected,
1648360,Luminary,2026-08-11,post_launch_reviews_total,2026-08-14,3,,not_collected,
1648360,Luminary,2026-08-11,post_launch_reviews_total,2026-08-15,4,,not_collected,
1648360,Luminary,2026-08-11,post_launch_reviews_total,2026-08-16,5,,not_collected,
1648360,Luminary,2026-08-11,post_launch_reviews_total,2026-08-17,6,,not_collected,
1648360,Luminary,2026-08-11,post_launch_reviews_total,2026-08-18,7,,not_collected,
2939790,Lunarium,2026-07-28,pre_launch_wishlist_rank,2026-07-21,-7,1038,ok,2026-07-21T04:50:39.944Z
2939790,Lunarium,2026-07-28,pre_launch_wishlist_rank,2026-07-22,-6,1001,ok,2026-07-22T04:50:32.272Z
2939790,Lunarium,2026-07-28,pre_launch_wishlist_rank,2026-07-23,-5,956,ok,2026-07-23T04:56:12.842Z
2939790,Lunarium,2026-07-28,pre_launch_wishlist_rank,2026-07-24,-4,919,ok,2026-07-24T04:51:55.902Z
2939790,Lunarium,2026-07-28,pre_launch_wishlist_rank,2026-07-25,-3,892,ok,2026-07-25T04:47:58.982Z
2939790,Lunarium,2026-07-28,pre_launch_wishlist_rank,2026-07-26,-2,848,ok,2026-07-26T05:02:25.100Z
2939790,Lunarium,2026-07-28,pre_launch_wishlist_rank,2026-07-27,-1,768,ok,2026-07-27T05:28:24.621Z
2939790,Lunarium,2026-07-28,post_launch_reviews_total,2026-07-28,0,0,ok,2026-07-28T04:45:52.627Z
2939790,Lunarium,2026-07-28,post_launch_reviews_total,2026-07-29,1,,not_collected,
2939790,Lunarium,2026-07-28,post_launch_reviews_total,2026-07-30,2,,not_collected,
2939790,Lunarium,2026-07-28,post_launch_reviews_total,2026-07-31,3,,not_collected,
2939790,Lunarium,2026-07-28,post_launch_reviews_total,2026-08-01,4,,not_collected,
2939790,Lunarium,2026-07-28,post_launch_reviews_total,2026-08-02,5,,not_collected,
2939790,Lunarium,2026-07-28,post_launch_reviews_total,2026-08-03,6,,not_collected,
2939790,Lunarium,2026-07-28,post_launch_reviews_total,2026-08-04,7,,not_collected,
4178020,Lured In,2026-07-17,pre_launch_wishlist_rank,2026-07-10,-7,,not_in_captured_wishlist_ranking,
4178020,Lured In,2026-07-17,pre_launch_wishlist_rank,2026-07-11,-6,,not_in_captured_wishlist_ranking,
4178020,Lured In,2026-07-17,pre_launch_wishlist_rank,2026-07-12,-5,,not_in_captured_wishlist_ranking,
4178020,Lured In,2026-07-17,pre_launch_wishlist_rank,2026-07-13,-4,,not_in_captured_wishlist_ranking,
4178020,Lured In,2026-07-17,pre_launch_wishlist_rank,2026-07-14,-3,,not_in_captured_wishlist_ranking,
4178020,Lured In,2026-07-17,pre_launch_wishlist_rank,2026-07-15,-2,,not_in_captured_wishlist_ranking,
4178020,Lured In,2026-07-17,pre_launch_wishlist_rank,2026-07-16,-1,,not_in_captured_wishlist_ranking,
4178020,Lured In,2026-07-17,post_launch_reviews_total,2026-07-17,0,0,ok,2026-07-17T04:45:39.030Z
4178020,Lured In,2026-07-17,post_launch_reviews_total,2026-07-18,1,,not_collected,
4178020,Lured In,2026-07-17,post_launch_reviews_total,2026-07-19,2,,not_collected,
4178020,Lured In,2026-07-17,post_launch_reviews_total,2026-07-20,3,,not_collected,
4178020,Lured In,2026-07-17,post_launch_reviews_total,2026-07-21,4,,not_collected,
4178020,Lured In,2026-07-17,post_launch_reviews_total,2026-07-22,5,,not_collected,
4178020,Lured In,2026-07-17,post_launch_reviews_total,2026-07-23,6,,not_collected,
4178020,Lured In,2026-07-17,post_launch_reviews_total,2026-07-24,7,,not_collected,
4108000,Machine Party,2026-07-30,pre_launch_wishlist_rank,2026-07-23,-7,281,ok,2026-07-23T04:56:12.842Z
4108000,Machine Party,2026-07-30,pre_launch_wishlist_rank,2026-07-24,-6,276,ok,2026-07-24T04:51:55.902Z
4108000,Machine Party,2026-07-30,pre_launch_wishlist_rank,2026-07-25,-5,270,ok,2026-07-25T04:47:58.982Z
4108000,Machine Party,2026-07-30,pre_launch_wishlist_rank,2026-07-26,-4,261,ok,2026-07-26T05:02:25.100Z
4108000,Machine Party,2026-07-30,pre_launch_wishlist_rank,2026-07-27,-3,251,ok,2026-07-27T05:28:24.621Z
4108000,Machine Party,2026-07-30,pre_launch_wishlist_rank,2026-07-28,-2,235,ok,2026-07-28T04:45:52.627Z
4108000,Machine Party,2026-07-30,pre_launch_wishlist_rank,2026-07-29,-1,228,ok,2026-07-29T04:50:58.767Z
4108000,Machine Party,2026-07-30,post_launch_reviews_total,2026-07-30,0,0,ok,2026-07-30T04:38:29.620Z
4108000,Machine Party,2026-07-30,post_launch_reviews_total,2026-07-31,1,,not_collected,
4108000,Machine Party,2026-07-30,post_launch_reviews_total,2026-08-01,2,,not_collected,
4108000,Machine Party,2026-07-30,post_launch_reviews_total,2026-08-02,3,,not_collected,
4108000,Machine Party,2026-07-30,post_launch_reviews_total,2026-08-03,4,,not_collected,
4108000,Machine Party,2026-07-30,post_launch_reviews_total,2026-08-04,5,,not_collected,
4108000,Machine Party,2026-07-30,post_launch_reviews_total,2026-08-05,6,,not_collected,
4108000,Machine Party,2026-07-30,post_launch_reviews_total,2026-08-06,7,,not_collected,
3213120,Machinefall,2026-07-10,pre_launch_wishlist_rank,2026-07-03,-7,,not_in_captured_wishlist_ranking,
3213120,Machinefall,2026-07-10,pre_launch_wishlist_rank,2026-07-04,-6,,not_in_captured_wishlist_ranking,
3213120,Machinefall,2026-07-10,pre_launch_wishlist_rank,2026-07-05,-5,,not_in_captured_wishlist_ranking,
3213120,Machinefall,2026-07-10,pre_launch_wishlist_rank,2026-07-06,-4,,not_in_captured_wishlist_ranking,
3213120,Machinefall,2026-07-10,pre_launch_wishlist_rank,2026-07-07,-3,,not_in_captured_wishlist_ranking,
3213120,Machinefall,2026-07-10,pre_launch_wishlist_rank,2026-07-08,-2,,not_in_captured_wishlist_ranking,
3213120,Machinefall,2026-07-10,pre_launch_wishlist_rank,2026-07-09,-1,,not_in_captured_wishlist_ranking,
3213120,Machinefall,2026-07-10,post_launch_reviews_total,2026-07-10,0,0,ok,2026-07-10T05:43:57.377Z
3213120,Machinefall,2026-07-10,post_launch_reviews_total,2026-07-11,1,,not_collected,
3213120,Machinefall,2026-07-10,post_launch_reviews_total,2026-07-12,2,,not_collected,
3213120,Machinefall,2026-07-10,post_launch_reviews_total,2026-07-13,3,,not_collected,
3213120,Machinefall,2026-07-10,post_launch_reviews_total,2026-07-14,4,,not_collected,
3213120,Machinefall,2026-07-10,post_launch_reviews_total,2026-07-15,5,,not_collected,
3213120,Machinefall,2026-07-10,post_launch_reviews_total,2026-07-16,6,,not_collected,
3213120,Machinefall,2026-07-10,post_launch_reviews_total,2026-07-17,7,,not_collected,
4492700,Mafia: The Old Country - Man of Honor,2026-08-14,pre_launch_wishlist_rank,2026-08-07,-7,1191,ok,2026-08-07T04:13:26.771Z
4492700,Mafia: The Old Country - Man of Honor,2026-08-14,pre_launch_wishlist_rank,2026-08-08,-6,1180,ok,2026-08-08T03:11:38.214Z
4492700,Mafia: The Old Country - Man of Honor,2026-08-14,pre_launch_wishlist_rank,2026-08-09,-5,1165,ok,2026-08-09T03:19:17.318Z
4492700,Mafia: The Old Country - Man of Honor,2026-08-14,pre_launch_wishlist_rank,2026-08-10,-4,1161,ok,2026-08-10T03:29:07.136Z
4492700,Mafia: The Old Country - Man of Honor,2026-08-14,pre_launch_wishlist_rank,2026-08-11,-3,1152,ok,2026-08-11T03:21:55.619Z
4492700,Mafia: The Old Country - Man of Honor,2026-08-14,pre_launch_wishlist_rank,2026-08-12,-2,1137,ok,2026-08-12T03:40:42.315Z
4492700,Mafia: The Old Country - Man of Honor,2026-08-14,pre_launch_wishlist_rank,2026-08-13,-1,1125,ok,2026-08-13T03:51:51.678Z
4492700,Mafia: The Old Country - Man of Honor,2026-08-14,post_launch_reviews_total,2026-08-14,0,0,ok,2026-08-14T03:41:13.555Z
4492700,Mafia: The Old Country - Man of Honor,2026-08-14,post_launch_reviews_total,2026-08-15,1,,not_collected,
4492700,Mafia: The Old Country - Man of Honor,2026-08-14,post_launch_reviews_total,2026-08-16,2,,not_collected,
4492700,Mafia: The Old Country - Man of Honor,2026-08-14,post_launch_reviews_total,2026-08-17,3,,not_collected,
4492700,Mafia: The Old Country - Man of Honor,2026-08-14,post_launch_reviews_total,2026-08-18,4,,not_collected,
4492700,Mafia: The Old Country - Man of Honor,2026-08-14,post_launch_reviews_total,2026-08-19,5,,not_collected,
4492700,Mafia: The Old Country - Man of Honor,2026-08-14,post_launch_reviews_total,2026-08-20,6,,not_collected,
4492700,Mafia: The Old Country - Man of Honor,2026-08-14,post_launch_reviews_total,2026-08-21,7,,not_collected,
4834080,Make it! Shaved Ice,2026-07-08,pre_launch_wishlist_rank,2026-07-01,-7,,not_collected,
4834080,Make it! Shaved Ice,2026-07-08,pre_launch_wishlist_rank,2026-07-02,-6,,not_collected,
4834080,Make it! Shaved Ice,2026-07-08,pre_launch_wishlist_rank,2026-07-03,-5,,not_in_captured_wishlist_ranking,
4834080,Make it! Shaved Ice,2026-07-08,pre_launch_wishlist_rank,2026-07-04,-4,,not_in_captured_wishlist_ranking,
4834080,Make it! Shaved Ice,2026-07-08,pre_launch_wishlist_rank,2026-07-05,-3,,not_in_captured_wishlist_ranking,
4834080,Make it! Shaved Ice,2026-07-08,pre_launch_wishlist_rank,2026-07-06,-2,,not_in_captured_wishlist_ranking,
4834080,Make it! Shaved Ice,2026-07-08,pre_launch_wishlist_rank,2026-07-07,-1,,not_in_captured_wishlist_ranking,
4834080,Make it! Shaved Ice,2026-07-08,post_launch_reviews_total,2026-07-08,0,0,ok,2026-07-08T04:50:41.299Z
4834080,Make it! Shaved Ice,2026-07-08,post_launch_reviews_total,2026-07-09,1,,not_collected,
4834080,Make it! Shaved Ice,2026-07-08,post_launch_reviews_total,2026-07-10,2,,not_collected,
4834080,Make it! Shaved Ice,2026-07-08,post_launch_reviews_total,2026-07-11,3,,not_collected,
4834080,Make it! Shaved Ice,2026-07-08,post_launch_reviews_total,2026-07-12,4,,not_collected,
4834080,Make it! Shaved Ice,2026-07-08,post_launch_reviews_total,2026-07-13,5,,not_collected,
4834080,Make it! Shaved Ice,2026-07-08,post_launch_reviews_total,2026-07-14,6,,not_collected,
4834080,Make it! Shaved Ice,2026-07-08,post_launch_reviews_total,2026-07-15,7,,not_collected,
3647190,Malignant Survivors 2,2026-08-28,pre_launch_wishlist_rank,2026-08-21,-7,,not_in_captured_wishlist_ranking,
3647190,Malignant Survivors 2,2026-08-28,pre_launch_wishlist_rank,2026-08-22,-6,,not_in_captured_wishlist_ranking,
3647190,Malignant Survivors 2,2026-08-28,pre_launch_wishlist_rank,2026-08-23,-5,,not_in_captured_wishlist_ranking,
3647190,Malignant Survivors 2,2026-08-28,pre_launch_wishlist_rank,2026-08-24,-4,,not_in_captured_wishlist_ranking,
3647190,Malignant Survivors 2,2026-08-28,pre_launch_wishlist_rank,2026-08-25,-3,,not_in_captured_wishlist_ranking,
3647190,Malignant Survivors 2,2026-08-28,pre_launch_wishlist_rank,2026-08-26,-2,,not_in_captured_wishlist_ranking,
3647190,Malignant Survivors 2,2026-08-28,pre_launch_wishlist_rank,2026-08-27,-1,,not_in_captured_wishlist_ranking,
3647190,Malignant Survivors 2,2026-08-28,post_launch_reviews_total,2026-08-28,0,0,ok,2026-08-28T13:19:41.332Z
3647190,Malignant Survivors 2,2026-08-28,post_launch_reviews_total,2026-08-29,1,,not_collected,
3647190,Malignant Survivors 2,2026-08-28,post_launch_reviews_total,2026-08-30,2,,not_collected,
3647190,Malignant Survivors 2,2026-08-28,post_launch_reviews_total,2026-08-31,3,,not_collected,
3647190,Malignant Survivors 2,2026-08-28,post_launch_reviews_total,2026-09-01,4,,not_collected,
3647190,Malignant Survivors 2,2026-08-28,post_launch_reviews_total,2026-09-02,5,,not_collected,
3647190,Malignant Survivors 2,2026-08-28,post_launch_reviews_total,2026-09-03,6,,not_collected,
3647190,Malignant Survivors 2,2026-08-28,post_launch_reviews_total,2026-09-04,7,,not_collected,
4668890,Mall Together,2026-07-24,pre_launch_wishlist_rank,2026-07-17,-7,1906,ok,2026-07-17T04:45:39.030Z
4668890,Mall Together,2026-07-24,pre_launch_wishlist_rank,2026-07-18,-6,1860,ok,2026-07-18T04:29:54.503Z
4668890,Mall Together,2026-07-24,pre_launch_wishlist_rank,2026-07-19,-5,1801,ok,2026-07-19T04:54:49.781Z
4668890,Mall Together,2026-07-24,pre_launch_wishlist_rank,2026-07-20,-4,1738,ok,2026-07-20T05:09:45.900Z
4668890,Mall Together,2026-07-24,pre_launch_wishlist_rank,2026-07-21,-3,1688,ok,2026-07-21T04:50:39.944Z
4668890,Mall Together,2026-07-24,pre_launch_wishlist_rank,2026-07-22,-2,1643,ok,2026-07-22T04:50:32.272Z
4668890,Mall Together,2026-07-24,pre_launch_wishlist_rank,2026-07-23,-1,1590,ok,2026-07-23T04:56:12.842Z
4668890,Mall Together,2026-07-24,post_launch_reviews_total,2026-07-24,0,0,ok,2026-07-24T04:51:55.902Z
4668890,Mall Together,2026-07-24,post_launch_reviews_total,2026-07-25,1,,not_collected,
4668890,Mall Together,2026-07-24,post_launch_reviews_total,2026-07-26,2,,not_collected,
4668890,Mall Together,2026-07-24,post_launch_reviews_total,2026-07-27,3,,not_collected,
4668890,Mall Together,2026-07-24,post_launch_reviews_total,2026-07-28,4,,not_collected,
4668890,Mall Together,2026-07-24,post_launch_reviews_total,2026-07-29,5,,not_collected,
4668890,Mall Together,2026-07-24,post_launch_reviews_total,2026-07-30,6,,not_collected,
4668890,Mall Together,2026-07-24,post_launch_reviews_total,2026-07-31,7,,not_collected,
4962010,Mall: Tidy Up Together,2026-08-21,pre_launch_wishlist_rank,2026-08-14,-7,,not_in_captured_wishlist_ranking,
4962010,Mall: Tidy Up Together,2026-08-21,pre_launch_wishlist_rank,2026-08-15,-6,,not_in_captured_wishlist_ranking,
4962010,Mall: Tidy Up Together,2026-08-21,pre_launch_wishlist_rank,2026-08-16,-5,,not_in_captured_wishlist_ranking,
4962010,Mall: Tidy Up Together,2026-08-21,pre_launch_wishlist_rank,2026-08-17,-4,1953,ok,2026-08-17T02:45:10.258Z
4962010,Mall: Tidy Up Together,2026-08-21,pre_launch_wishlist_rank,2026-08-18,-3,1858,ok,2026-08-18T02:39:27.140Z
4962010,Mall: Tidy Up Together,2026-08-21,pre_launch_wishlist_rank,2026-08-19,-2,1756,ok,2026-08-19T02:42:36.358Z
4962010,Mall: Tidy Up Together,2026-08-21,pre_launch_wishlist_rank,2026-08-20,-1,1672,ok,2026-08-20T02:40:42.136Z
4962010,Mall: Tidy Up Together,2026-08-21,post_launch_reviews_total,2026-08-21,0,0,ok,2026-08-21T02:47:33.763Z
4962010,Mall: Tidy Up Together,2026-08-21,post_launch_reviews_total,2026-08-22,1,,not_collected,
4962010,Mall: Tidy Up Together,2026-08-21,post_launch_reviews_total,2026-08-23,2,,not_collected,
4962010,Mall: Tidy Up Together,2026-08-21,post_launch_reviews_total,2026-08-24,3,,not_collected,
4962010,Mall: Tidy Up Together,2026-08-21,post_launch_reviews_total,2026-08-25,4,,not_collected,
4962010,Mall: Tidy Up Together,2026-08-21,post_launch_reviews_total,2026-08-26,5,,not_collected,
4962010,Mall: Tidy Up Together,2026-08-21,post_launch_reviews_total,2026-08-27,6,,not_collected,
4962010,Mall: Tidy Up Together,2026-08-21,post_launch_reviews_total,2026-08-28,7,,not_collected,
4738530,Mandate of Galactic Empires,2026-07-03,pre_launch_wishlist_rank,2026-06-26,-7,,not_collected,
4738530,Mandate of Galactic Empires,2026-07-03,pre_launch_wishlist_rank,2026-06-27,-6,,not_collected,
4738530,Mandate of Galactic Empires,2026-07-03,pre_launch_wishlist_rank,2026-06-28,-5,,not_collected,
4738530,Mandate of Galactic Empires,2026-07-03,pre_launch_wishlist_rank,2026-06-29,-4,,not_collected,
4738530,Mandate of Galactic Empires,2026-07-03,pre_launch_wishlist_rank,2026-06-30,-3,,not_collected,
4738530,Mandate of Galactic Empires,2026-07-03,pre_launch_wishlist_rank,2026-07-01,-2,,not_collected,
4738530,Mandate of Galactic Empires,2026-07-03,pre_launch_wishlist_rank,2026-07-02,-1,,not_collected,
4738530,Mandate of Galactic Empires,2026-07-03,post_launch_reviews_total,2026-07-03,0,0,ok,2026-07-03T04:27:24.412Z
4738530,Mandate of Galactic Empires,2026-07-03,post_launch_reviews_total,2026-07-04,1,,not_collected,
4738530,Mandate of Galactic Empires,2026-07-03,post_launch_reviews_total,2026-07-05,2,,not_collected,
4738530,Mandate of Galactic Empires,2026-07-03,post_launch_reviews_total,2026-07-06,3,,not_collected,
4738530,Mandate of Galactic Empires,2026-07-03,post_launch_reviews_total,2026-07-07,4,,not_collected,
4738530,Mandate of Galactic Empires,2026-07-03,post_launch_reviews_total,2026-07-08,5,,not_collected,
4738530,Mandate of Galactic Empires,2026-07-03,post_launch_reviews_total,2026-07-09,6,,not_collected,
4738530,Mandate of Galactic Empires,2026-07-03,post_launch_reviews_total,2026-07-10,7,,not_collected,
1733690,Mandate Order,2026-08-11,pre_launch_wishlist_rank,2026-08-04,-7,523,ok,2026-08-04T04:47:02.633Z
1733690,Mandate Order,2026-08-11,pre_launch_wishlist_rank,2026-08-05,-6,518,ok,2026-08-05T04:46:35.103Z
1733690,Mandate Order,2026-08-11,pre_launch_wishlist_rank,2026-08-06,-5,512,ok,2026-08-06T04:47:09.485Z
1733690,Mandate Order,2026-08-11,pre_launch_wishlist_rank,2026-08-07,-4,499,ok,2026-08-07T04:13:26.771Z
1733690,Mandate Order,2026-08-11,pre_launch_wishlist_rank,2026-08-08,-3,486,ok,2026-08-08T03:11:38.214Z
1733690,Mandate Order,2026-08-11,pre_launch_wishlist_rank,2026-08-09,-2,469,ok,2026-08-09T03:19:17.318Z
1733690,Mandate Order,2026-08-11,pre_launch_wishlist_rank,2026-08-10,-1,439,ok,2026-08-10T03:29:07.136Z
1733690,Mandate Order,2026-08-11,post_launch_reviews_total,2026-08-11,0,0,ok,2026-08-11T03:21:55.619Z
1733690,Mandate Order,2026-08-11,post_launch_reviews_total,2026-08-12,1,,not_collected,
1733690,Mandate Order,2026-08-11,post_launch_reviews_total,2026-08-13,2,,not_collected,
1733690,Mandate Order,2026-08-11,post_launch_reviews_total,2026-08-14,3,,not_collected,
1733690,Mandate Order,2026-08-11,post_launch_reviews_total,2026-08-15,4,,not_collected,
1733690,Mandate Order,2026-08-11,post_launch_reviews_total,2026-08-16,5,,not_collected,
1733690,Mandate Order,2026-08-11,post_launch_reviews_total,2026-08-17,6,,not_collected,
1733690,Mandate Order,2026-08-11,post_launch_reviews_total,2026-08-18,7,,not_collected,
4295960,Manga Club Advisor wants to support Saeki Sasara,2026-07-31,pre_launch_wishlist_rank,2026-07-24,-7,,not_in_captured_wishlist_ranking,
4295960,Manga Club Advisor wants to support Saeki Sasara,2026-07-31,pre_launch_wishlist_rank,2026-07-25,-6,,not_in_captured_wishlist_ranking,
4295960,Manga Club Advisor wants to support Saeki Sasara,2026-07-31,pre_launch_wishlist_rank,2026-07-26,-5,,not_in_captured_wishlist_ranking,
4295960,Manga Club Advisor wants to support Saeki Sasara,2026-07-31,pre_launch_wishlist_rank,2026-07-27,-4,,not_in_captured_wishlist_ranking,
4295960,Manga Club Advisor wants to support Saeki Sasara,2026-07-31,pre_launch_wishlist_rank,2026-07-28,-3,,not_in_captured_wishlist_ranking,
4295960,Manga Club Advisor wants to support Saeki Sasara,2026-07-31,pre_launch_wishlist_rank,2026-07-29,-2,,not_in_captured_wishlist_ranking,
4295960,Manga Club Advisor wants to support Saeki Sasara,2026-07-31,pre_launch_wishlist_rank,2026-07-30,-1,,not_in_captured_wishlist_ranking,
4295960,Manga Club Advisor wants to support Saeki Sasara,2026-07-31,post_launch_reviews_total,2026-07-31,0,0,ok,2026-07-31T05:04:54.532Z
4295960,Manga Club Advisor wants to support Saeki Sasara,2026-07-31,post_launch_reviews_total,2026-08-01,1,,not_collected,
4295960,Manga Club Advisor wants to support Saeki Sasara,2026-07-31,post_launch_reviews_total,2026-08-02,2,,not_collected,
4295960,Manga Club Advisor wants to support Saeki Sasara,2026-07-31,post_launch_reviews_total,2026-08-03,3,,not_collected,
4295960,Manga Club Advisor wants to support Saeki Sasara,2026-07-31,post_launch_reviews_total,2026-08-04,4,,not_collected,
4295960,Manga Club Advisor wants to support Saeki Sasara,2026-07-31,post_launch_reviews_total,2026-08-05,5,,not_collected,
4295960,Manga Club Advisor wants to support Saeki Sasara,2026-07-31,post_launch_reviews_total,2026-08-06,6,,not_collected,
4295960,Manga Club Advisor wants to support Saeki Sasara,2026-07-31,post_launch_reviews_total,2026-08-07,7,,not_collected,
3787240,MARVEL Tōkon: Fighting Souls,2026-08-06,pre_launch_wishlist_rank,2026-07-30,-7,124,ok,2026-07-30T04:38:29.620Z
3787240,MARVEL Tōkon: Fighting Souls,2026-08-06,pre_launch_wishlist_rank,2026-07-31,-6,122,ok,2026-07-31T05:04:54.532Z
3787240,MARVEL Tōkon: Fighting Souls,2026-08-06,pre_launch_wishlist_rank,2026-08-01,-5,119,ok,2026-08-01T04:58:14.130Z
3787240,MARVEL Tōkon: Fighting Souls,2026-08-06,pre_launch_wishlist_rank,2026-08-02,-4,118,ok,2026-08-02T04:58:24.052Z
3787240,MARVEL Tōkon: Fighting Souls,2026-08-06,pre_launch_wishlist_rank,2026-08-03,-3,117,ok,2026-08-03T05:07:42.912Z
3787240,MARVEL Tōkon: Fighting Souls,2026-08-06,pre_launch_wishlist_rank,2026-08-04,-2,113,ok,2026-08-04T04:47:02.633Z
3787240,MARVEL Tōkon: Fighting Souls,2026-08-06,pre_launch_wishlist_rank,2026-08-05,-1,111,ok,2026-08-05T04:46:35.103Z
3787240,MARVEL Tōkon: Fighting Souls,2026-08-06,post_launch_reviews_total,2026-08-06,0,0,ok,2026-08-06T04:47:09.485Z
3787240,MARVEL Tōkon: Fighting Souls,2026-08-06,post_launch_reviews_total,2026-08-07,1,,not_collected,
3787240,MARVEL Tōkon: Fighting Souls,2026-08-06,post_launch_reviews_total,2026-08-08,2,,not_collected,
3787240,MARVEL Tōkon: Fighting Souls,2026-08-06,post_launch_reviews_total,2026-08-09,3,,not_collected,
3787240,MARVEL Tōkon: Fighting Souls,2026-08-06,post_launch_reviews_total,2026-08-10,4,,not_collected,
3787240,MARVEL Tōkon: Fighting Souls,2026-08-06,post_launch_reviews_total,2026-08-11,5,,not_collected,
3787240,MARVEL Tōkon: Fighting Souls,2026-08-06,post_launch_reviews_total,2026-08-12,6,,not_collected,
3787240,MARVEL Tōkon: Fighting Souls,2026-08-06,post_launch_reviews_total,2026-08-13,7,,not_collected,
4634490,Master Healer Kale with useless party,2026-07-02,pre_launch_wishlist_rank,2026-06-25,-7,,not_collected,
4634490,Master Healer Kale with useless party,2026-07-02,pre_launch_wishlist_rank,2026-06-26,-6,,not_collected,
4634490,Master Healer Kale with useless party,2026-07-02,pre_launch_wishlist_rank,2026-06-27,-5,,not_collected,
4634490,Master Healer Kale with useless party,2026-07-02,pre_launch_wishlist_rank,2026-06-28,-4,,not_collected,
4634490,Master Healer Kale with useless party,2026-07-02,pre_launch_wishlist_rank,2026-06-29,-3,,not_collected,
4634490,Master Healer Kale with useless party,2026-07-02,pre_launch_wishlist_rank,2026-06-30,-2,,not_collected,
4634490,Master Healer Kale with useless party,2026-07-02,pre_launch_wishlist_rank,2026-07-01,-1,,not_collected,
4634490,Master Healer Kale with useless party,2026-07-02,post_launch_reviews_total,2026-07-02,0,,not_collected,
4634490,Master Healer Kale with useless party,2026-07-02,post_launch_reviews_total,2026-07-03,1,0,ok,2026-07-03T02:43:20.952Z
4634490,Master Healer Kale with useless party,2026-07-02,post_launch_reviews_total,2026-07-04,2,,not_collected,
4634490,Master Healer Kale with useless party,2026-07-02,post_launch_reviews_total,2026-07-05,3,,not_collected,
4634490,Master Healer Kale with useless party,2026-07-02,post_launch_reviews_total,2026-07-06,4,,not_collected,
4634490,Master Healer Kale with useless party,2026-07-02,post_launch_reviews_total,2026-07-07,5,,not_collected,
4634490,Master Healer Kale with useless party,2026-07-02,post_launch_reviews_total,2026-07-08,6,,not_collected,
4634490,Master Healer Kale with useless party,2026-07-02,post_launch_reviews_total,2026-07-09,7,,not_collected,
3503710,Medieval Horse Dealer Simulator,2026-08-17,pre_launch_wishlist_rank,2026-08-10,-7,,not_in_captured_wishlist_ranking,
3503710,Medieval Horse Dealer Simulator,2026-08-17,pre_launch_wishlist_rank,2026-08-11,-6,1995,ok,2026-08-11T03:21:55.619Z
3503710,Medieval Horse Dealer Simulator,2026-08-17,pre_launch_wishlist_rank,2026-08-12,-5,1935,ok,2026-08-12T03:40:42.315Z
3503710,Medieval Horse Dealer Simulator,2026-08-17,pre_launch_wishlist_rank,2026-08-13,-4,1891,ok,2026-08-13T03:51:51.678Z
3503710,Medieval Horse Dealer Simulator,2026-08-17,pre_launch_wishlist_rank,2026-08-14,-3,1830,ok,2026-08-14T03:41:13.555Z
3503710,Medieval Horse Dealer Simulator,2026-08-17,pre_launch_wishlist_rank,2026-08-15,-2,1778,ok,2026-08-15T02:36:13.648Z
3503710,Medieval Horse Dealer Simulator,2026-08-17,pre_launch_wishlist_rank,2026-08-16,-1,1728,ok,2026-08-16T02:45:28.861Z
3503710,Medieval Horse Dealer Simulator,2026-08-17,post_launch_reviews_total,2026-08-17,0,0,ok,2026-08-17T02:45:10.258Z
3503710,Medieval Horse Dealer Simulator,2026-08-17,post_launch_reviews_total,2026-08-18,1,,not_collected,
3503710,Medieval Horse Dealer Simulator,2026-08-17,post_launch_reviews_total,2026-08-19,2,,not_collected,
3503710,Medieval Horse Dealer Simulator,2026-08-17,post_launch_reviews_total,2026-08-20,3,,not_collected,
3503710,Medieval Horse Dealer Simulator,2026-08-17,post_launch_reviews_total,2026-08-21,4,,not_collected,
3503710,Medieval Horse Dealer Simulator,2026-08-17,post_launch_reviews_total,2026-08-22,5,,not_collected,
3503710,Medieval Horse Dealer Simulator,2026-08-17,post_launch_reviews_total,2026-08-23,6,,not_collected,
3503710,Medieval Horse Dealer Simulator,2026-08-17,post_launch_reviews_total,2026-08-24,7,,not_collected,
5027520,Megastore: Tidy Up Together,2026-09-02,pre_launch_wishlist_rank,2026-08-26,-7,,not_in_captured_wishlist_ranking,
5027520,Megastore: Tidy Up Together,2026-09-02,pre_launch_wishlist_rank,2026-08-27,-6,,not_in_captured_wishlist_ranking,
5027520,Megastore: Tidy Up Together,2026-09-02,pre_launch_wishlist_rank,2026-08-28,-5,,not_in_captured_wishlist_ranking,
5027520,Megastore: Tidy Up Together,2026-09-02,pre_launch_wishlist_rank,2026-08-29,-4,,not_in_captured_wishlist_ranking,
5027520,Megastore: Tidy Up Together,2026-09-02,pre_launch_wishlist_rank,2026-08-30,-3,,not_in_captured_wishlist_ranking,
5027520,Megastore: Tidy Up Together,2026-09-02,pre_launch_wishlist_rank,2026-08-31,-2,,not_in_captured_wishlist_ranking,
5027520,Megastore: Tidy Up Together,2026-09-02,pre_launch_wishlist_rank,2026-09-01,-1,,not_in_captured_wishlist_ranking,
5027520,Megastore: Tidy Up Together,2026-09-02,post_launch_reviews_total,2026-09-02,0,0,ok,2026-09-02T06:21:55.398Z
5027520,Megastore: Tidy Up Together,2026-09-02,post_launch_reviews_total,2026-09-03,1,,not_collected,
5027520,Megastore: Tidy Up Together,2026-09-02,post_launch_reviews_total,2026-09-04,2,,not_collected,
5027520,Megastore: Tidy Up Together,2026-09-02,post_launch_reviews_total,2026-09-05,3,,not_collected,
5027520,Megastore: Tidy Up Together,2026-09-02,post_launch_reviews_total,2026-09-06,4,,not_collected,
5027520,Megastore: Tidy Up Together,2026-09-02,post_launch_reviews_total,2026-09-07,5,,not_collected,
5027520,Megastore: Tidy Up Together,2026-09-02,post_launch_reviews_total,2026-09-08,6,,not_collected,
5027520,Megastore: Tidy Up Together,2026-09-02,post_launch_reviews_total,2026-09-09,7,,not_collected,
4697170,Memo R.I.P.,2026-07-07,pre_launch_wishlist_rank,2026-06-30,-7,,not_collected,
4697170,Memo R.I.P.,2026-07-07,pre_launch_wishlist_rank,2026-07-01,-6,,not_collected,
4697170,Memo R.I.P.,2026-07-07,pre_launch_wishlist_rank,2026-07-02,-5,,not_collected,
4697170,Memo R.I.P.,2026-07-07,pre_launch_wishlist_rank,2026-07-03,-4,,not_in_captured_wishlist_ranking,
4697170,Memo R.I.P.,2026-07-07,pre_launch_wishlist_rank,2026-07-04,-3,,not_in_captured_wishlist_ranking,
4697170,Memo R.I.P.,2026-07-07,pre_launch_wishlist_rank,2026-07-05,-2,,not_in_captured_wishlist_ranking,
4697170,Memo R.I.P.,2026-07-07,pre_launch_wishlist_rank,2026-07-06,-1,,not_in_captured_wishlist_ranking,
4697170,Memo R.I.P.,2026-07-07,post_launch_reviews_total,2026-07-07,0,0,ok,2026-07-07T05:48:04.813Z
4697170,Memo R.I.P.,2026-07-07,post_launch_reviews_total,2026-07-08,1,,not_collected,
4697170,Memo R.I.P.,2026-07-07,post_launch_reviews_total,2026-07-09,2,,not_collected,
4697170,Memo R.I.P.,2026-07-07,post_launch_reviews_total,2026-07-10,3,,not_collected,
4697170,Memo R.I.P.,2026-07-07,post_launch_reviews_total,2026-07-11,4,,not_collected,
4697170,Memo R.I.P.,2026-07-07,post_launch_reviews_total,2026-07-12,5,,not_collected,
4697170,Memo R.I.P.,2026-07-07,post_launch_reviews_total,2026-07-13,6,,not_collected,
4697170,Memo R.I.P.,2026-07-07,post_launch_reviews_total,2026-07-14,7,,not_collected,
4252290,Meowgic,2026-07-20,pre_launch_wishlist_rank,2026-07-13,-7,633,ok,2026-07-13T05:04:37.802Z
4252290,Meowgic,2026-07-20,pre_launch_wishlist_rank,2026-07-14,-6,620,ok,2026-07-14T04:32:48.120Z
4252290,Meowgic,2026-07-20,pre_launch_wishlist_rank,2026-07-15,-5,610,ok,2026-07-15T04:32:45.763Z
4252290,Meowgic,2026-07-20,pre_launch_wishlist_rank,2026-07-16,-4,602,ok,2026-07-16T04:42:31.378Z
4252290,Meowgic,2026-07-20,pre_launch_wishlist_rank,2026-07-17,-3,588,ok,2026-07-17T04:45:39.030Z
4252290,Meowgic,2026-07-20,pre_launch_wishlist_rank,2026-07-18,-2,576,ok,2026-07-18T04:29:54.503Z
4252290,Meowgic,2026-07-20,pre_launch_wishlist_rank,2026-07-19,-1,564,ok,2026-07-19T04:54:49.781Z
4252290,Meowgic,2026-07-20,post_launch_reviews_total,2026-07-20,0,0,ok,2026-07-20T05:09:45.900Z
4252290,Meowgic,2026-07-20,post_launch_reviews_total,2026-07-21,1,,not_collected,
4252290,Meowgic,2026-07-20,post_launch_reviews_total,2026-07-22,2,,not_collected,
4252290,Meowgic,2026-07-20,post_launch_reviews_total,2026-07-23,3,,not_collected,
4252290,Meowgic,2026-07-20,post_launch_reviews_total,2026-07-24,4,,not_collected,
4252290,Meowgic,2026-07-20,post_launch_reviews_total,2026-07-25,5,,not_collected,
4252290,Meowgic,2026-07-20,post_launch_reviews_total,2026-07-26,6,,not_collected,
4252290,Meowgic,2026-07-20,post_launch_reviews_total,2026-07-27,7,,not_collected,
3534790,Mesmalie,2026-07-09,pre_launch_wishlist_rank,2026-07-02,-7,,not_collected,
3534790,Mesmalie,2026-07-09,pre_launch_wishlist_rank,2026-07-03,-6,,not_in_captured_wishlist_ranking,
3534790,Mesmalie,2026-07-09,pre_launch_wishlist_rank,2026-07-04,-5,,not_in_captured_wishlist_ranking,
3534790,Mesmalie,2026-07-09,pre_launch_wishlist_rank,2026-07-05,-4,,not_in_captured_wishlist_ranking,
3534790,Mesmalie,2026-07-09,pre_launch_wishlist_rank,2026-07-06,-3,,not_in_captured_wishlist_ranking,
3534790,Mesmalie,2026-07-09,pre_launch_wishlist_rank,2026-07-07,-2,,not_in_captured_wishlist_ranking,
3534790,Mesmalie,2026-07-09,pre_launch_wishlist_rank,2026-07-08,-1,,not_in_captured_wishlist_ranking,
3534790,Mesmalie,2026-07-09,post_launch_reviews_total,2026-07-09,0,0,ok,2026-07-09T05:46:21.155Z
3534790,Mesmalie,2026-07-09,post_launch_reviews_total,2026-07-10,1,,not_collected,
3534790,Mesmalie,2026-07-09,post_launch_reviews_total,2026-07-11,2,,not_collected,
3534790,Mesmalie,2026-07-09,post_launch_reviews_total,2026-07-12,3,,not_collected,
3534790,Mesmalie,2026-07-09,post_launch_reviews_total,2026-07-13,4,,not_collected,
3534790,Mesmalie,2026-07-09,post_launch_reviews_total,2026-07-14,5,,not_collected,
3534790,Mesmalie,2026-07-09,post_launch_reviews_total,2026-07-15,6,,not_collected,
3534790,Mesmalie,2026-07-09,post_launch_reviews_total,2026-07-16,7,,not_collected,
2492670,METAL GEAR SOLID 4: Guns of the Patriots - Master Collection Version,2026-08-27,pre_launch_wishlist_rank,2026-08-20,-7,,not_in_captured_wishlist_ranking,
2492670,METAL GEAR SOLID 4: Guns of the Patriots - Master Collection Version,2026-08-27,pre_launch_wishlist_rank,2026-08-21,-6,,not_in_captured_wishlist_ranking,
2492670,METAL GEAR SOLID 4: Guns of the Patriots - Master Collection Version,2026-08-27,pre_launch_wishlist_rank,2026-08-22,-5,,not_in_captured_wishlist_ranking,
2492670,METAL GEAR SOLID 4: Guns of the Patriots - Master Collection Version,2026-08-27,pre_launch_wishlist_rank,2026-08-23,-4,,not_in_captured_wishlist_ranking,
2492670,METAL GEAR SOLID 4: Guns of the Patriots - Master Collection Version,2026-08-27,pre_launch_wishlist_rank,2026-08-24,-3,,not_in_captured_wishlist_ranking,
2492670,METAL GEAR SOLID 4: Guns of the Patriots - Master Collection Version,2026-08-27,pre_launch_wishlist_rank,2026-08-25,-2,1986,ok,2026-08-25T02:42:46.392Z
2492670,METAL GEAR SOLID 4: Guns of the Patriots - Master Collection Version,2026-08-27,pre_launch_wishlist_rank,2026-08-26,-1,1872,ok,2026-08-26T02:50:15.789Z
2492670,METAL GEAR SOLID 4: Guns of the Patriots - Master Collection Version,2026-08-27,post_launch_reviews_total,2026-08-27,0,0,ok,2026-08-27T11:57:45.810Z
2492670,METAL GEAR SOLID 4: Guns of the Patriots - Master Collection Version,2026-08-27,post_launch_reviews_total,2026-08-28,1,,not_collected,
2492670,METAL GEAR SOLID 4: Guns of the Patriots - Master Collection Version,2026-08-27,post_launch_reviews_total,2026-08-29,2,,not_collected,
2492670,METAL GEAR SOLID 4: Guns of the Patriots - Master Collection Version,2026-08-27,post_launch_reviews_total,2026-08-30,3,,not_collected,
2492670,METAL GEAR SOLID 4: Guns of the Patriots - Master Collection Version,2026-08-27,post_launch_reviews_total,2026-08-31,4,,not_collected,
2492670,METAL GEAR SOLID 4: Guns of the Patriots - Master Collection Version,2026-08-27,post_launch_reviews_total,2026-09-01,5,,not_collected,
2492670,METAL GEAR SOLID 4: Guns of the Patriots - Master Collection Version,2026-08-27,post_launch_reviews_total,2026-09-02,6,,not_collected,
2492670,METAL GEAR SOLID 4: Guns of the Patriots - Master Collection Version,2026-08-27,post_launch_reviews_total,2026-09-03,7,,not_collected,
3859630,METAL GEAR SOLID: MASTER COLLECTION Vol.2,2026-08-27,pre_launch_wishlist_rank,2026-08-20,-7,148,ok,2026-08-20T02:40:42.136Z
3859630,METAL GEAR SOLID: MASTER COLLECTION Vol.2,2026-08-27,pre_launch_wishlist_rank,2026-08-21,-6,146,ok,2026-08-21T02:47:33.763Z
3859630,METAL GEAR SOLID: MASTER COLLECTION Vol.2,2026-08-27,pre_launch_wishlist_rank,2026-08-22,-5,146,ok,2026-08-22T02:38:05.157Z
3859630,METAL GEAR SOLID: MASTER COLLECTION Vol.2,2026-08-27,pre_launch_wishlist_rank,2026-08-23,-4,145,ok,2026-08-23T02:47:54.993Z
3859630,METAL GEAR SOLID: MASTER COLLECTION Vol.2,2026-08-27,pre_launch_wishlist_rank,2026-08-24,-3,143,ok,2026-08-24T02:48:36.097Z
3859630,METAL GEAR SOLID: MASTER COLLECTION Vol.2,2026-08-27,pre_launch_wishlist_rank,2026-08-25,-2,137,ok,2026-08-25T02:42:46.392Z
3859630,METAL GEAR SOLID: MASTER COLLECTION Vol.2,2026-08-27,pre_launch_wishlist_rank,2026-08-26,-1,134,ok,2026-08-26T02:50:15.789Z
3859630,METAL GEAR SOLID: MASTER COLLECTION Vol.2,2026-08-27,post_launch_reviews_total,2026-08-27,0,0,ok,2026-08-27T11:57:45.810Z
3859630,METAL GEAR SOLID: MASTER COLLECTION Vol.2,2026-08-27,post_launch_reviews_total,2026-08-28,1,,not_collected,
3859630,METAL GEAR SOLID: MASTER COLLECTION Vol.2,2026-08-27,post_launch_reviews_total,2026-08-29,2,,not_collected,
3859630,METAL GEAR SOLID: MASTER COLLECTION Vol.2,2026-08-27,post_launch_reviews_total,2026-08-30,3,,not_collected,
3859630,METAL GEAR SOLID: MASTER COLLECTION Vol.2,2026-08-27,post_launch_reviews_total,2026-08-31,4,,not_collected,
3859630,METAL GEAR SOLID: MASTER COLLECTION Vol.2,2026-08-27,post_launch_reviews_total,2026-09-01,5,,not_collected,
3859630,METAL GEAR SOLID: MASTER COLLECTION Vol.2,2026-08-27,post_launch_reviews_total,2026-09-02,6,,not_collected,
3859630,METAL GEAR SOLID: MASTER COLLECTION Vol.2,2026-08-27,post_launch_reviews_total,2026-09-03,7,,not_collected,
2492660,METAL GEAR SOLID: Peace Walker - Master Collection Version,2026-08-27,pre_launch_wishlist_rank,2026-08-20,-7,,not_in_captured_wishlist_ranking,
2492660,METAL GEAR SOLID: Peace Walker - Master Collection Version,2026-08-27,pre_launch_wishlist_rank,2026-08-21,-6,,not_in_captured_wishlist_ranking,
2492660,METAL GEAR SOLID: Peace Walker - Master Collection Version,2026-08-27,pre_launch_wishlist_rank,2026-08-22,-5,,not_in_captured_wishlist_ranking,
2492660,METAL GEAR SOLID: Peace Walker - Master Collection Version,2026-08-27,pre_launch_wishlist_rank,2026-08-23,-4,,not_in_captured_wishlist_ranking,
2492660,METAL GEAR SOLID: Peace Walker - Master Collection Version,2026-08-27,pre_launch_wishlist_rank,2026-08-24,-3,,not_in_captured_wishlist_ranking,
2492660,METAL GEAR SOLID: Peace Walker - Master Collection Version,2026-08-27,pre_launch_wishlist_rank,2026-08-25,-2,,not_in_captured_wishlist_ranking,
2492660,METAL GEAR SOLID: Peace Walker - Master Collection Version,2026-08-27,pre_launch_wishlist_rank,2026-08-26,-1,,not_in_captured_wishlist_ranking,
2492660,METAL GEAR SOLID: Peace Walker - Master Collection Version,2026-08-27,post_launch_reviews_total,2026-08-27,0,0,ok,2026-08-27T11:57:45.810Z
2492660,METAL GEAR SOLID: Peace Walker - Master Collection Version,2026-08-27,post_launch_reviews_total,2026-08-28,1,,not_collected,
2492660,METAL GEAR SOLID: Peace Walker - Master Collection Version,2026-08-27,post_launch_reviews_total,2026-08-29,2,,not_collected,
2492660,METAL GEAR SOLID: Peace Walker - Master Collection Version,2026-08-27,post_launch_reviews_total,2026-08-30,3,,not_collected,
2492660,METAL GEAR SOLID: Peace Walker - Master Collection Version,2026-08-27,post_launch_reviews_total,2026-08-31,4,,not_collected,
2492660,METAL GEAR SOLID: Peace Walker - Master Collection Version,2026-08-27,post_launch_reviews_total,2026-09-01,5,,not_collected,
2492660,METAL GEAR SOLID: Peace Walker - Master Collection Version,2026-08-27,post_launch_reviews_total,2026-09-02,6,,not_collected,
2492660,METAL GEAR SOLID: Peace Walker - Master Collection Version,2026-08-27,post_launch_reviews_total,2026-09-03,7,,not_collected,
4551130,Micronova,2026-07-10,pre_launch_wishlist_rank,2026-07-03,-7,,not_in_captured_wishlist_ranking,
4551130,Micronova,2026-07-10,pre_launch_wishlist_rank,2026-07-04,-6,,not_in_captured_wishlist_ranking,
4551130,Micronova,2026-07-10,pre_launch_wishlist_rank,2026-07-05,-5,,not_in_captured_wishlist_ranking,
4551130,Micronova,2026-07-10,pre_launch_wishlist_rank,2026-07-06,-4,,not_in_captured_wishlist_ranking,
4551130,Micronova,2026-07-10,pre_launch_wishlist_rank,2026-07-07,-3,,not_in_captured_wishlist_ranking,
4551130,Micronova,2026-07-10,pre_launch_wishlist_rank,2026-07-08,-2,,not_in_captured_wishlist_ranking,
4551130,Micronova,2026-07-10,pre_launch_wishlist_rank,2026-07-09,-1,,not_in_captured_wishlist_ranking,
4551130,Micronova,2026-07-10,post_launch_reviews_total,2026-07-10,0,0,ok,2026-07-10T05:43:57.377Z
4551130,Micronova,2026-07-10,post_launch_reviews_total,2026-07-11,1,,not_collected,
4551130,Micronova,2026-07-10,post_launch_reviews_total,2026-07-12,2,,not_collected,
4551130,Micronova,2026-07-10,post_launch_reviews_total,2026-07-13,3,,not_collected,
4551130,Micronova,2026-07-10,post_launch_reviews_total,2026-07-14,4,,not_collected,
4551130,Micronova,2026-07-10,post_launch_reviews_total,2026-07-15,5,,not_collected,
4551130,Micronova,2026-07-10,post_launch_reviews_total,2026-07-16,6,,not_collected,
4551130,Micronova,2026-07-10,post_launch_reviews_total,2026-07-17,7,,not_collected,
5053820,Mimic Party,2026-08-27,pre_launch_wishlist_rank,2026-08-20,-7,,not_in_captured_wishlist_ranking,
5053820,Mimic Party,2026-08-27,pre_launch_wishlist_rank,2026-08-21,-6,,not_in_captured_wishlist_ranking,
5053820,Mimic Party,2026-08-27,pre_launch_wishlist_rank,2026-08-22,-5,,not_in_captured_wishlist_ranking,
5053820,Mimic Party,2026-08-27,pre_launch_wishlist_rank,2026-08-23,-4,,not_in_captured_wishlist_ranking,
5053820,Mimic Party,2026-08-27,pre_launch_wishlist_rank,2026-08-24,-3,,not_in_captured_wishlist_ranking,
5053820,Mimic Party,2026-08-27,pre_launch_wishlist_rank,2026-08-25,-2,,not_in_captured_wishlist_ranking,
5053820,Mimic Party,2026-08-27,pre_launch_wishlist_rank,2026-08-26,-1,,not_in_captured_wishlist_ranking,
5053820,Mimic Party,2026-08-27,post_launch_reviews_total,2026-08-27,0,0,ok,2026-08-27T11:57:45.810Z
5053820,Mimic Party,2026-08-27,post_launch_reviews_total,2026-08-28,1,,not_collected,
5053820,Mimic Party,2026-08-27,post_launch_reviews_total,2026-08-29,2,,not_collected,
5053820,Mimic Party,2026-08-27,post_launch_reviews_total,2026-08-30,3,,not_collected,
5053820,Mimic Party,2026-08-27,post_launch_reviews_total,2026-08-31,4,,not_collected,
5053820,Mimic Party,2026-08-27,post_launch_reviews_total,2026-09-01,5,,not_collected,
5053820,Mimic Party,2026-08-27,post_launch_reviews_total,2026-09-02,6,,not_collected,
5053820,Mimic Party,2026-08-27,post_launch_reviews_total,2026-09-03,7,,not_collected,
3227240,MineGeon: Renegades,2026-07-28,pre_launch_wishlist_rank,2026-07-21,-7,1392,ok,2026-07-21T04:50:39.944Z
3227240,MineGeon: Renegades,2026-07-28,pre_launch_wishlist_rank,2026-07-22,-6,1377,ok,2026-07-22T04:50:32.272Z
3227240,MineGeon: Renegades,2026-07-28,pre_launch_wishlist_rank,2026-07-23,-5,1349,ok,2026-07-23T04:56:12.842Z
3227240,MineGeon: Renegades,2026-07-28,pre_launch_wishlist_rank,2026-07-24,-4,1335,ok,2026-07-24T04:51:55.902Z
3227240,MineGeon: Renegades,2026-07-28,pre_launch_wishlist_rank,2026-07-25,-3,1321,ok,2026-07-25T04:47:58.982Z
3227240,MineGeon: Renegades,2026-07-28,pre_launch_wishlist_rank,2026-07-26,-2,1301,ok,2026-07-26T05:02:25.100Z
3227240,MineGeon: Renegades,2026-07-28,pre_launch_wishlist_rank,2026-07-27,-1,1262,ok,2026-07-27T05:28:24.621Z
3227240,MineGeon: Renegades,2026-07-28,post_launch_reviews_total,2026-07-28,0,0,ok,2026-07-28T04:45:52.627Z
3227240,MineGeon: Renegades,2026-07-28,post_launch_reviews_total,2026-07-29,1,,not_collected,
3227240,MineGeon: Renegades,2026-07-28,post_launch_reviews_total,2026-07-30,2,,not_collected,
3227240,MineGeon: Renegades,2026-07-28,post_launch_reviews_total,2026-07-31,3,,not_collected,
3227240,MineGeon: Renegades,2026-07-28,post_launch_reviews_total,2026-08-01,4,,not_collected,
3227240,MineGeon: Renegades,2026-07-28,post_launch_reviews_total,2026-08-02,5,,not_collected,
3227240,MineGeon: Renegades,2026-07-28,post_launch_reviews_total,2026-08-03,6,,not_collected,
3227240,MineGeon: Renegades,2026-07-28,post_launch_reviews_total,2026-08-04,7,,not_collected,
2303330,Mining Miner,2026-07-08,pre_launch_wishlist_rank,2026-07-01,-7,,not_collected,
2303330,Mining Miner,2026-07-08,pre_launch_wishlist_rank,2026-07-02,-6,,not_collected,
2303330,Mining Miner,2026-07-08,pre_launch_wishlist_rank,2026-07-03,-5,,not_in_captured_wishlist_ranking,
2303330,Mining Miner,2026-07-08,pre_launch_wishlist_rank,2026-07-04,-4,,not_in_captured_wishlist_ranking,
2303330,Mining Miner,2026-07-08,pre_launch_wishlist_rank,2026-07-05,-3,,not_in_captured_wishlist_ranking,
2303330,Mining Miner,2026-07-08,pre_launch_wishlist_rank,2026-07-06,-2,,not_in_captured_wishlist_ranking,
2303330,Mining Miner,2026-07-08,pre_launch_wishlist_rank,2026-07-07,-1,,not_in_captured_wishlist_ranking,
2303330,Mining Miner,2026-07-08,post_launch_reviews_total,2026-07-08,0,0,ok,2026-07-08T04:50:41.299Z
2303330,Mining Miner,2026-07-08,post_launch_reviews_total,2026-07-09,1,,not_collected,
2303330,Mining Miner,2026-07-08,post_launch_reviews_total,2026-07-10,2,,not_collected,
2303330,Mining Miner,2026-07-08,post_launch_reviews_total,2026-07-11,3,,not_collected,
2303330,Mining Miner,2026-07-08,post_launch_reviews_total,2026-07-12,4,,not_collected,
2303330,Mining Miner,2026-07-08,post_launch_reviews_total,2026-07-13,5,,not_collected,
2303330,Mining Miner,2026-07-08,post_launch_reviews_total,2026-07-14,6,,not_collected,
2303330,Mining Miner,2026-07-08,post_launch_reviews_total,2026-07-15,7,,not_collected,
4563870,Miseria,2026-08-07,pre_launch_wishlist_rank,2026-07-31,-7,,not_in_captured_wishlist_ranking,
4563870,Miseria,2026-08-07,pre_launch_wishlist_rank,2026-08-01,-6,,not_in_captured_wishlist_ranking,
4563870,Miseria,2026-08-07,pre_launch_wishlist_rank,2026-08-02,-5,,not_in_captured_wishlist_ranking,
4563870,Miseria,2026-08-07,pre_launch_wishlist_rank,2026-08-03,-4,,not_in_captured_wishlist_ranking,
4563870,Miseria,2026-08-07,pre_launch_wishlist_rank,2026-08-04,-3,,not_in_captured_wishlist_ranking,
4563870,Miseria,2026-08-07,pre_launch_wishlist_rank,2026-08-05,-2,,not_in_captured_wishlist_ranking,
4563870,Miseria,2026-08-07,pre_launch_wishlist_rank,2026-08-06,-1,,not_in_captured_wishlist_ranking,
4563870,Miseria,2026-08-07,post_launch_reviews_total,2026-08-07,0,0,ok,2026-08-07T04:13:26.771Z
4563870,Miseria,2026-08-07,post_launch_reviews_total,2026-08-08,1,,not_collected,
4563870,Miseria,2026-08-07,post_launch_reviews_total,2026-08-09,2,,not_collected,
4563870,Miseria,2026-08-07,post_launch_reviews_total,2026-08-10,3,,not_collected,
4563870,Miseria,2026-08-07,post_launch_reviews_total,2026-08-11,4,,not_collected,
4563870,Miseria,2026-08-07,post_launch_reviews_total,2026-08-12,5,,not_collected,
4563870,Miseria,2026-08-07,post_launch_reviews_total,2026-08-13,6,,not_collected,
4563870,Miseria,2026-08-07,post_launch_reviews_total,2026-08-14,7,,not_collected,
3282300,Mistfall Hunter,2026-07-29,pre_launch_wishlist_rank,2026-07-22,-7,32,ok,2026-07-22T04:50:32.272Z
3282300,Mistfall Hunter,2026-07-29,pre_launch_wishlist_rank,2026-07-23,-6,32,ok,2026-07-23T04:56:12.842Z
3282300,Mistfall Hunter,2026-07-29,pre_launch_wishlist_rank,2026-07-24,-5,31,ok,2026-07-24T04:51:55.902Z
3282300,Mistfall Hunter,2026-07-29,pre_launch_wishlist_rank,2026-07-25,-4,30,ok,2026-07-25T04:47:58.982Z
3282300,Mistfall Hunter,2026-07-29,pre_launch_wishlist_rank,2026-07-26,-3,28,ok,2026-07-26T05:02:25.100Z
3282300,Mistfall Hunter,2026-07-29,pre_launch_wishlist_rank,2026-07-27,-2,26,ok,2026-07-27T05:28:24.621Z
3282300,Mistfall Hunter,2026-07-29,pre_launch_wishlist_rank,2026-07-28,-1,25,ok,2026-07-28T04:45:52.627Z
3282300,Mistfall Hunter,2026-07-29,post_launch_reviews_total,2026-07-29,0,0,ok,2026-07-29T04:50:58.767Z
3282300,Mistfall Hunter,2026-07-29,post_launch_reviews_total,2026-07-30,1,,not_collected,
3282300,Mistfall Hunter,2026-07-29,post_launch_reviews_total,2026-07-31,2,,not_collected,
3282300,Mistfall Hunter,2026-07-29,post_launch_reviews_total,2026-08-01,3,,not_collected,
3282300,Mistfall Hunter,2026-07-29,post_launch_reviews_total,2026-08-02,4,,not_collected,
3282300,Mistfall Hunter,2026-07-29,post_launch_reviews_total,2026-08-03,5,,not_collected,
3282300,Mistfall Hunter,2026-07-29,post_launch_reviews_total,2026-08-04,6,,not_collected,
3282300,Mistfall Hunter,2026-07-29,post_launch_reviews_total,2026-08-05,7,,not_collected,
4833450,Money for Girls: Amortized,2026-08-24,pre_launch_wishlist_rank,2026-08-17,-7,,not_in_captured_wishlist_ranking,
4833450,Money for Girls: Amortized,2026-08-24,pre_launch_wishlist_rank,2026-08-18,-6,,not_in_captured_wishlist_ranking,
4833450,Money for Girls: Amortized,2026-08-24,pre_launch_wishlist_rank,2026-08-19,-5,,not_in_captured_wishlist_ranking,
4833450,Money for Girls: Amortized,2026-08-24,pre_launch_wishlist_rank,2026-08-20,-4,,not_in_captured_wishlist_ranking,
4833450,Money for Girls: Amortized,2026-08-24,pre_launch_wishlist_rank,2026-08-21,-3,,not_in_captured_wishlist_ranking,
4833450,Money for Girls: Amortized,2026-08-24,pre_launch_wishlist_rank,2026-08-22,-2,1900,ok,2026-08-22T02:38:05.157Z
4833450,Money for Girls: Amortized,2026-08-24,pre_launch_wishlist_rank,2026-08-23,-1,1792,ok,2026-08-23T02:47:54.993Z
4833450,Money for Girls: Amortized,2026-08-24,post_launch_reviews_total,2026-08-24,0,0,ok,2026-08-24T02:48:36.097Z
4833450,Money for Girls: Amortized,2026-08-24,post_launch_reviews_total,2026-08-25,1,,not_collected,
4833450,Money for Girls: Amortized,2026-08-24,post_launch_reviews_total,2026-08-26,2,,not_collected,
4833450,Money for Girls: Amortized,2026-08-24,post_launch_reviews_total,2026-08-27,3,,not_collected,
4833450,Money for Girls: Amortized,2026-08-24,post_launch_reviews_total,2026-08-28,4,,not_collected,
4833450,Money for Girls: Amortized,2026-08-24,post_launch_reviews_total,2026-08-29,5,,not_collected,
4833450,Money for Girls: Amortized,2026-08-24,post_launch_reviews_total,2026-08-30,6,,not_collected,
4833450,Money for Girls: Amortized,2026-08-24,post_launch_reviews_total,2026-08-31,7,,not_collected,
4022090,Monk Took Book,2026-09-03,pre_launch_wishlist_rank,2026-08-27,-7,1520,ok,2026-08-27T11:57:45.810Z
4022090,Monk Took Book,2026-09-03,pre_launch_wishlist_rank,2026-08-28,-6,1497,ok,2026-08-28T13:19:41.332Z
4022090,Monk Took Book,2026-09-03,pre_launch_wishlist_rank,2026-08-29,-5,1478,ok,2026-08-29T08:16:08.181Z
4022090,Monk Took Book,2026-09-03,pre_launch_wishlist_rank,2026-08-30,-4,1460,ok,2026-08-30T07:17:27.365Z
4022090,Monk Took Book,2026-09-03,pre_launch_wishlist_rank,2026-08-31,-3,1406,ok,2026-08-31T07:32:46.352Z
4022090,Monk Took Book,2026-09-03,pre_launch_wishlist_rank,2026-09-01,-2,1376,ok,2026-09-01T06:43:33.167Z
4022090,Monk Took Book,2026-09-03,pre_launch_wishlist_rank,2026-09-02,-1,1342,ok,2026-09-02T06:21:55.398Z
4022090,Monk Took Book,2026-09-03,post_launch_reviews_total,2026-09-03,0,0,ok,2026-09-03T06:24:29.914Z
4022090,Monk Took Book,2026-09-03,post_launch_reviews_total,2026-09-04,1,,not_collected,
4022090,Monk Took Book,2026-09-03,post_launch_reviews_total,2026-09-05,2,,not_collected,
4022090,Monk Took Book,2026-09-03,post_launch_reviews_total,2026-09-06,3,,not_collected,
4022090,Monk Took Book,2026-09-03,post_launch_reviews_total,2026-09-07,4,,not_collected,
4022090,Monk Took Book,2026-09-03,post_launch_reviews_total,2026-09-08,5,,not_collected,
4022090,Monk Took Book,2026-09-03,post_launch_reviews_total,2026-09-09,6,,not_collected,
4022090,Monk Took Book,2026-09-03,post_launch_reviews_total,2026-09-10,7,,not_collected,
4948000,Moo Who?,2026-08-21,pre_launch_wishlist_rank,2026-08-14,-7,789,ok,2026-08-14T03:41:13.555Z
4948000,Moo Who?,2026-08-21,pre_launch_wishlist_rank,2026-08-15,-6,749,ok,2026-08-15T02:36:13.648Z
4948000,Moo Who?,2026-08-21,pre_launch_wishlist_rank,2026-08-16,-5,693,ok,2026-08-16T02:45:28.861Z
4948000,Moo Who?,2026-08-21,pre_launch_wishlist_rank,2026-08-17,-4,643,ok,2026-08-17T02:45:10.258Z
4948000,Moo Who?,2026-08-21,pre_launch_wishlist_rank,2026-08-18,-3,595,ok,2026-08-18T02:39:27.140Z
4948000,Moo Who?,2026-08-21,pre_launch_wishlist_rank,2026-08-19,-2,554,ok,2026-08-19T02:42:36.358Z
4948000,Moo Who?,2026-08-21,pre_launch_wishlist_rank,2026-08-20,-1,519,ok,2026-08-20T02:40:42.136Z
4948000,Moo Who?,2026-08-21,post_launch_reviews_total,2026-08-21,0,0,ok,2026-08-21T02:47:33.763Z
4948000,Moo Who?,2026-08-21,post_launch_reviews_total,2026-08-22,1,,not_collected,
4948000,Moo Who?,2026-08-21,post_launch_reviews_total,2026-08-23,2,,not_collected,
4948000,Moo Who?,2026-08-21,post_launch_reviews_total,2026-08-24,3,,not_collected,
4948000,Moo Who?,2026-08-21,post_launch_reviews_total,2026-08-25,4,,not_collected,
4948000,Moo Who?,2026-08-21,post_launch_reviews_total,2026-08-26,5,,not_collected,
4948000,Moo Who?,2026-08-21,post_launch_reviews_total,2026-08-27,6,,not_collected,
4948000,Moo Who?,2026-08-21,post_launch_reviews_total,2026-08-28,7,,not_collected,
2209900,Moonlight Peaks,2026-07-06,pre_launch_wishlist_rank,2026-06-29,-7,,not_collected,
2209900,Moonlight Peaks,2026-07-06,pre_launch_wishlist_rank,2026-06-30,-6,,not_collected,
2209900,Moonlight Peaks,2026-07-06,pre_launch_wishlist_rank,2026-07-01,-5,,not_collected,
2209900,Moonlight Peaks,2026-07-06,pre_launch_wishlist_rank,2026-07-02,-4,,not_collected,
2209900,Moonlight Peaks,2026-07-06,pre_launch_wishlist_rank,2026-07-03,-3,,not_in_captured_wishlist_ranking,
2209900,Moonlight Peaks,2026-07-06,pre_launch_wishlist_rank,2026-07-04,-2,,not_in_captured_wishlist_ranking,
2209900,Moonlight Peaks,2026-07-06,pre_launch_wishlist_rank,2026-07-05,-1,,not_in_captured_wishlist_ranking,
2209900,Moonlight Peaks,2026-07-06,post_launch_reviews_total,2026-07-06,0,0,ok,2026-07-06T04:31:47.397Z
2209900,Moonlight Peaks,2026-07-06,post_launch_reviews_total,2026-07-07,1,,not_collected,
2209900,Moonlight Peaks,2026-07-06,post_launch_reviews_total,2026-07-08,2,,not_collected,
2209900,Moonlight Peaks,2026-07-06,post_launch_reviews_total,2026-07-09,3,,not_collected,
2209900,Moonlight Peaks,2026-07-06,post_launch_reviews_total,2026-07-10,4,,not_collected,
2209900,Moonlight Peaks,2026-07-06,post_launch_reviews_total,2026-07-11,5,,not_collected,
2209900,Moonlight Peaks,2026-07-06,post_launch_reviews_total,2026-07-12,6,,not_collected,
2209900,Moonlight Peaks,2026-07-06,post_launch_reviews_total,2026-07-13,7,,not_collected,
2584270,Mortal Shell II,2026-08-20,pre_launch_wishlist_rank,2026-08-13,-7,35,ok,2026-08-13T03:51:51.678Z
2584270,Mortal Shell II,2026-08-20,pre_launch_wishlist_rank,2026-08-14,-6,33,ok,2026-08-14T03:41:13.555Z
2584270,Mortal Shell II,2026-08-20,pre_launch_wishlist_rank,2026-08-15,-5,33,ok,2026-08-15T02:36:13.648Z
2584270,Mortal Shell II,2026-08-20,pre_launch_wishlist_rank,2026-08-16,-4,33,ok,2026-08-16T02:45:28.861Z
2584270,Mortal Shell II,2026-08-20,pre_launch_wishlist_rank,2026-08-17,-3,31,ok,2026-08-17T02:45:10.258Z
2584270,Mortal Shell II,2026-08-20,pre_launch_wishlist_rank,2026-08-18,-2,26,ok,2026-08-18T02:39:27.140Z
2584270,Mortal Shell II,2026-08-20,pre_launch_wishlist_rank,2026-08-19,-1,25,ok,2026-08-19T02:42:36.358Z
2584270,Mortal Shell II,2026-08-20,post_launch_reviews_total,2026-08-20,0,3639,ok,2026-08-20T02:40:42.136Z
2584270,Mortal Shell II,2026-08-20,post_launch_reviews_total,2026-08-21,1,,not_collected,
2584270,Mortal Shell II,2026-08-20,post_launch_reviews_total,2026-08-22,2,,not_collected,
2584270,Mortal Shell II,2026-08-20,post_launch_reviews_total,2026-08-23,3,,not_collected,
2584270,Mortal Shell II,2026-08-20,post_launch_reviews_total,2026-08-24,4,,not_collected,
2584270,Mortal Shell II,2026-08-20,post_launch_reviews_total,2026-08-25,5,,not_collected,
2584270,Mortal Shell II,2026-08-20,post_launch_reviews_total,2026-08-26,6,,not_collected,
2584270,Mortal Shell II,2026-08-20,post_launch_reviews_total,2026-08-27,7,,not_collected,
4873800,Mosaique Neko Waifus 6,2026-09-04,pre_launch_wishlist_rank,2026-08-28,-7,,not_in_captured_wishlist_ranking,
4873800,Mosaique Neko Waifus 6,2026-09-04,pre_launch_wishlist_rank,2026-08-29,-6,,not_in_captured_wishlist_ranking,
4873800,Mosaique Neko Waifus 6,2026-09-04,pre_launch_wishlist_rank,2026-08-30,-5,,not_in_captured_wishlist_ranking,
4873800,Mosaique Neko Waifus 6,2026-09-04,pre_launch_wishlist_rank,2026-08-31,-4,,not_in_captured_wishlist_ranking,
4873800,Mosaique Neko Waifus 6,2026-09-04,pre_launch_wishlist_rank,2026-09-01,-3,,not_in_captured_wishlist_ranking,
4873800,Mosaique Neko Waifus 6,2026-09-04,pre_launch_wishlist_rank,2026-09-02,-2,,not_in_captured_wishlist_ranking,
4873800,Mosaique Neko Waifus 6,2026-09-04,pre_launch_wishlist_rank,2026-09-03,-1,,not_in_captured_wishlist_ranking,
4873800,Mosaique Neko Waifus 6,2026-09-04,post_launch_reviews_total,2026-09-04,0,,not_collected,
4873800,Mosaique Neko Waifus 6,2026-09-04,post_launch_reviews_total,2026-09-05,1,,not_collected,
4873800,Mosaique Neko Waifus 6,2026-09-04,post_launch_reviews_total,2026-09-06,2,,not_collected,
4873800,Mosaique Neko Waifus 6,2026-09-04,post_launch_reviews_total,2026-09-07,3,,not_collected,
4873800,Mosaique Neko Waifus 6,2026-09-04,post_launch_reviews_total,2026-09-08,4,,not_collected,
4873800,Mosaique Neko Waifus 6,2026-09-04,post_launch_reviews_total,2026-09-09,5,,not_collected,
4873800,Mosaique Neko Waifus 6,2026-09-04,post_launch_reviews_total,2026-09-10,6,,not_collected,
4873800,Mosaique Neko Waifus 6,2026-09-04,post_launch_reviews_total,2026-09-11,7,,not_collected,
3914860,Moss: The Forgotten Relic ,2026-07-16,pre_launch_wishlist_rank,2026-07-09,-7,459,ok,2026-07-09T05:46:21.155Z
3914860,Moss: The Forgotten Relic ,2026-07-16,pre_launch_wishlist_rank,2026-07-10,-6,445,ok,2026-07-10T05:43:57.377Z
3914860,Moss: The Forgotten Relic ,2026-07-16,pre_launch_wishlist_rank,2026-07-11,-5,428,ok,2026-07-11T04:45:57.358Z
3914860,Moss: The Forgotten Relic ,2026-07-16,pre_launch_wishlist_rank,2026-07-12,-4,411,ok,2026-07-12T04:57:39.930Z
3914860,Moss: The Forgotten Relic ,2026-07-16,pre_launch_wishlist_rank,2026-07-13,-3,387,ok,2026-07-13T05:04:37.802Z
3914860,Moss: The Forgotten Relic ,2026-07-16,pre_launch_wishlist_rank,2026-07-14,-2,371,ok,2026-07-14T04:32:48.120Z
3914860,Moss: The Forgotten Relic ,2026-07-16,pre_launch_wishlist_rank,2026-07-15,-1,358,ok,2026-07-15T04:32:45.763Z
3914860,Moss: The Forgotten Relic ,2026-07-16,post_launch_reviews_total,2026-07-16,0,0,ok,2026-07-16T04:42:31.378Z
3914860,Moss: The Forgotten Relic ,2026-07-16,post_launch_reviews_total,2026-07-17,1,,not_collected,
3914860,Moss: The Forgotten Relic ,2026-07-16,post_launch_reviews_total,2026-07-18,2,,not_collected,
3914860,Moss: The Forgotten Relic ,2026-07-16,post_launch_reviews_total,2026-07-19,3,,not_collected,
3914860,Moss: The Forgotten Relic ,2026-07-16,post_launch_reviews_total,2026-07-20,4,,not_collected,
3914860,Moss: The Forgotten Relic ,2026-07-16,post_launch_reviews_total,2026-07-21,5,,not_collected,
3914860,Moss: The Forgotten Relic ,2026-07-16,post_launch_reviews_total,2026-07-22,6,,not_collected,
3914860,Moss: The Forgotten Relic ,2026-07-16,post_launch_reviews_total,2026-07-23,7,,not_collected,
3920300,Mothkeep,2026-07-10,pre_launch_wishlist_rank,2026-07-03,-7,,not_in_captured_wishlist_ranking,
3920300,Mothkeep,2026-07-10,pre_launch_wishlist_rank,2026-07-04,-6,,not_in_captured_wishlist_ranking,
3920300,Mothkeep,2026-07-10,pre_launch_wishlist_rank,2026-07-05,-5,,not_in_captured_wishlist_ranking,
3920300,Mothkeep,2026-07-10,pre_launch_wishlist_rank,2026-07-06,-4,,not_in_captured_wishlist_ranking,
3920300,Mothkeep,2026-07-10,pre_launch_wishlist_rank,2026-07-07,-3,,not_in_captured_wishlist_ranking,
3920300,Mothkeep,2026-07-10,pre_launch_wishlist_rank,2026-07-08,-2,,not_in_captured_wishlist_ranking,
3920300,Mothkeep,2026-07-10,pre_launch_wishlist_rank,2026-07-09,-1,,not_in_captured_wishlist_ranking,
3920300,Mothkeep,2026-07-10,post_launch_reviews_total,2026-07-10,0,0,ok,2026-07-10T05:43:57.377Z
3920300,Mothkeep,2026-07-10,post_launch_reviews_total,2026-07-11,1,,not_collected,
3920300,Mothkeep,2026-07-10,post_launch_reviews_total,2026-07-12,2,,not_collected,
3920300,Mothkeep,2026-07-10,post_launch_reviews_total,2026-07-13,3,,not_collected,
3920300,Mothkeep,2026-07-10,post_launch_reviews_total,2026-07-14,4,,not_collected,
3920300,Mothkeep,2026-07-10,post_launch_reviews_total,2026-07-15,5,,not_collected,
3920300,Mothkeep,2026-07-10,post_launch_reviews_total,2026-07-16,6,,not_collected,
3920300,Mothkeep,2026-07-10,post_launch_reviews_total,2026-07-17,7,,not_collected,
4083180,My Adorable Ghost Story,2026-08-27,pre_launch_wishlist_rank,2026-08-20,-7,,not_in_captured_wishlist_ranking,
4083180,My Adorable Ghost Story,2026-08-27,pre_launch_wishlist_rank,2026-08-21,-6,,not_in_captured_wishlist_ranking,
4083180,My Adorable Ghost Story,2026-08-27,pre_launch_wishlist_rank,2026-08-22,-5,,not_in_captured_wishlist_ranking,
4083180,My Adorable Ghost Story,2026-08-27,pre_launch_wishlist_rank,2026-08-23,-4,,not_in_captured_wishlist_ranking,
4083180,My Adorable Ghost Story,2026-08-27,pre_launch_wishlist_rank,2026-08-24,-3,,not_in_captured_wishlist_ranking,
4083180,My Adorable Ghost Story,2026-08-27,pre_launch_wishlist_rank,2026-08-25,-2,,not_in_captured_wishlist_ranking,
4083180,My Adorable Ghost Story,2026-08-27,pre_launch_wishlist_rank,2026-08-26,-1,,not_in_captured_wishlist_ranking,
4083180,My Adorable Ghost Story,2026-08-27,post_launch_reviews_total,2026-08-27,0,0,ok,2026-08-27T11:57:45.810Z
4083180,My Adorable Ghost Story,2026-08-27,post_launch_reviews_total,2026-08-28,1,,not_collected,
4083180,My Adorable Ghost Story,2026-08-27,post_launch_reviews_total,2026-08-29,2,,not_collected,
4083180,My Adorable Ghost Story,2026-08-27,post_launch_reviews_total,2026-08-30,3,,not_collected,
4083180,My Adorable Ghost Story,2026-08-27,post_launch_reviews_total,2026-08-31,4,,not_collected,
4083180,My Adorable Ghost Story,2026-08-27,post_launch_reviews_total,2026-09-01,5,,not_collected,
4083180,My Adorable Ghost Story,2026-08-27,post_launch_reviews_total,2026-09-02,6,,not_collected,
4083180,My Adorable Ghost Story,2026-08-27,post_launch_reviews_total,2026-09-03,7,,not_collected,
3507880,My Fav Chill Streamer Dies a Million Times｜ゆるゆる生配信する推しは100万回死ぬ,2026-08-05,pre_launch_wishlist_rank,2026-07-29,-7,,not_in_captured_wishlist_ranking,
3507880,My Fav Chill Streamer Dies a Million Times｜ゆるゆる生配信する推しは100万回死ぬ,2026-08-05,pre_launch_wishlist_rank,2026-07-30,-6,,not_in_captured_wishlist_ranking,
3507880,My Fav Chill Streamer Dies a Million Times｜ゆるゆる生配信する推しは100万回死ぬ,2026-08-05,pre_launch_wishlist_rank,2026-07-31,-5,,not_in_captured_wishlist_ranking,
3507880,My Fav Chill Streamer Dies a Million Times｜ゆるゆる生配信する推しは100万回死ぬ,2026-08-05,pre_launch_wishlist_rank,2026-08-01,-4,,not_in_captured_wishlist_ranking,
3507880,My Fav Chill Streamer Dies a Million Times｜ゆるゆる生配信する推しは100万回死ぬ,2026-08-05,pre_launch_wishlist_rank,2026-08-02,-3,,not_in_captured_wishlist_ranking,
3507880,My Fav Chill Streamer Dies a Million Times｜ゆるゆる生配信する推しは100万回死ぬ,2026-08-05,pre_launch_wishlist_rank,2026-08-03,-2,,not_in_captured_wishlist_ranking,
3507880,My Fav Chill Streamer Dies a Million Times｜ゆるゆる生配信する推しは100万回死ぬ,2026-08-05,pre_launch_wishlist_rank,2026-08-04,-1,,not_in_captured_wishlist_ranking,
3507880,My Fav Chill Streamer Dies a Million Times｜ゆるゆる生配信する推しは100万回死ぬ,2026-08-05,post_launch_reviews_total,2026-08-05,0,0,ok,2026-08-05T04:46:35.103Z
3507880,My Fav Chill Streamer Dies a Million Times｜ゆるゆる生配信する推しは100万回死ぬ,2026-08-05,post_launch_reviews_total,2026-08-06,1,,not_collected,
3507880,My Fav Chill Streamer Dies a Million Times｜ゆるゆる生配信する推しは100万回死ぬ,2026-08-05,post_launch_reviews_total,2026-08-07,2,,not_collected,
3507880,My Fav Chill Streamer Dies a Million Times｜ゆるゆる生配信する推しは100万回死ぬ,2026-08-05,post_launch_reviews_total,2026-08-08,3,,not_collected,
3507880,My Fav Chill Streamer Dies a Million Times｜ゆるゆる生配信する推しは100万回死ぬ,2026-08-05,post_launch_reviews_total,2026-08-09,4,,not_collected,
3507880,My Fav Chill Streamer Dies a Million Times｜ゆるゆる生配信する推しは100万回死ぬ,2026-08-05,post_launch_reviews_total,2026-08-10,5,,not_collected,
3507880,My Fav Chill Streamer Dies a Million Times｜ゆるゆる生配信する推しは100万回死ぬ,2026-08-05,post_launch_reviews_total,2026-08-11,6,,not_collected,
3507880,My Fav Chill Streamer Dies a Million Times｜ゆるゆる生配信する推しは100万回死ぬ,2026-08-05,post_launch_reviews_total,2026-08-12,7,,not_collected,
4428630,My Fire Is Bigger Than Yours,2026-08-30,pre_launch_wishlist_rank,2026-08-23,-7,,not_in_captured_wishlist_ranking,
4428630,My Fire Is Bigger Than Yours,2026-08-30,pre_launch_wishlist_rank,2026-08-24,-6,,not_in_captured_wishlist_ranking,
4428630,My Fire Is Bigger Than Yours,2026-08-30,pre_launch_wishlist_rank,2026-08-25,-5,,not_in_captured_wishlist_ranking,
4428630,My Fire Is Bigger Than Yours,2026-08-30,pre_launch_wishlist_rank,2026-08-26,-4,,not_in_captured_wishlist_ranking,
4428630,My Fire Is Bigger Than Yours,2026-08-30,pre_launch_wishlist_rank,2026-08-27,-3,,not_in_captured_wishlist_ranking,
4428630,My Fire Is Bigger Than Yours,2026-08-30,pre_launch_wishlist_rank,2026-08-28,-2,1965,ok,2026-08-28T13:19:41.332Z
4428630,My Fire Is Bigger Than Yours,2026-08-30,pre_launch_wishlist_rank,2026-08-29,-1,1923,ok,2026-08-29T08:16:08.181Z
4428630,My Fire Is Bigger Than Yours,2026-08-30,post_launch_reviews_total,2026-08-30,0,0,ok,2026-08-30T07:17:27.365Z
4428630,My Fire Is Bigger Than Yours,2026-08-30,post_launch_reviews_total,2026-08-31,1,,not_collected,
4428630,My Fire Is Bigger Than Yours,2026-08-30,post_launch_reviews_total,2026-09-01,2,,not_collected,
4428630,My Fire Is Bigger Than Yours,2026-08-30,post_launch_reviews_total,2026-09-02,3,,not_collected,
4428630,My Fire Is Bigger Than Yours,2026-08-30,post_launch_reviews_total,2026-09-03,4,,not_collected,
4428630,My Fire Is Bigger Than Yours,2026-08-30,post_launch_reviews_total,2026-09-04,5,,not_collected,
4428630,My Fire Is Bigger Than Yours,2026-08-30,post_launch_reviews_total,2026-09-05,6,,not_collected,
4428630,My Fire Is Bigger Than Yours,2026-08-30,post_launch_reviews_total,2026-09-06,7,,not_collected,
4952980,My Party Is Grinding,2026-08-26,pre_launch_wishlist_rank,2026-08-19,-7,,not_in_captured_wishlist_ranking,
4952980,My Party Is Grinding,2026-08-26,pre_launch_wishlist_rank,2026-08-20,-6,,not_in_captured_wishlist_ranking,
4952980,My Party Is Grinding,2026-08-26,pre_launch_wishlist_rank,2026-08-21,-5,,not_in_captured_wishlist_ranking,
4952980,My Party Is Grinding,2026-08-26,pre_launch_wishlist_rank,2026-08-22,-4,,not_in_captured_wishlist_ranking,
4952980,My Party Is Grinding,2026-08-26,pre_launch_wishlist_rank,2026-08-23,-3,,not_in_captured_wishlist_ranking,
4952980,My Party Is Grinding,2026-08-26,pre_launch_wishlist_rank,2026-08-24,-2,,not_in_captured_wishlist_ranking,
4952980,My Party Is Grinding,2026-08-26,pre_launch_wishlist_rank,2026-08-25,-1,,not_in_captured_wishlist_ranking,
4952980,My Party Is Grinding,2026-08-26,post_launch_reviews_total,2026-08-26,0,0,ok,2026-08-26T02:50:15.789Z
4952980,My Party Is Grinding,2026-08-26,post_launch_reviews_total,2026-08-27,1,,not_collected,
4952980,My Party Is Grinding,2026-08-26,post_launch_reviews_total,2026-08-28,2,,not_collected,
4952980,My Party Is Grinding,2026-08-26,post_launch_reviews_total,2026-08-29,3,,not_collected,
4952980,My Party Is Grinding,2026-08-26,post_launch_reviews_total,2026-08-30,4,,not_collected,
4952980,My Party Is Grinding,2026-08-26,post_launch_reviews_total,2026-08-31,5,,not_collected,
4952980,My Party Is Grinding,2026-08-26,post_launch_reviews_total,2026-09-01,6,,not_collected,
4952980,My Party Is Grinding,2026-08-26,post_launch_reviews_total,2026-09-02,7,,not_collected,
4633140,My Singing Monsters Karaoke,2026-08-19,pre_launch_wishlist_rank,2026-08-12,-7,,not_in_captured_wishlist_ranking,
4633140,My Singing Monsters Karaoke,2026-08-19,pre_launch_wishlist_rank,2026-08-13,-6,,not_in_captured_wishlist_ranking,
4633140,My Singing Monsters Karaoke,2026-08-19,pre_launch_wishlist_rank,2026-08-14,-5,,not_in_captured_wishlist_ranking,
4633140,My Singing Monsters Karaoke,2026-08-19,pre_launch_wishlist_rank,2026-08-15,-4,,not_in_captured_wishlist_ranking,
4633140,My Singing Monsters Karaoke,2026-08-19,pre_launch_wishlist_rank,2026-08-16,-3,,not_in_captured_wishlist_ranking,
4633140,My Singing Monsters Karaoke,2026-08-19,pre_launch_wishlist_rank,2026-08-17,-2,,not_in_captured_wishlist_ranking,
4633140,My Singing Monsters Karaoke,2026-08-19,pre_launch_wishlist_rank,2026-08-18,-1,,not_in_captured_wishlist_ranking,
4633140,My Singing Monsters Karaoke,2026-08-19,post_launch_reviews_total,2026-08-19,0,0,ok,2026-08-19T02:42:36.358Z
4633140,My Singing Monsters Karaoke,2026-08-19,post_launch_reviews_total,2026-08-20,1,,not_collected,
4633140,My Singing Monsters Karaoke,2026-08-19,post_launch_reviews_total,2026-08-21,2,,not_collected,
4633140,My Singing Monsters Karaoke,2026-08-19,post_launch_reviews_total,2026-08-22,3,,not_collected,
4633140,My Singing Monsters Karaoke,2026-08-19,post_launch_reviews_total,2026-08-23,4,,not_collected,
4633140,My Singing Monsters Karaoke,2026-08-19,post_launch_reviews_total,2026-08-24,5,,not_collected,
4633140,My Singing Monsters Karaoke,2026-08-19,post_launch_reviews_total,2026-08-25,6,,not_collected,
4633140,My Singing Monsters Karaoke,2026-08-19,post_launch_reviews_total,2026-08-26,7,,not_collected,
4356430,NBA 2K27,2026-09-03,pre_launch_wishlist_rank,2026-08-27,-7,1130,ok,2026-08-27T11:57:45.810Z
4356430,NBA 2K27,2026-09-03,pre_launch_wishlist_rank,2026-08-28,-6,1098,ok,2026-08-28T13:19:41.332Z
4356430,NBA 2K27,2026-09-03,pre_launch_wishlist_rank,2026-08-29,-5,1068,ok,2026-08-29T08:16:08.181Z
4356430,NBA 2K27,2026-09-03,pre_launch_wishlist_rank,2026-08-30,-4,1030,ok,2026-08-30T07:17:27.365Z
4356430,NBA 2K27,2026-09-03,pre_launch_wishlist_rank,2026-08-31,-3,1007,ok,2026-08-31T07:32:46.352Z
4356430,NBA 2K27,2026-09-03,pre_launch_wishlist_rank,2026-09-01,-2,972,ok,2026-09-01T06:43:33.167Z
4356430,NBA 2K27,2026-09-03,pre_launch_wishlist_rank,2026-09-02,-1,956,ok,2026-09-02T06:21:55.398Z
4356430,NBA 2K27,2026-09-03,post_launch_reviews_total,2026-09-03,0,893,ok,2026-09-03T06:24:29.914Z
4356430,NBA 2K27,2026-09-03,post_launch_reviews_total,2026-09-04,1,,not_collected,
4356430,NBA 2K27,2026-09-03,post_launch_reviews_total,2026-09-05,2,,not_collected,
4356430,NBA 2K27,2026-09-03,post_launch_reviews_total,2026-09-06,3,,not_collected,
4356430,NBA 2K27,2026-09-03,post_launch_reviews_total,2026-09-07,4,,not_collected,
4356430,NBA 2K27,2026-09-03,post_launch_reviews_total,2026-09-08,5,,not_collected,
4356430,NBA 2K27,2026-09-03,post_launch_reviews_total,2026-09-09,6,,not_collected,
4356430,NBA 2K27,2026-09-03,post_launch_reviews_total,2026-09-10,7,,not_collected,
4141710,Neko Station,2026-07-12,pre_launch_wishlist_rank,2026-07-05,-7,,not_in_captured_wishlist_ranking,
4141710,Neko Station,2026-07-12,pre_launch_wishlist_rank,2026-07-06,-6,,not_in_captured_wishlist_ranking,
4141710,Neko Station,2026-07-12,pre_launch_wishlist_rank,2026-07-07,-5,,not_in_captured_wishlist_ranking,
4141710,Neko Station,2026-07-12,pre_launch_wishlist_rank,2026-07-08,-4,,not_in_captured_wishlist_ranking,
4141710,Neko Station,2026-07-12,pre_launch_wishlist_rank,2026-07-09,-3,1996,ok,2026-07-09T05:46:21.155Z
4141710,Neko Station,2026-07-12,pre_launch_wishlist_rank,2026-07-10,-2,1913,ok,2026-07-10T05:43:57.377Z
4141710,Neko Station,2026-07-12,pre_launch_wishlist_rank,2026-07-11,-1,1805,ok,2026-07-11T04:45:57.358Z
4141710,Neko Station,2026-07-12,post_launch_reviews_total,2026-07-12,0,0,ok,2026-07-12T04:57:39.930Z
4141710,Neko Station,2026-07-12,post_launch_reviews_total,2026-07-13,1,,not_collected,
4141710,Neko Station,2026-07-12,post_launch_reviews_total,2026-07-14,2,,not_collected,
4141710,Neko Station,2026-07-12,post_launch_reviews_total,2026-07-15,3,,not_collected,
4141710,Neko Station,2026-07-12,post_launch_reviews_total,2026-07-16,4,,not_collected,
4141710,Neko Station,2026-07-12,post_launch_reviews_total,2026-07-17,5,,not_collected,
4141710,Neko Station,2026-07-12,post_launch_reviews_total,2026-07-18,6,,not_collected,
4141710,Neko Station,2026-07-12,post_launch_reviews_total,2026-07-19,7,,not_collected,
4373150,Nerds Revenge,2026-07-07,pre_launch_wishlist_rank,2026-06-30,-7,,not_collected,
4373150,Nerds Revenge,2026-07-07,pre_launch_wishlist_rank,2026-07-01,-6,,not_collected,
4373150,Nerds Revenge,2026-07-07,pre_launch_wishlist_rank,2026-07-02,-5,,not_collected,
4373150,Nerds Revenge,2026-07-07,pre_launch_wishlist_rank,2026-07-03,-4,,not_in_captured_wishlist_ranking,
4373150,Nerds Revenge,2026-07-07,pre_launch_wishlist_rank,2026-07-04,-3,,not_in_captured_wishlist_ranking,
4373150,Nerds Revenge,2026-07-07,pre_launch_wishlist_rank,2026-07-05,-2,,not_in_captured_wishlist_ranking,
4373150,Nerds Revenge,2026-07-07,pre_launch_wishlist_rank,2026-07-06,-1,,not_in_captured_wishlist_ranking,
4373150,Nerds Revenge,2026-07-07,post_launch_reviews_total,2026-07-07,0,0,ok,2026-07-07T05:48:04.813Z
4373150,Nerds Revenge,2026-07-07,post_launch_reviews_total,2026-07-08,1,,not_collected,
4373150,Nerds Revenge,2026-07-07,post_launch_reviews_total,2026-07-09,2,,not_collected,
4373150,Nerds Revenge,2026-07-07,post_launch_reviews_total,2026-07-10,3,,not_collected,
4373150,Nerds Revenge,2026-07-07,post_launch_reviews_total,2026-07-11,4,,not_collected,
4373150,Nerds Revenge,2026-07-07,post_launch_reviews_total,2026-07-12,5,,not_collected,
4373150,Nerds Revenge,2026-07-07,post_launch_reviews_total,2026-07-13,6,,not_collected,
4373150,Nerds Revenge,2026-07-07,post_launch_reviews_total,2026-07-14,7,,not_collected,
965190,Night Rolls Cozy Store,2026-08-26,pre_launch_wishlist_rank,2026-08-19,-7,,not_in_captured_wishlist_ranking,
965190,Night Rolls Cozy Store,2026-08-26,pre_launch_wishlist_rank,2026-08-20,-6,,not_in_captured_wishlist_ranking,
965190,Night Rolls Cozy Store,2026-08-26,pre_launch_wishlist_rank,2026-08-21,-5,,not_in_captured_wishlist_ranking,
965190,Night Rolls Cozy Store,2026-08-26,pre_launch_wishlist_rank,2026-08-22,-4,,not_in_captured_wishlist_ranking,
965190,Night Rolls Cozy Store,2026-08-26,pre_launch_wishlist_rank,2026-08-23,-3,,not_in_captured_wishlist_ranking,
965190,Night Rolls Cozy Store,2026-08-26,pre_launch_wishlist_rank,2026-08-24,-2,,not_in_captured_wishlist_ranking,
965190,Night Rolls Cozy Store,2026-08-26,pre_launch_wishlist_rank,2026-08-25,-1,,not_in_captured_wishlist_ranking,
965190,Night Rolls Cozy Store,2026-08-26,post_launch_reviews_total,2026-08-26,0,0,ok,2026-08-26T02:50:15.789Z
965190,Night Rolls Cozy Store,2026-08-26,post_launch_reviews_total,2026-08-27,1,,not_collected,
965190,Night Rolls Cozy Store,2026-08-26,post_launch_reviews_total,2026-08-28,2,,not_collected,
965190,Night Rolls Cozy Store,2026-08-26,post_launch_reviews_total,2026-08-29,3,,not_collected,
965190,Night Rolls Cozy Store,2026-08-26,post_launch_reviews_total,2026-08-30,4,,not_collected,
965190,Night Rolls Cozy Store,2026-08-26,post_launch_reviews_total,2026-08-31,5,,not_collected,
965190,Night Rolls Cozy Store,2026-08-26,post_launch_reviews_total,2026-09-01,6,,not_collected,
965190,Night Rolls Cozy Store,2026-08-26,post_launch_reviews_total,2026-09-02,7,,not_collected,
3744640,NightBreak,2026-07-05,pre_launch_wishlist_rank,2026-06-28,-7,,not_collected,
3744640,NightBreak,2026-07-05,pre_launch_wishlist_rank,2026-06-29,-6,,not_collected,
3744640,NightBreak,2026-07-05,pre_launch_wishlist_rank,2026-06-30,-5,,not_collected,
3744640,NightBreak,2026-07-05,pre_launch_wishlist_rank,2026-07-01,-4,,not_collected,
3744640,NightBreak,2026-07-05,pre_launch_wishlist_rank,2026-07-02,-3,,not_collected,
3744640,NightBreak,2026-07-05,pre_launch_wishlist_rank,2026-07-03,-2,,not_in_captured_wishlist_ranking,
3744640,NightBreak,2026-07-05,pre_launch_wishlist_rank,2026-07-04,-1,,not_in_captured_wishlist_ranking,
3744640,NightBreak,2026-07-05,post_launch_reviews_total,2026-07-05,0,0,ok,2026-07-05T05:38:17.292Z
3744640,NightBreak,2026-07-05,post_launch_reviews_total,2026-07-06,1,0,ok,2026-07-06T04:31:47.397Z
3744640,NightBreak,2026-07-05,post_launch_reviews_total,2026-07-07,2,,not_collected,
3744640,NightBreak,2026-07-05,post_launch_reviews_total,2026-07-08,3,,not_collected,
3744640,NightBreak,2026-07-05,post_launch_reviews_total,2026-07-09,4,,not_collected,
3744640,NightBreak,2026-07-05,post_launch_reviews_total,2026-07-10,5,,not_collected,
3744640,NightBreak,2026-07-05,post_launch_reviews_total,2026-07-11,6,,not_collected,
3744640,NightBreak,2026-07-05,post_launch_reviews_total,2026-07-12,7,,not_collected,
4813570,Nightclub Empire,2026-07-06,pre_launch_wishlist_rank,2026-06-29,-7,,not_collected,
4813570,Nightclub Empire,2026-07-06,pre_launch_wishlist_rank,2026-06-30,-6,,not_collected,
4813570,Nightclub Empire,2026-07-06,pre_launch_wishlist_rank,2026-07-01,-5,,not_collected,
4813570,Nightclub Empire,2026-07-06,pre_launch_wishlist_rank,2026-07-02,-4,,not_collected,
4813570,Nightclub Empire,2026-07-06,pre_launch_wishlist_rank,2026-07-03,-3,,not_in_captured_wishlist_ranking,
4813570,Nightclub Empire,2026-07-06,pre_launch_wishlist_rank,2026-07-04,-2,,not_in_captured_wishlist_ranking,
4813570,Nightclub Empire,2026-07-06,pre_launch_wishlist_rank,2026-07-05,-1,,not_in_captured_wishlist_ranking,
4813570,Nightclub Empire,2026-07-06,post_launch_reviews_total,2026-07-06,0,0,ok,2026-07-06T04:31:47.397Z
4813570,Nightclub Empire,2026-07-06,post_launch_reviews_total,2026-07-07,1,,not_collected,
4813570,Nightclub Empire,2026-07-06,post_launch_reviews_total,2026-07-08,2,,not_collected,
4813570,Nightclub Empire,2026-07-06,post_launch_reviews_total,2026-07-09,3,,not_collected,
4813570,Nightclub Empire,2026-07-06,post_launch_reviews_total,2026-07-10,4,,not_collected,
4813570,Nightclub Empire,2026-07-06,post_launch_reviews_total,2026-07-11,5,,not_collected,
4813570,Nightclub Empire,2026-07-06,post_launch_reviews_total,2026-07-12,6,,not_collected,
4813570,Nightclub Empire,2026-07-06,post_launch_reviews_total,2026-07-13,7,,not_collected,
2477710,Nimbit Frontier,2026-08-17,pre_launch_wishlist_rank,2026-08-10,-7,1531,ok,2026-08-10T03:29:07.136Z
2477710,Nimbit Frontier,2026-08-17,pre_launch_wishlist_rank,2026-08-11,-6,1502,ok,2026-08-11T03:21:55.619Z
2477710,Nimbit Frontier,2026-08-17,pre_launch_wishlist_rank,2026-08-12,-5,1477,ok,2026-08-12T03:40:42.315Z
2477710,Nimbit Frontier,2026-08-17,pre_launch_wishlist_rank,2026-08-13,-4,1454,ok,2026-08-13T03:51:51.678Z
2477710,Nimbit Frontier,2026-08-17,pre_launch_wishlist_rank,2026-08-14,-3,1416,ok,2026-08-14T03:41:13.555Z
2477710,Nimbit Frontier,2026-08-17,pre_launch_wishlist_rank,2026-08-15,-2,1387,ok,2026-08-15T02:36:13.648Z
2477710,Nimbit Frontier,2026-08-17,pre_launch_wishlist_rank,2026-08-16,-1,1342,ok,2026-08-16T02:45:28.861Z
2477710,Nimbit Frontier,2026-08-17,post_launch_reviews_total,2026-08-17,0,0,ok,2026-08-17T02:45:10.258Z
2477710,Nimbit Frontier,2026-08-17,post_launch_reviews_total,2026-08-18,1,,not_collected,
2477710,Nimbit Frontier,2026-08-17,post_launch_reviews_total,2026-08-19,2,,not_collected,
2477710,Nimbit Frontier,2026-08-17,post_launch_reviews_total,2026-08-20,3,,not_collected,
2477710,Nimbit Frontier,2026-08-17,post_launch_reviews_total,2026-08-21,4,,not_collected,
2477710,Nimbit Frontier,2026-08-17,post_launch_reviews_total,2026-08-22,5,,not_collected,
2477710,Nimbit Frontier,2026-08-17,post_launch_reviews_total,2026-08-23,6,,not_collected,
2477710,Nimbit Frontier,2026-08-17,post_launch_reviews_total,2026-08-24,7,,not_collected,
1488490,Nivalis Nights,2026-09-29,pre_launch_wishlist_rank,2026-09-22,-7,,not_collected,
1488490,Nivalis Nights,2026-09-29,pre_launch_wishlist_rank,2026-09-23,-6,,not_collected,
1488490,Nivalis Nights,2026-09-29,pre_launch_wishlist_rank,2026-09-24,-5,,not_collected,
1488490,Nivalis Nights,2026-09-29,pre_launch_wishlist_rank,2026-09-25,-4,,not_collected,
1488490,Nivalis Nights,2026-09-29,pre_launch_wishlist_rank,2026-09-26,-3,,not_collected,
1488490,Nivalis Nights,2026-09-29,pre_launch_wishlist_rank,2026-09-27,-2,,not_collected,
1488490,Nivalis Nights,2026-09-29,pre_launch_wishlist_rank,2026-09-28,-1,,not_collected,
1488490,Nivalis Nights,2026-09-29,post_launch_reviews_total,2026-09-29,0,,not_collected,
1488490,Nivalis Nights,2026-09-29,post_launch_reviews_total,2026-09-30,1,,not_collected,
1488490,Nivalis Nights,2026-09-29,post_launch_reviews_total,2026-10-01,2,,not_collected,
1488490,Nivalis Nights,2026-09-29,post_launch_reviews_total,2026-10-02,3,,not_collected,
1488490,Nivalis Nights,2026-09-29,post_launch_reviews_total,2026-10-03,4,,not_collected,
1488490,Nivalis Nights,2026-09-29,post_launch_reviews_total,2026-10-04,5,,not_collected,
1488490,Nivalis Nights,2026-09-29,post_launch_reviews_total,2026-10-05,6,,not_collected,
1488490,Nivalis Nights,2026-09-29,post_launch_reviews_total,2026-10-06,7,,not_collected,
3759670,no fox season,2026-07-24,pre_launch_wishlist_rank,2026-07-17,-7,,not_in_captured_wishlist_ranking,
3759670,no fox season,2026-07-24,pre_launch_wishlist_rank,2026-07-18,-6,,not_in_captured_wishlist_ranking,
3759670,no fox season,2026-07-24,pre_launch_wishlist_rank,2026-07-19,-5,,not_in_captured_wishlist_ranking,
3759670,no fox season,2026-07-24,pre_launch_wishlist_rank,2026-07-20,-4,1944,ok,2026-07-20T05:09:45.900Z
3759670,no fox season,2026-07-24,pre_launch_wishlist_rank,2026-07-21,-3,1749,ok,2026-07-21T04:50:39.944Z
3759670,no fox season,2026-07-24,pre_launch_wishlist_rank,2026-07-22,-2,1580,ok,2026-07-22T04:50:32.272Z
3759670,no fox season,2026-07-24,pre_launch_wishlist_rank,2026-07-23,-1,1415,ok,2026-07-23T04:56:12.842Z
3759670,no fox season,2026-07-24,post_launch_reviews_total,2026-07-24,0,0,ok,2026-07-24T04:51:55.902Z
3759670,no fox season,2026-07-24,post_launch_reviews_total,2026-07-25,1,,not_collected,
3759670,no fox season,2026-07-24,post_launch_reviews_total,2026-07-26,2,,not_collected,
3759670,no fox season,2026-07-24,post_launch_reviews_total,2026-07-27,3,,not_collected,
3759670,no fox season,2026-07-24,post_launch_reviews_total,2026-07-28,4,,not_collected,
3759670,no fox season,2026-07-24,post_launch_reviews_total,2026-07-29,5,,not_collected,
3759670,no fox season,2026-07-24,post_launch_reviews_total,2026-07-30,6,,not_collected,
3759670,no fox season,2026-07-24,post_launch_reviews_total,2026-07-31,7,,not_collected,
2223980,Nomad Drive,2026-08-01,pre_launch_wishlist_rank,2026-07-25,-7,416,ok,2026-07-25T04:47:58.982Z
2223980,Nomad Drive,2026-08-01,pre_launch_wishlist_rank,2026-07-26,-6,412,ok,2026-07-26T05:02:25.100Z
2223980,Nomad Drive,2026-08-01,pre_launch_wishlist_rank,2026-07-27,-5,406,ok,2026-07-27T05:28:24.621Z
2223980,Nomad Drive,2026-08-01,pre_launch_wishlist_rank,2026-07-28,-4,401,ok,2026-07-28T04:45:52.627Z
2223980,Nomad Drive,2026-08-01,pre_launch_wishlist_rank,2026-07-29,-3,395,ok,2026-07-29T04:50:58.767Z
2223980,Nomad Drive,2026-08-01,pre_launch_wishlist_rank,2026-07-30,-2,388,ok,2026-07-30T04:38:29.620Z
2223980,Nomad Drive,2026-08-01,pre_launch_wishlist_rank,2026-07-31,-1,379,ok,2026-07-31T05:04:54.532Z
2223980,Nomad Drive,2026-08-01,post_launch_reviews_total,2026-08-01,0,0,ok,2026-08-01T04:58:14.130Z
2223980,Nomad Drive,2026-08-01,post_launch_reviews_total,2026-08-02,1,0,ok,2026-08-02T04:58:24.052Z
2223980,Nomad Drive,2026-08-01,post_launch_reviews_total,2026-08-03,2,0,ok,2026-08-03T05:07:42.912Z
2223980,Nomad Drive,2026-08-01,post_launch_reviews_total,2026-08-04,3,0,ok,2026-08-04T04:47:02.633Z
2223980,Nomad Drive,2026-08-01,post_launch_reviews_total,2026-08-05,4,0,ok,2026-08-05T04:46:35.103Z
2223980,Nomad Drive,2026-08-01,post_launch_reviews_total,2026-08-06,5,0,ok,2026-08-06T04:47:09.485Z
2223980,Nomad Drive,2026-08-01,post_launch_reviews_total,2026-08-07,6,0,ok,2026-08-07T04:13:26.771Z
2223980,Nomad Drive,2026-08-01,post_launch_reviews_total,2026-08-08,7,,not_collected,
4609770,Not Quite Dead: Open World Survival,2026-09-01,pre_launch_wishlist_rank,2026-08-25,-7,,not_in_captured_wishlist_ranking,
4609770,Not Quite Dead: Open World Survival,2026-09-01,pre_launch_wishlist_rank,2026-08-26,-6,,not_in_captured_wishlist_ranking,
4609770,Not Quite Dead: Open World Survival,2026-09-01,pre_launch_wishlist_rank,2026-08-27,-5,,not_in_captured_wishlist_ranking,
4609770,Not Quite Dead: Open World Survival,2026-09-01,pre_launch_wishlist_rank,2026-08-28,-4,,not_in_captured_wishlist_ranking,
4609770,Not Quite Dead: Open World Survival,2026-09-01,pre_launch_wishlist_rank,2026-08-29,-3,1968,ok,2026-08-29T08:16:08.181Z
4609770,Not Quite Dead: Open World Survival,2026-09-01,pre_launch_wishlist_rank,2026-08-30,-2,1833,ok,2026-08-30T07:17:27.365Z
4609770,Not Quite Dead: Open World Survival,2026-09-01,pre_launch_wishlist_rank,2026-08-31,-1,1606,ok,2026-08-31T07:32:46.352Z
4609770,Not Quite Dead: Open World Survival,2026-09-01,post_launch_reviews_total,2026-09-01,0,0,ok,2026-09-01T06:43:33.167Z
4609770,Not Quite Dead: Open World Survival,2026-09-01,post_launch_reviews_total,2026-09-02,1,,not_collected,
4609770,Not Quite Dead: Open World Survival,2026-09-01,post_launch_reviews_total,2026-09-03,2,,not_collected,
4609770,Not Quite Dead: Open World Survival,2026-09-01,post_launch_reviews_total,2026-09-04,3,,not_collected,
4609770,Not Quite Dead: Open World Survival,2026-09-01,post_launch_reviews_total,2026-09-05,4,,not_collected,
4609770,Not Quite Dead: Open World Survival,2026-09-01,post_launch_reviews_total,2026-09-06,5,,not_collected,
4609770,Not Quite Dead: Open World Survival,2026-09-01,post_launch_reviews_total,2026-09-07,6,,not_collected,
4609770,Not Quite Dead: Open World Survival,2026-09-01,post_launch_reviews_total,2026-09-08,7,,not_collected,
3894850,Nothing To Declare,2026-07-25,pre_launch_wishlist_rank,2026-07-18,-7,1121,ok,2026-07-18T04:29:54.503Z
3894850,Nothing To Declare,2026-07-25,pre_launch_wishlist_rank,2026-07-19,-6,1097,ok,2026-07-19T04:54:49.781Z
3894850,Nothing To Declare,2026-07-25,pre_launch_wishlist_rank,2026-07-20,-5,1071,ok,2026-07-20T05:09:45.900Z
3894850,Nothing To Declare,2026-07-25,pre_launch_wishlist_rank,2026-07-21,-4,1035,ok,2026-07-21T04:50:39.944Z
3894850,Nothing To Declare,2026-07-25,pre_launch_wishlist_rank,2026-07-22,-3,1014,ok,2026-07-22T04:50:32.272Z
3894850,Nothing To Declare,2026-07-25,pre_launch_wishlist_rank,2026-07-23,-2,987,ok,2026-07-23T04:56:12.842Z
3894850,Nothing To Declare,2026-07-25,pre_launch_wishlist_rank,2026-07-24,-1,959,ok,2026-07-24T04:51:55.902Z
3894850,Nothing To Declare,2026-07-25,post_launch_reviews_total,2026-07-25,0,0,ok,2026-07-25T04:47:58.982Z
3894850,Nothing To Declare,2026-07-25,post_launch_reviews_total,2026-07-26,1,,not_collected,
3894850,Nothing To Declare,2026-07-25,post_launch_reviews_total,2026-07-27,2,,not_collected,
3894850,Nothing To Declare,2026-07-25,post_launch_reviews_total,2026-07-28,3,,not_collected,
3894850,Nothing To Declare,2026-07-25,post_launch_reviews_total,2026-07-29,4,,not_collected,
3894850,Nothing To Declare,2026-07-25,post_launch_reviews_total,2026-07-30,5,,not_collected,
3894850,Nothing To Declare,2026-07-25,post_launch_reviews_total,2026-07-31,6,,not_collected,
3894850,Nothing To Declare,2026-07-25,post_launch_reviews_total,2026-08-01,7,,not_collected,
4508340,NTE: Neverness to Everness,2026-07-07,pre_launch_wishlist_rank,2026-06-30,-7,,not_collected,
4508340,NTE: Neverness to Everness,2026-07-07,pre_launch_wishlist_rank,2026-07-01,-6,,not_collected,
4508340,NTE: Neverness to Everness,2026-07-07,pre_launch_wishlist_rank,2026-07-02,-5,,not_collected,
4508340,NTE: Neverness to Everness,2026-07-07,pre_launch_wishlist_rank,2026-07-03,-4,,not_in_captured_wishlist_ranking,
4508340,NTE: Neverness to Everness,2026-07-07,pre_launch_wishlist_rank,2026-07-04,-3,,not_in_captured_wishlist_ranking,
4508340,NTE: Neverness to Everness,2026-07-07,pre_launch_wishlist_rank,2026-07-05,-2,,not_in_captured_wishlist_ranking,
4508340,NTE: Neverness to Everness,2026-07-07,pre_launch_wishlist_rank,2026-07-06,-1,341,ok,2026-07-06T04:31:47.397Z
4508340,NTE: Neverness to Everness,2026-07-07,post_launch_reviews_total,2026-07-07,0,0,ok,2026-07-07T05:48:04.813Z
4508340,NTE: Neverness to Everness,2026-07-07,post_launch_reviews_total,2026-07-08,1,,not_collected,
4508340,NTE: Neverness to Everness,2026-07-07,post_launch_reviews_total,2026-07-09,2,,not_collected,
4508340,NTE: Neverness to Everness,2026-07-07,post_launch_reviews_total,2026-07-10,3,,not_collected,
4508340,NTE: Neverness to Everness,2026-07-07,post_launch_reviews_total,2026-07-11,4,,not_collected,
4508340,NTE: Neverness to Everness,2026-07-07,post_launch_reviews_total,2026-07-12,5,,not_collected,
4508340,NTE: Neverness to Everness,2026-07-07,post_launch_reviews_total,2026-07-13,6,,not_collected,
4508340,NTE: Neverness to Everness,2026-07-07,post_launch_reviews_total,2026-07-14,7,,not_collected,
4571030,Obey the Rules: Forest,2026-07-06,pre_launch_wishlist_rank,2026-06-29,-7,,not_collected,
4571030,Obey the Rules: Forest,2026-07-06,pre_launch_wishlist_rank,2026-06-30,-6,,not_collected,
4571030,Obey the Rules: Forest,2026-07-06,pre_launch_wishlist_rank,2026-07-01,-5,,not_collected,
4571030,Obey the Rules: Forest,2026-07-06,pre_launch_wishlist_rank,2026-07-02,-4,,not_collected,
4571030,Obey the Rules: Forest,2026-07-06,pre_launch_wishlist_rank,2026-07-03,-3,,not_in_captured_wishlist_ranking,
4571030,Obey the Rules: Forest,2026-07-06,pre_launch_wishlist_rank,2026-07-04,-2,,not_in_captured_wishlist_ranking,
4571030,Obey the Rules: Forest,2026-07-06,pre_launch_wishlist_rank,2026-07-05,-1,,not_in_captured_wishlist_ranking,
4571030,Obey the Rules: Forest,2026-07-06,post_launch_reviews_total,2026-07-06,0,0,ok,2026-07-06T04:31:47.397Z
4571030,Obey the Rules: Forest,2026-07-06,post_launch_reviews_total,2026-07-07,1,,not_collected,
4571030,Obey the Rules: Forest,2026-07-06,post_launch_reviews_total,2026-07-08,2,,not_collected,
4571030,Obey the Rules: Forest,2026-07-06,post_launch_reviews_total,2026-07-09,3,,not_collected,
4571030,Obey the Rules: Forest,2026-07-06,post_launch_reviews_total,2026-07-10,4,,not_collected,
4571030,Obey the Rules: Forest,2026-07-06,post_launch_reviews_total,2026-07-11,5,,not_collected,
4571030,Obey the Rules: Forest,2026-07-06,post_launch_reviews_total,2026-07-12,6,,not_collected,
4571030,Obey the Rules: Forest,2026-07-06,post_launch_reviews_total,2026-07-13,7,,not_collected,
1892630,Occulto,2026-07-31,pre_launch_wishlist_rank,2026-07-24,-7,,not_in_captured_wishlist_ranking,
1892630,Occulto,2026-07-31,pre_launch_wishlist_rank,2026-07-25,-6,,not_in_captured_wishlist_ranking,
1892630,Occulto,2026-07-31,pre_launch_wishlist_rank,2026-07-26,-5,,not_in_captured_wishlist_ranking,
1892630,Occulto,2026-07-31,pre_launch_wishlist_rank,2026-07-27,-4,,not_in_captured_wishlist_ranking,
1892630,Occulto,2026-07-31,pre_launch_wishlist_rank,2026-07-28,-3,,not_in_captured_wishlist_ranking,
1892630,Occulto,2026-07-31,pre_launch_wishlist_rank,2026-07-29,-2,,not_in_captured_wishlist_ranking,
1892630,Occulto,2026-07-31,pre_launch_wishlist_rank,2026-07-30,-1,,not_in_captured_wishlist_ranking,
1892630,Occulto,2026-07-31,post_launch_reviews_total,2026-07-31,0,0,ok,2026-07-31T05:04:54.532Z
1892630,Occulto,2026-07-31,post_launch_reviews_total,2026-08-01,1,,not_collected,
1892630,Occulto,2026-07-31,post_launch_reviews_total,2026-08-02,2,,not_collected,
1892630,Occulto,2026-07-31,post_launch_reviews_total,2026-08-03,3,,not_collected,
1892630,Occulto,2026-07-31,post_launch_reviews_total,2026-08-04,4,,not_collected,
1892630,Occulto,2026-07-31,post_launch_reviews_total,2026-08-05,5,,not_collected,
1892630,Occulto,2026-07-31,post_launch_reviews_total,2026-08-06,6,,not_collected,
1892630,Occulto,2026-07-31,post_launch_reviews_total,2026-08-07,7,,not_collected,
4468030,OFFBEAT,2026-07-22,pre_launch_wishlist_rank,2026-07-15,-7,1498,ok,2026-07-15T04:32:45.763Z
4468030,OFFBEAT,2026-07-22,pre_launch_wishlist_rank,2026-07-16,-6,1470,ok,2026-07-16T04:42:31.378Z
4468030,OFFBEAT,2026-07-22,pre_launch_wishlist_rank,2026-07-17,-5,1436,ok,2026-07-17T04:45:39.030Z
4468030,OFFBEAT,2026-07-22,pre_launch_wishlist_rank,2026-07-18,-4,1417,ok,2026-07-18T04:29:54.503Z
4468030,OFFBEAT,2026-07-22,pre_launch_wishlist_rank,2026-07-19,-3,1402,ok,2026-07-19T04:54:49.781Z
4468030,OFFBEAT,2026-07-22,pre_launch_wishlist_rank,2026-07-20,-2,1375,ok,2026-07-20T05:09:45.900Z
4468030,OFFBEAT,2026-07-22,pre_launch_wishlist_rank,2026-07-21,-1,1176,ok,2026-07-21T04:50:39.944Z
4468030,OFFBEAT,2026-07-22,post_launch_reviews_total,2026-07-22,0,0,ok,2026-07-22T04:50:32.272Z
4468030,OFFBEAT,2026-07-22,post_launch_reviews_total,2026-07-23,1,,not_collected,
4468030,OFFBEAT,2026-07-22,post_launch_reviews_total,2026-07-24,2,,not_collected,
4468030,OFFBEAT,2026-07-22,post_launch_reviews_total,2026-07-25,3,,not_collected,
4468030,OFFBEAT,2026-07-22,post_launch_reviews_total,2026-07-26,4,,not_collected,
4468030,OFFBEAT,2026-07-22,post_launch_reviews_total,2026-07-27,5,,not_collected,
4468030,OFFBEAT,2026-07-22,post_launch_reviews_total,2026-07-28,6,,not_collected,
4468030,OFFBEAT,2026-07-22,post_launch_reviews_total,2026-07-29,7,,not_collected,
4436080,Olga Doesn't Die,2026-07-03,pre_launch_wishlist_rank,2026-06-26,-7,,not_collected,
4436080,Olga Doesn't Die,2026-07-03,pre_launch_wishlist_rank,2026-06-27,-6,,not_collected,
4436080,Olga Doesn't Die,2026-07-03,pre_launch_wishlist_rank,2026-06-28,-5,,not_collected,
4436080,Olga Doesn't Die,2026-07-03,pre_launch_wishlist_rank,2026-06-29,-4,,not_collected,
4436080,Olga Doesn't Die,2026-07-03,pre_launch_wishlist_rank,2026-06-30,-3,,not_collected,
4436080,Olga Doesn't Die,2026-07-03,pre_launch_wishlist_rank,2026-07-01,-2,,not_collected,
4436080,Olga Doesn't Die,2026-07-03,pre_launch_wishlist_rank,2026-07-02,-1,,not_collected,
4436080,Olga Doesn't Die,2026-07-03,post_launch_reviews_total,2026-07-03,0,0,ok,2026-07-03T04:27:24.412Z
4436080,Olga Doesn't Die,2026-07-03,post_launch_reviews_total,2026-07-04,1,,not_collected,
4436080,Olga Doesn't Die,2026-07-03,post_launch_reviews_total,2026-07-05,2,,not_collected,
4436080,Olga Doesn't Die,2026-07-03,post_launch_reviews_total,2026-07-06,3,,not_collected,
4436080,Olga Doesn't Die,2026-07-03,post_launch_reviews_total,2026-07-07,4,,not_collected,
4436080,Olga Doesn't Die,2026-07-03,post_launch_reviews_total,2026-07-08,5,,not_collected,
4436080,Olga Doesn't Die,2026-07-03,post_launch_reviews_total,2026-07-09,6,,not_collected,
4436080,Olga Doesn't Die,2026-07-03,post_launch_reviews_total,2026-07-10,7,,not_collected,
4209830,One Last Hand,2026-08-14,pre_launch_wishlist_rank,2026-08-07,-7,,not_in_captured_wishlist_ranking,
4209830,One Last Hand,2026-08-14,pre_launch_wishlist_rank,2026-08-08,-6,,not_in_captured_wishlist_ranking,
4209830,One Last Hand,2026-08-14,pre_launch_wishlist_rank,2026-08-09,-5,,not_in_captured_wishlist_ranking,
4209830,One Last Hand,2026-08-14,pre_launch_wishlist_rank,2026-08-10,-4,,not_in_captured_wishlist_ranking,
4209830,One Last Hand,2026-08-14,pre_launch_wishlist_rank,2026-08-11,-3,,not_in_captured_wishlist_ranking,
4209830,One Last Hand,2026-08-14,pre_launch_wishlist_rank,2026-08-12,-2,,not_in_captured_wishlist_ranking,
4209830,One Last Hand,2026-08-14,pre_launch_wishlist_rank,2026-08-13,-1,,not_in_captured_wishlist_ranking,
4209830,One Last Hand,2026-08-14,post_launch_reviews_total,2026-08-14,0,0,ok,2026-08-14T03:41:13.555Z
4209830,One Last Hand,2026-08-14,post_launch_reviews_total,2026-08-15,1,,not_collected,
4209830,One Last Hand,2026-08-14,post_launch_reviews_total,2026-08-16,2,,not_collected,
4209830,One Last Hand,2026-08-14,post_launch_reviews_total,2026-08-17,3,,not_collected,
4209830,One Last Hand,2026-08-14,post_launch_reviews_total,2026-08-18,4,,not_collected,
4209830,One Last Hand,2026-08-14,post_launch_reviews_total,2026-08-19,5,,not_collected,
4209830,One Last Hand,2026-08-14,post_launch_reviews_total,2026-08-20,6,,not_collected,
4209830,One Last Hand,2026-08-14,post_launch_reviews_total,2026-08-21,7,,not_collected,
2638890,Onimusha: Way of the Sword,2026-09-03,pre_launch_wishlist_rank,2026-08-27,-7,20,ok,2026-08-27T11:57:45.810Z
2638890,Onimusha: Way of the Sword,2026-09-03,pre_launch_wishlist_rank,2026-08-28,-6,20,ok,2026-08-28T13:19:41.332Z
2638890,Onimusha: Way of the Sword,2026-09-03,pre_launch_wishlist_rank,2026-08-29,-5,20,ok,2026-08-29T08:16:08.181Z
2638890,Onimusha: Way of the Sword,2026-09-03,pre_launch_wishlist_rank,2026-08-30,-4,19,ok,2026-08-30T07:17:27.365Z
2638890,Onimusha: Way of the Sword,2026-09-03,pre_launch_wishlist_rank,2026-08-31,-3,18,ok,2026-08-31T07:32:46.352Z
2638890,Onimusha: Way of the Sword,2026-09-03,pre_launch_wishlist_rank,2026-09-01,-2,18,ok,2026-09-01T06:43:33.167Z
2638890,Onimusha: Way of the Sword,2026-09-03,pre_launch_wishlist_rank,2026-09-02,-1,18,ok,2026-09-02T06:21:55.398Z
2638890,Onimusha: Way of the Sword,2026-09-03,post_launch_reviews_total,2026-09-03,0,0,ok,2026-09-03T06:24:29.914Z
2638890,Onimusha: Way of the Sword,2026-09-03,post_launch_reviews_total,2026-09-04,1,,not_collected,
2638890,Onimusha: Way of the Sword,2026-09-03,post_launch_reviews_total,2026-09-05,2,,not_collected,
2638890,Onimusha: Way of the Sword,2026-09-03,post_launch_reviews_total,2026-09-06,3,,not_collected,
2638890,Onimusha: Way of the Sword,2026-09-03,post_launch_reviews_total,2026-09-07,4,,not_collected,
2638890,Onimusha: Way of the Sword,2026-09-03,post_launch_reviews_total,2026-09-08,5,,not_collected,
2638890,Onimusha: Way of the Sword,2026-09-03,post_launch_reviews_total,2026-09-09,6,,not_collected,
2638890,Onimusha: Way of the Sword,2026-09-03,post_launch_reviews_total,2026-09-10,7,,not_collected,
4210580,Ore Factory Squad ⛏️,2026-07-16,pre_launch_wishlist_rank,2026-07-09,-7,1143,ok,2026-07-09T05:46:21.155Z
4210580,Ore Factory Squad ⛏️,2026-07-16,pre_launch_wishlist_rank,2026-07-10,-6,962,ok,2026-07-10T05:43:57.377Z
4210580,Ore Factory Squad ⛏️,2026-07-16,pre_launch_wishlist_rank,2026-07-11,-5,875,ok,2026-07-11T04:45:57.358Z
4210580,Ore Factory Squad ⛏️,2026-07-16,pre_launch_wishlist_rank,2026-07-12,-4,800,ok,2026-07-12T04:57:39.930Z
4210580,Ore Factory Squad ⛏️,2026-07-16,pre_launch_wishlist_rank,2026-07-13,-3,735,ok,2026-07-13T05:04:37.802Z
4210580,Ore Factory Squad ⛏️,2026-07-16,pre_launch_wishlist_rank,2026-07-14,-2,692,ok,2026-07-14T04:32:48.120Z
4210580,Ore Factory Squad ⛏️,2026-07-16,pre_launch_wishlist_rank,2026-07-15,-1,655,ok,2026-07-15T04:32:45.763Z
4210580,Ore Factory Squad ⛏️,2026-07-16,post_launch_reviews_total,2026-07-16,0,0,ok,2026-07-16T04:42:31.378Z
4210580,Ore Factory Squad ⛏️,2026-07-16,post_launch_reviews_total,2026-07-17,1,,not_collected,
4210580,Ore Factory Squad ⛏️,2026-07-16,post_launch_reviews_total,2026-07-18,2,,not_collected,
4210580,Ore Factory Squad ⛏️,2026-07-16,post_launch_reviews_total,2026-07-19,3,,not_collected,
4210580,Ore Factory Squad ⛏️,2026-07-16,post_launch_reviews_total,2026-07-20,4,,not_collected,
4210580,Ore Factory Squad ⛏️,2026-07-16,post_launch_reviews_total,2026-07-21,5,,not_collected,
4210580,Ore Factory Squad ⛏️,2026-07-16,post_launch_reviews_total,2026-07-22,6,,not_collected,
4210580,Ore Factory Squad ⛏️,2026-07-16,post_launch_reviews_total,2026-07-23,7,,not_collected,
3997240,Osta,2026-07-29,pre_launch_wishlist_rank,2026-07-22,-7,,not_in_captured_wishlist_ranking,
3997240,Osta,2026-07-29,pre_launch_wishlist_rank,2026-07-23,-6,,not_in_captured_wishlist_ranking,
3997240,Osta,2026-07-29,pre_launch_wishlist_rank,2026-07-24,-5,,not_in_captured_wishlist_ranking,
3997240,Osta,2026-07-29,pre_launch_wishlist_rank,2026-07-25,-4,,not_in_captured_wishlist_ranking,
3997240,Osta,2026-07-29,pre_launch_wishlist_rank,2026-07-26,-3,1948,ok,2026-07-26T05:02:25.100Z
3997240,Osta,2026-07-29,pre_launch_wishlist_rank,2026-07-27,-2,1769,ok,2026-07-27T05:28:24.621Z
3997240,Osta,2026-07-29,pre_launch_wishlist_rank,2026-07-28,-1,1650,ok,2026-07-28T04:45:52.627Z
3997240,Osta,2026-07-29,post_launch_reviews_total,2026-07-29,0,0,ok,2026-07-29T04:50:58.767Z
3997240,Osta,2026-07-29,post_launch_reviews_total,2026-07-30,1,,not_collected,
3997240,Osta,2026-07-29,post_launch_reviews_total,2026-07-31,2,,not_collected,
3997240,Osta,2026-07-29,post_launch_reviews_total,2026-08-01,3,,not_collected,
3997240,Osta,2026-07-29,post_launch_reviews_total,2026-08-02,4,,not_collected,
3997240,Osta,2026-07-29,post_launch_reviews_total,2026-08-03,5,,not_collected,
3997240,Osta,2026-07-29,post_launch_reviews_total,2026-08-04,6,,not_collected,
3997240,Osta,2026-07-29,post_launch_reviews_total,2026-08-05,7,,not_collected,
4329100,Our Wonderland,2026-07-09,pre_launch_wishlist_rank,2026-07-02,-7,,not_collected,
4329100,Our Wonderland,2026-07-09,pre_launch_wishlist_rank,2026-07-03,-6,,not_in_captured_wishlist_ranking,
4329100,Our Wonderland,2026-07-09,pre_launch_wishlist_rank,2026-07-04,-5,,not_in_captured_wishlist_ranking,
4329100,Our Wonderland,2026-07-09,pre_launch_wishlist_rank,2026-07-05,-4,,not_in_captured_wishlist_ranking,
4329100,Our Wonderland,2026-07-09,pre_launch_wishlist_rank,2026-07-06,-3,,not_in_captured_wishlist_ranking,
4329100,Our Wonderland,2026-07-09,pre_launch_wishlist_rank,2026-07-07,-2,,not_in_captured_wishlist_ranking,
4329100,Our Wonderland,2026-07-09,pre_launch_wishlist_rank,2026-07-08,-1,,not_in_captured_wishlist_ranking,
4329100,Our Wonderland,2026-07-09,post_launch_reviews_total,2026-07-09,0,0,ok,2026-07-09T05:46:21.155Z
4329100,Our Wonderland,2026-07-09,post_launch_reviews_total,2026-07-10,1,,not_collected,
4329100,Our Wonderland,2026-07-09,post_launch_reviews_total,2026-07-11,2,,not_collected,
4329100,Our Wonderland,2026-07-09,post_launch_reviews_total,2026-07-12,3,,not_collected,
4329100,Our Wonderland,2026-07-09,post_launch_reviews_total,2026-07-13,4,,not_collected,
4329100,Our Wonderland,2026-07-09,post_launch_reviews_total,2026-07-14,5,,not_collected,
4329100,Our Wonderland,2026-07-09,post_launch_reviews_total,2026-07-15,6,,not_collected,
4329100,Our Wonderland,2026-07-09,post_launch_reviews_total,2026-07-16,7,,not_collected,
2210220,Outfield,2026-07-29,pre_launch_wishlist_rank,2026-07-22,-7,,not_in_captured_wishlist_ranking,
2210220,Outfield,2026-07-29,pre_launch_wishlist_rank,2026-07-23,-6,,not_in_captured_wishlist_ranking,
2210220,Outfield,2026-07-29,pre_launch_wishlist_rank,2026-07-24,-5,,not_in_captured_wishlist_ranking,
2210220,Outfield,2026-07-29,pre_launch_wishlist_rank,2026-07-25,-4,,not_in_captured_wishlist_ranking,
2210220,Outfield,2026-07-29,pre_launch_wishlist_rank,2026-07-26,-3,,not_in_captured_wishlist_ranking,
2210220,Outfield,2026-07-29,pre_launch_wishlist_rank,2026-07-27,-2,,not_in_captured_wishlist_ranking,
2210220,Outfield,2026-07-29,pre_launch_wishlist_rank,2026-07-28,-1,,not_in_captured_wishlist_ranking,
2210220,Outfield,2026-07-29,post_launch_reviews_total,2026-07-29,0,0,ok,2026-07-29T04:50:58.767Z
2210220,Outfield,2026-07-29,post_launch_reviews_total,2026-07-30,1,,not_collected,
2210220,Outfield,2026-07-29,post_launch_reviews_total,2026-07-31,2,,not_collected,
2210220,Outfield,2026-07-29,post_launch_reviews_total,2026-08-01,3,,not_collected,
2210220,Outfield,2026-07-29,post_launch_reviews_total,2026-08-02,4,,not_collected,
2210220,Outfield,2026-07-29,post_launch_reviews_total,2026-08-03,5,,not_collected,
2210220,Outfield,2026-07-29,post_launch_reviews_total,2026-08-04,6,,not_collected,
2210220,Outfield,2026-07-29,post_launch_reviews_total,2026-08-05,7,,not_collected,
4996190,Package chaos,2026-08-28,pre_launch_wishlist_rank,2026-08-21,-7,,not_in_captured_wishlist_ranking,
4996190,Package chaos,2026-08-28,pre_launch_wishlist_rank,2026-08-22,-6,,not_in_captured_wishlist_ranking,
4996190,Package chaos,2026-08-28,pre_launch_wishlist_rank,2026-08-23,-5,,not_in_captured_wishlist_ranking,
4996190,Package chaos,2026-08-28,pre_launch_wishlist_rank,2026-08-24,-4,,not_in_captured_wishlist_ranking,
4996190,Package chaos,2026-08-28,pre_launch_wishlist_rank,2026-08-25,-3,,not_in_captured_wishlist_ranking,
4996190,Package chaos,2026-08-28,pre_launch_wishlist_rank,2026-08-26,-2,,not_in_captured_wishlist_ranking,
4996190,Package chaos,2026-08-28,pre_launch_wishlist_rank,2026-08-27,-1,,not_in_captured_wishlist_ranking,
4996190,Package chaos,2026-08-28,post_launch_reviews_total,2026-08-28,0,0,ok,2026-08-28T13:19:41.332Z
4996190,Package chaos,2026-08-28,post_launch_reviews_total,2026-08-29,1,,not_collected,
4996190,Package chaos,2026-08-28,post_launch_reviews_total,2026-08-30,2,,not_collected,
4996190,Package chaos,2026-08-28,post_launch_reviews_total,2026-08-31,3,,not_collected,
4996190,Package chaos,2026-08-28,post_launch_reviews_total,2026-09-01,4,,not_collected,
4996190,Package chaos,2026-08-28,post_launch_reviews_total,2026-09-02,5,,not_collected,
4996190,Package chaos,2026-08-28,post_launch_reviews_total,2026-09-03,6,,not_collected,
4996190,Package chaos,2026-08-28,post_launch_reviews_total,2026-09-04,7,,not_collected,
2530250,PARKSIDE: DECAYED SOUL MANIPULATION,2026-07-30,pre_launch_wishlist_rank,2026-07-23,-7,1661,ok,2026-07-23T04:56:12.842Z
2530250,PARKSIDE: DECAYED SOUL MANIPULATION,2026-07-30,pre_launch_wishlist_rank,2026-07-24,-6,1643,ok,2026-07-24T04:51:55.902Z
2530250,PARKSIDE: DECAYED SOUL MANIPULATION,2026-07-30,pre_launch_wishlist_rank,2026-07-25,-5,1621,ok,2026-07-25T04:47:58.982Z
2530250,PARKSIDE: DECAYED SOUL MANIPULATION,2026-07-30,pre_launch_wishlist_rank,2026-07-26,-4,1604,ok,2026-07-26T05:02:25.100Z
2530250,PARKSIDE: DECAYED SOUL MANIPULATION,2026-07-30,pre_launch_wishlist_rank,2026-07-27,-3,1571,ok,2026-07-27T05:28:24.621Z
2530250,PARKSIDE: DECAYED SOUL MANIPULATION,2026-07-30,pre_launch_wishlist_rank,2026-07-28,-2,1532,ok,2026-07-28T04:45:52.627Z
2530250,PARKSIDE: DECAYED SOUL MANIPULATION,2026-07-30,pre_launch_wishlist_rank,2026-07-29,-1,1492,ok,2026-07-29T04:50:58.767Z
2530250,PARKSIDE: DECAYED SOUL MANIPULATION,2026-07-30,post_launch_reviews_total,2026-07-30,0,0,ok,2026-07-30T04:38:29.620Z
2530250,PARKSIDE: DECAYED SOUL MANIPULATION,2026-07-30,post_launch_reviews_total,2026-07-31,1,,not_collected,
2530250,PARKSIDE: DECAYED SOUL MANIPULATION,2026-07-30,post_launch_reviews_total,2026-08-01,2,,not_collected,
2530250,PARKSIDE: DECAYED SOUL MANIPULATION,2026-07-30,post_launch_reviews_total,2026-08-02,3,,not_collected,
2530250,PARKSIDE: DECAYED SOUL MANIPULATION,2026-07-30,post_launch_reviews_total,2026-08-03,4,,not_collected,
2530250,PARKSIDE: DECAYED SOUL MANIPULATION,2026-07-30,post_launch_reviews_total,2026-08-04,5,,not_collected,
2530250,PARKSIDE: DECAYED SOUL MANIPULATION,2026-07-30,post_launch_reviews_total,2026-08-05,6,,not_collected,
2530250,PARKSIDE: DECAYED SOUL MANIPULATION,2026-07-30,post_launch_reviews_total,2026-08-06,7,,not_collected,
4243990,Path of Idle: Old Gods Rising,2026-08-12,pre_launch_wishlist_rank,2026-08-05,-7,968,ok,2026-08-05T04:46:35.103Z
4243990,Path of Idle: Old Gods Rising,2026-08-12,pre_launch_wishlist_rank,2026-08-06,-6,952,ok,2026-08-06T04:47:09.485Z
4243990,Path of Idle: Old Gods Rising,2026-08-12,pre_launch_wishlist_rank,2026-08-07,-5,927,ok,2026-08-07T04:13:26.771Z
4243990,Path of Idle: Old Gods Rising,2026-08-12,pre_launch_wishlist_rank,2026-08-08,-4,906,ok,2026-08-08T03:11:38.214Z
4243990,Path of Idle: Old Gods Rising,2026-08-12,pre_launch_wishlist_rank,2026-08-09,-3,880,ok,2026-08-09T03:19:17.318Z
4243990,Path of Idle: Old Gods Rising,2026-08-12,pre_launch_wishlist_rank,2026-08-10,-2,828,ok,2026-08-10T03:29:07.136Z
4243990,Path of Idle: Old Gods Rising,2026-08-12,pre_launch_wishlist_rank,2026-08-11,-1,781,ok,2026-08-11T03:21:55.619Z
4243990,Path of Idle: Old Gods Rising,2026-08-12,post_launch_reviews_total,2026-08-12,0,0,ok,2026-08-12T03:40:42.315Z
4243990,Path of Idle: Old Gods Rising,2026-08-12,post_launch_reviews_total,2026-08-13,1,,not_collected,
4243990,Path of Idle: Old Gods Rising,2026-08-12,post_launch_reviews_total,2026-08-14,2,,not_collected,
4243990,Path of Idle: Old Gods Rising,2026-08-12,post_launch_reviews_total,2026-08-15,3,,not_collected,
4243990,Path of Idle: Old Gods Rising,2026-08-12,post_launch_reviews_total,2026-08-16,4,,not_collected,
4243990,Path of Idle: Old Gods Rising,2026-08-12,post_launch_reviews_total,2026-08-17,5,,not_collected,
4243990,Path of Idle: Old Gods Rising,2026-08-12,post_launch_reviews_total,2026-08-18,6,,not_collected,
4243990,Path of Idle: Old Gods Rising,2026-08-12,post_launch_reviews_total,2026-08-19,7,,not_collected,
3808690,Pathogenic,2026-07-16,pre_launch_wishlist_rank,2026-07-09,-7,572,ok,2026-07-09T05:46:21.155Z
3808690,Pathogenic,2026-07-16,pre_launch_wishlist_rank,2026-07-10,-6,567,ok,2026-07-10T05:43:57.377Z
3808690,Pathogenic,2026-07-16,pre_launch_wishlist_rank,2026-07-11,-5,563,ok,2026-07-11T04:45:57.358Z
3808690,Pathogenic,2026-07-16,pre_launch_wishlist_rank,2026-07-12,-4,555,ok,2026-07-12T04:57:39.930Z
3808690,Pathogenic,2026-07-16,pre_launch_wishlist_rank,2026-07-13,-3,546,ok,2026-07-13T05:04:37.802Z
3808690,Pathogenic,2026-07-16,pre_launch_wishlist_rank,2026-07-14,-2,528,ok,2026-07-14T04:32:48.120Z
3808690,Pathogenic,2026-07-16,pre_launch_wishlist_rank,2026-07-15,-1,521,ok,2026-07-15T04:32:45.763Z
3808690,Pathogenic,2026-07-16,post_launch_reviews_total,2026-07-16,0,0,ok,2026-07-16T04:42:31.378Z
3808690,Pathogenic,2026-07-16,post_launch_reviews_total,2026-07-17,1,,not_collected,
3808690,Pathogenic,2026-07-16,post_launch_reviews_total,2026-07-18,2,,not_collected,
3808690,Pathogenic,2026-07-16,post_launch_reviews_total,2026-07-19,3,,not_collected,
3808690,Pathogenic,2026-07-16,post_launch_reviews_total,2026-07-20,4,,not_collected,
3808690,Pathogenic,2026-07-16,post_launch_reviews_total,2026-07-21,5,,not_collected,
3808690,Pathogenic,2026-07-16,post_launch_reviews_total,2026-07-22,6,,not_collected,
3808690,Pathogenic,2026-07-16,post_launch_reviews_total,2026-07-23,7,,not_collected,
4210300,Pawbay: Cat Chaos,2026-08-21,pre_launch_wishlist_rank,2026-08-14,-7,,not_in_captured_wishlist_ranking,
4210300,Pawbay: Cat Chaos,2026-08-21,pre_launch_wishlist_rank,2026-08-15,-6,,not_in_captured_wishlist_ranking,
4210300,Pawbay: Cat Chaos,2026-08-21,pre_launch_wishlist_rank,2026-08-16,-5,,not_in_captured_wishlist_ranking,
4210300,Pawbay: Cat Chaos,2026-08-21,pre_launch_wishlist_rank,2026-08-17,-4,,not_in_captured_wishlist_ranking,
4210300,Pawbay: Cat Chaos,2026-08-21,pre_launch_wishlist_rank,2026-08-18,-3,,not_in_captured_wishlist_ranking,
4210300,Pawbay: Cat Chaos,2026-08-21,pre_launch_wishlist_rank,2026-08-19,-2,,not_in_captured_wishlist_ranking,
4210300,Pawbay: Cat Chaos,2026-08-21,pre_launch_wishlist_rank,2026-08-20,-1,,not_in_captured_wishlist_ranking,
4210300,Pawbay: Cat Chaos,2026-08-21,post_launch_reviews_total,2026-08-21,0,0,ok,2026-08-21T02:47:33.763Z
4210300,Pawbay: Cat Chaos,2026-08-21,post_launch_reviews_total,2026-08-22,1,,not_collected,
4210300,Pawbay: Cat Chaos,2026-08-21,post_launch_reviews_total,2026-08-23,2,,not_collected,
4210300,Pawbay: Cat Chaos,2026-08-21,post_launch_reviews_total,2026-08-24,3,,not_collected,
4210300,Pawbay: Cat Chaos,2026-08-21,post_launch_reviews_total,2026-08-25,4,,not_collected,
4210300,Pawbay: Cat Chaos,2026-08-21,post_launch_reviews_total,2026-08-26,5,,not_collected,
4210300,Pawbay: Cat Chaos,2026-08-21,post_launch_reviews_total,2026-08-27,6,,not_collected,
4210300,Pawbay: Cat Chaos,2026-08-21,post_launch_reviews_total,2026-08-28,7,,not_collected,
1067360,Pax Autocratica,2026-08-10,pre_launch_wishlist_rank,2026-08-03,-7,170,ok,2026-08-03T05:07:42.912Z
1067360,Pax Autocratica,2026-08-10,pre_launch_wishlist_rank,2026-08-04,-6,163,ok,2026-08-04T04:47:02.633Z
1067360,Pax Autocratica,2026-08-10,pre_launch_wishlist_rank,2026-08-05,-5,158,ok,2026-08-05T04:46:35.103Z
1067360,Pax Autocratica,2026-08-10,pre_launch_wishlist_rank,2026-08-06,-4,156,ok,2026-08-06T04:47:09.485Z
1067360,Pax Autocratica,2026-08-10,pre_launch_wishlist_rank,2026-08-07,-3,150,ok,2026-08-07T04:13:26.771Z
1067360,Pax Autocratica,2026-08-10,pre_launch_wishlist_rank,2026-08-08,-2,149,ok,2026-08-08T03:11:38.214Z
1067360,Pax Autocratica,2026-08-10,pre_launch_wishlist_rank,2026-08-09,-1,144,ok,2026-08-09T03:19:17.318Z
1067360,Pax Autocratica,2026-08-10,post_launch_reviews_total,2026-08-10,0,0,ok,2026-08-10T03:29:07.136Z
1067360,Pax Autocratica,2026-08-10,post_launch_reviews_total,2026-08-11,1,,not_collected,
1067360,Pax Autocratica,2026-08-10,post_launch_reviews_total,2026-08-12,2,,not_collected,
1067360,Pax Autocratica,2026-08-10,post_launch_reviews_total,2026-08-13,3,,not_collected,
1067360,Pax Autocratica,2026-08-10,post_launch_reviews_total,2026-08-14,4,,not_collected,
1067360,Pax Autocratica,2026-08-10,post_launch_reviews_total,2026-08-15,5,,not_collected,
1067360,Pax Autocratica,2026-08-10,post_launch_reviews_total,2026-08-16,6,,not_collected,
1067360,Pax Autocratica,2026-08-10,post_launch_reviews_total,2026-08-17,7,,not_collected,
4605210,Pet the Cat,2026-07-17,pre_launch_wishlist_rank,2026-07-10,-7,,not_in_captured_wishlist_ranking,
4605210,Pet the Cat,2026-07-17,pre_launch_wishlist_rank,2026-07-11,-6,,not_in_captured_wishlist_ranking,
4605210,Pet the Cat,2026-07-17,pre_launch_wishlist_rank,2026-07-12,-5,,not_in_captured_wishlist_ranking,
4605210,Pet the Cat,2026-07-17,pre_launch_wishlist_rank,2026-07-13,-4,,not_in_captured_wishlist_ranking,
4605210,Pet the Cat,2026-07-17,pre_launch_wishlist_rank,2026-07-14,-3,,not_in_captured_wishlist_ranking,
4605210,Pet the Cat,2026-07-17,pre_launch_wishlist_rank,2026-07-15,-2,,not_in_captured_wishlist_ranking,
4605210,Pet the Cat,2026-07-17,pre_launch_wishlist_rank,2026-07-16,-1,,not_in_captured_wishlist_ranking,
4605210,Pet the Cat,2026-07-17,post_launch_reviews_total,2026-07-17,0,0,ok,2026-07-17T04:45:39.030Z
4605210,Pet the Cat,2026-07-17,post_launch_reviews_total,2026-07-18,1,,not_collected,
4605210,Pet the Cat,2026-07-17,post_launch_reviews_total,2026-07-19,2,,not_collected,
4605210,Pet the Cat,2026-07-17,post_launch_reviews_total,2026-07-20,3,,not_collected,
4605210,Pet the Cat,2026-07-17,post_launch_reviews_total,2026-07-21,4,,not_collected,
4605210,Pet the Cat,2026-07-17,post_launch_reviews_total,2026-07-22,5,,not_collected,
4605210,Pet the Cat,2026-07-17,post_launch_reviews_total,2026-07-23,6,,not_collected,
4605210,Pet the Cat,2026-07-17,post_launch_reviews_total,2026-07-24,7,,not_collected,
4876730,Petrix,2026-07-07,pre_launch_wishlist_rank,2026-06-30,-7,,not_collected,
4876730,Petrix,2026-07-07,pre_launch_wishlist_rank,2026-07-01,-6,,not_collected,
4876730,Petrix,2026-07-07,pre_launch_wishlist_rank,2026-07-02,-5,,not_collected,
4876730,Petrix,2026-07-07,pre_launch_wishlist_rank,2026-07-03,-4,,not_in_captured_wishlist_ranking,
4876730,Petrix,2026-07-07,pre_launch_wishlist_rank,2026-07-04,-3,,not_in_captured_wishlist_ranking,
4876730,Petrix,2026-07-07,pre_launch_wishlist_rank,2026-07-05,-2,,not_in_captured_wishlist_ranking,
4876730,Petrix,2026-07-07,pre_launch_wishlist_rank,2026-07-06,-1,,not_in_captured_wishlist_ranking,
4876730,Petrix,2026-07-07,post_launch_reviews_total,2026-07-07,0,,not_collected,
4876730,Petrix,2026-07-07,post_launch_reviews_total,2026-07-08,1,0,ok,2026-07-08T04:50:41.299Z
4876730,Petrix,2026-07-07,post_launch_reviews_total,2026-07-09,2,,not_collected,
4876730,Petrix,2026-07-07,post_launch_reviews_total,2026-07-10,3,,not_collected,
4876730,Petrix,2026-07-07,post_launch_reviews_total,2026-07-11,4,,not_collected,
4876730,Petrix,2026-07-07,post_launch_reviews_total,2026-07-12,5,,not_collected,
4876730,Petrix,2026-07-07,post_launch_reviews_total,2026-07-13,6,,not_collected,
4876730,Petrix,2026-07-07,post_launch_reviews_total,2026-07-14,7,,not_collected,
4115450,Phantom Blade Zero,2026-10-28,pre_launch_wishlist_rank,2026-10-21,-7,,not_collected,
4115450,Phantom Blade Zero,2026-10-28,pre_launch_wishlist_rank,2026-10-22,-6,,not_collected,
4115450,Phantom Blade Zero,2026-10-28,pre_launch_wishlist_rank,2026-10-23,-5,,not_collected,
4115450,Phantom Blade Zero,2026-10-28,pre_launch_wishlist_rank,2026-10-24,-4,,not_collected,
4115450,Phantom Blade Zero,2026-10-28,pre_launch_wishlist_rank,2026-10-25,-3,,not_collected,
4115450,Phantom Blade Zero,2026-10-28,pre_launch_wishlist_rank,2026-10-26,-2,,not_collected,
4115450,Phantom Blade Zero,2026-10-28,pre_launch_wishlist_rank,2026-10-27,-1,,not_collected,
4115450,Phantom Blade Zero,2026-10-28,post_launch_reviews_total,2026-10-28,0,,not_collected,
4115450,Phantom Blade Zero,2026-10-28,post_launch_reviews_total,2026-10-29,1,,not_collected,
4115450,Phantom Blade Zero,2026-10-28,post_launch_reviews_total,2026-10-30,2,,not_collected,
4115450,Phantom Blade Zero,2026-10-28,post_launch_reviews_total,2026-10-31,3,,not_collected,
4115450,Phantom Blade Zero,2026-10-28,post_launch_reviews_total,2026-11-01,4,,not_collected,
4115450,Phantom Blade Zero,2026-10-28,post_launch_reviews_total,2026-11-02,5,,not_collected,
4115450,Phantom Blade Zero,2026-10-28,post_launch_reviews_total,2026-11-03,6,,not_collected,
4115450,Phantom Blade Zero,2026-10-28,post_launch_reviews_total,2026-11-04,7,,not_collected,
3639590,Phantom PHANTOM OF INFERNO NITRO ARCHIVE,2026-09-04,pre_launch_wishlist_rank,2026-08-28,-7,,not_in_captured_wishlist_ranking,
3639590,Phantom PHANTOM OF INFERNO NITRO ARCHIVE,2026-09-04,pre_launch_wishlist_rank,2026-08-29,-6,,not_in_captured_wishlist_ranking,
3639590,Phantom PHANTOM OF INFERNO NITRO ARCHIVE,2026-09-04,pre_launch_wishlist_rank,2026-08-30,-5,,not_in_captured_wishlist_ranking,
3639590,Phantom PHANTOM OF INFERNO NITRO ARCHIVE,2026-09-04,pre_launch_wishlist_rank,2026-08-31,-4,,not_in_captured_wishlist_ranking,
3639590,Phantom PHANTOM OF INFERNO NITRO ARCHIVE,2026-09-04,pre_launch_wishlist_rank,2026-09-01,-3,,not_in_captured_wishlist_ranking,
3639590,Phantom PHANTOM OF INFERNO NITRO ARCHIVE,2026-09-04,pre_launch_wishlist_rank,2026-09-02,-2,,not_in_captured_wishlist_ranking,
3639590,Phantom PHANTOM OF INFERNO NITRO ARCHIVE,2026-09-04,pre_launch_wishlist_rank,2026-09-03,-1,1933,ok,2026-09-03T06:24:29.914Z
3639590,Phantom PHANTOM OF INFERNO NITRO ARCHIVE,2026-09-04,post_launch_reviews_total,2026-09-04,0,,not_collected,
3639590,Phantom PHANTOM OF INFERNO NITRO ARCHIVE,2026-09-04,post_launch_reviews_total,2026-09-05,1,,not_collected,
3639590,Phantom PHANTOM OF INFERNO NITRO ARCHIVE,2026-09-04,post_launch_reviews_total,2026-09-06,2,,not_collected,
3639590,Phantom PHANTOM OF INFERNO NITRO ARCHIVE,2026-09-04,post_launch_reviews_total,2026-09-07,3,,not_collected,
3639590,Phantom PHANTOM OF INFERNO NITRO ARCHIVE,2026-09-04,post_launch_reviews_total,2026-09-08,4,,not_collected,
3639590,Phantom PHANTOM OF INFERNO NITRO ARCHIVE,2026-09-04,post_launch_reviews_total,2026-09-09,5,,not_collected,
3639590,Phantom PHANTOM OF INFERNO NITRO ARCHIVE,2026-09-04,post_launch_reviews_total,2026-09-10,6,,not_collected,
3639590,Phantom PHANTOM OF INFERNO NITRO ARCHIVE,2026-09-04,post_launch_reviews_total,2026-09-11,7,,not_collected,
4286120,Photomaly,2026-07-21,pre_launch_wishlist_rank,2026-07-14,-7,1890,ok,2026-07-14T04:32:48.120Z
4286120,Photomaly,2026-07-21,pre_launch_wishlist_rank,2026-07-15,-6,1788,ok,2026-07-15T04:32:45.763Z
4286120,Photomaly,2026-07-21,pre_launch_wishlist_rank,2026-07-16,-5,1709,ok,2026-07-16T04:42:31.378Z
4286120,Photomaly,2026-07-21,pre_launch_wishlist_rank,2026-07-17,-4,1641,ok,2026-07-17T04:45:39.030Z
4286120,Photomaly,2026-07-21,pre_launch_wishlist_rank,2026-07-18,-3,1583,ok,2026-07-18T04:29:54.503Z
4286120,Photomaly,2026-07-21,pre_launch_wishlist_rank,2026-07-19,-2,1499,ok,2026-07-19T04:54:49.781Z
4286120,Photomaly,2026-07-21,pre_launch_wishlist_rank,2026-07-20,-1,1303,ok,2026-07-20T05:09:45.900Z
4286120,Photomaly,2026-07-21,post_launch_reviews_total,2026-07-21,0,0,ok,2026-07-21T04:50:39.944Z
4286120,Photomaly,2026-07-21,post_launch_reviews_total,2026-07-22,1,,not_collected,
4286120,Photomaly,2026-07-21,post_launch_reviews_total,2026-07-23,2,,not_collected,
4286120,Photomaly,2026-07-21,post_launch_reviews_total,2026-07-24,3,,not_collected,
4286120,Photomaly,2026-07-21,post_launch_reviews_total,2026-07-25,4,,not_collected,
4286120,Photomaly,2026-07-21,post_launch_reviews_total,2026-07-26,5,,not_collected,
4286120,Photomaly,2026-07-21,post_launch_reviews_total,2026-07-27,6,,not_collected,
4286120,Photomaly,2026-07-21,post_launch_reviews_total,2026-07-28,7,,not_collected,
4854680,Pictures at an Exhibition,2026-07-05,pre_launch_wishlist_rank,2026-06-28,-7,,not_collected,
4854680,Pictures at an Exhibition,2026-07-05,pre_launch_wishlist_rank,2026-06-29,-6,,not_collected,
4854680,Pictures at an Exhibition,2026-07-05,pre_launch_wishlist_rank,2026-06-30,-5,,not_collected,
4854680,Pictures at an Exhibition,2026-07-05,pre_launch_wishlist_rank,2026-07-01,-4,,not_collected,
4854680,Pictures at an Exhibition,2026-07-05,pre_launch_wishlist_rank,2026-07-02,-3,,not_collected,
4854680,Pictures at an Exhibition,2026-07-05,pre_launch_wishlist_rank,2026-07-03,-2,,not_in_captured_wishlist_ranking,
4854680,Pictures at an Exhibition,2026-07-05,pre_launch_wishlist_rank,2026-07-04,-1,,not_in_captured_wishlist_ranking,
4854680,Pictures at an Exhibition,2026-07-05,post_launch_reviews_total,2026-07-05,0,0,ok,2026-07-05T05:38:17.292Z
4854680,Pictures at an Exhibition,2026-07-05,post_launch_reviews_total,2026-07-06,1,,not_collected,
4854680,Pictures at an Exhibition,2026-07-05,post_launch_reviews_total,2026-07-07,2,,not_collected,
4854680,Pictures at an Exhibition,2026-07-05,post_launch_reviews_total,2026-07-08,3,,not_collected,
4854680,Pictures at an Exhibition,2026-07-05,post_launch_reviews_total,2026-07-09,4,,not_collected,
4854680,Pictures at an Exhibition,2026-07-05,post_launch_reviews_total,2026-07-10,5,,not_collected,
4854680,Pictures at an Exhibition,2026-07-05,post_launch_reviews_total,2026-07-11,6,,not_collected,
4854680,Pictures at an Exhibition,2026-07-05,post_launch_reviews_total,2026-07-12,7,,not_collected,
4547970,Pih 2,2026-08-04,pre_launch_wishlist_rank,2026-07-28,-7,1421,ok,2026-07-28T04:45:52.627Z
4547970,Pih 2,2026-08-04,pre_launch_wishlist_rank,2026-07-29,-6,1377,ok,2026-07-29T04:50:58.767Z
4547970,Pih 2,2026-08-04,pre_launch_wishlist_rank,2026-07-30,-5,1343,ok,2026-07-30T04:38:29.620Z
4547970,Pih 2,2026-08-04,pre_launch_wishlist_rank,2026-07-31,-4,1300,ok,2026-07-31T05:04:54.532Z
4547970,Pih 2,2026-08-04,pre_launch_wishlist_rank,2026-08-01,-3,1272,ok,2026-08-01T04:58:14.130Z
4547970,Pih 2,2026-08-04,pre_launch_wishlist_rank,2026-08-02,-2,1233,ok,2026-08-02T04:58:24.052Z
4547970,Pih 2,2026-08-04,pre_launch_wishlist_rank,2026-08-03,-1,1128,ok,2026-08-03T05:07:42.912Z
4547970,Pih 2,2026-08-04,post_launch_reviews_total,2026-08-04,0,0,ok,2026-08-04T04:47:02.633Z
4547970,Pih 2,2026-08-04,post_launch_reviews_total,2026-08-05,1,,not_collected,
4547970,Pih 2,2026-08-04,post_launch_reviews_total,2026-08-06,2,,not_collected,
4547970,Pih 2,2026-08-04,post_launch_reviews_total,2026-08-07,3,,not_collected,
4547970,Pih 2,2026-08-04,post_launch_reviews_total,2026-08-08,4,,not_collected,
4547970,Pih 2,2026-08-04,post_launch_reviews_total,2026-08-09,5,,not_collected,
4547970,Pih 2,2026-08-04,post_launch_reviews_total,2026-08-10,6,,not_collected,
4547970,Pih 2,2026-08-04,post_launch_reviews_total,2026-08-11,7,,not_collected,
3621200,Pimbolas,2026-07-16,pre_launch_wishlist_rank,2026-07-09,-7,,not_in_captured_wishlist_ranking,
3621200,Pimbolas,2026-07-16,pre_launch_wishlist_rank,2026-07-10,-6,,not_in_captured_wishlist_ranking,
3621200,Pimbolas,2026-07-16,pre_launch_wishlist_rank,2026-07-11,-5,,not_in_captured_wishlist_ranking,
3621200,Pimbolas,2026-07-16,pre_launch_wishlist_rank,2026-07-12,-4,,not_in_captured_wishlist_ranking,
3621200,Pimbolas,2026-07-16,pre_launch_wishlist_rank,2026-07-13,-3,,not_in_captured_wishlist_ranking,
3621200,Pimbolas,2026-07-16,pre_launch_wishlist_rank,2026-07-14,-2,,not_in_captured_wishlist_ranking,
3621200,Pimbolas,2026-07-16,pre_launch_wishlist_rank,2026-07-15,-1,,not_in_captured_wishlist_ranking,
3621200,Pimbolas,2026-07-16,post_launch_reviews_total,2026-07-16,0,0,ok,2026-07-16T04:42:31.378Z
3621200,Pimbolas,2026-07-16,post_launch_reviews_total,2026-07-17,1,,not_collected,
3621200,Pimbolas,2026-07-16,post_launch_reviews_total,2026-07-18,2,,not_collected,
3621200,Pimbolas,2026-07-16,post_launch_reviews_total,2026-07-19,3,,not_collected,
3621200,Pimbolas,2026-07-16,post_launch_reviews_total,2026-07-20,4,,not_collected,
3621200,Pimbolas,2026-07-16,post_launch_reviews_total,2026-07-21,5,,not_collected,
3621200,Pimbolas,2026-07-16,post_launch_reviews_total,2026-07-22,6,,not_collected,
3621200,Pimbolas,2026-07-16,post_launch_reviews_total,2026-07-23,7,,not_collected,
4132330,Pizza House Simulator🍕,2026-08-19,pre_launch_wishlist_rank,2026-08-12,-7,1072,ok,2026-08-12T03:40:42.315Z
4132330,Pizza House Simulator🍕,2026-08-19,pre_launch_wishlist_rank,2026-08-13,-6,1044,ok,2026-08-13T03:51:51.678Z
4132330,Pizza House Simulator🍕,2026-08-19,pre_launch_wishlist_rank,2026-08-14,-5,1017,ok,2026-08-14T03:41:13.555Z
4132330,Pizza House Simulator🍕,2026-08-19,pre_launch_wishlist_rank,2026-08-15,-4,1005,ok,2026-08-15T02:36:13.648Z
4132330,Pizza House Simulator🍕,2026-08-19,pre_launch_wishlist_rank,2026-08-16,-3,989,ok,2026-08-16T02:45:28.861Z
4132330,Pizza House Simulator🍕,2026-08-19,pre_launch_wishlist_rank,2026-08-17,-2,941,ok,2026-08-17T02:45:10.258Z
4132330,Pizza House Simulator🍕,2026-08-19,pre_launch_wishlist_rank,2026-08-18,-1,899,ok,2026-08-18T02:39:27.140Z
4132330,Pizza House Simulator🍕,2026-08-19,post_launch_reviews_total,2026-08-19,0,0,ok,2026-08-19T02:42:36.358Z
4132330,Pizza House Simulator🍕,2026-08-19,post_launch_reviews_total,2026-08-20,1,,not_collected,
4132330,Pizza House Simulator🍕,2026-08-19,post_launch_reviews_total,2026-08-21,2,,not_collected,
4132330,Pizza House Simulator🍕,2026-08-19,post_launch_reviews_total,2026-08-22,3,,not_collected,
4132330,Pizza House Simulator🍕,2026-08-19,post_launch_reviews_total,2026-08-23,4,,not_collected,
4132330,Pizza House Simulator🍕,2026-08-19,post_launch_reviews_total,2026-08-24,5,,not_collected,
4132330,Pizza House Simulator🍕,2026-08-19,post_launch_reviews_total,2026-08-25,6,,not_collected,
4132330,Pizza House Simulator🍕,2026-08-19,post_launch_reviews_total,2026-08-26,7,,not_collected,
2238400,PizzaBoy,2026-08-14,pre_launch_wishlist_rank,2026-08-07,-7,,not_in_captured_wishlist_ranking,
2238400,PizzaBoy,2026-08-14,pre_launch_wishlist_rank,2026-08-08,-6,,not_in_captured_wishlist_ranking,
2238400,PizzaBoy,2026-08-14,pre_launch_wishlist_rank,2026-08-09,-5,,not_in_captured_wishlist_ranking,
2238400,PizzaBoy,2026-08-14,pre_launch_wishlist_rank,2026-08-10,-4,,not_in_captured_wishlist_ranking,
2238400,PizzaBoy,2026-08-14,pre_launch_wishlist_rank,2026-08-11,-3,,not_in_captured_wishlist_ranking,
2238400,PizzaBoy,2026-08-14,pre_launch_wishlist_rank,2026-08-12,-2,,not_in_captured_wishlist_ranking,
2238400,PizzaBoy,2026-08-14,pre_launch_wishlist_rank,2026-08-13,-1,,not_in_captured_wishlist_ranking,
2238400,PizzaBoy,2026-08-14,post_launch_reviews_total,2026-08-14,0,0,ok,2026-08-14T03:41:13.555Z
2238400,PizzaBoy,2026-08-14,post_launch_reviews_total,2026-08-15,1,,not_collected,
2238400,PizzaBoy,2026-08-14,post_launch_reviews_total,2026-08-16,2,,not_collected,
2238400,PizzaBoy,2026-08-14,post_launch_reviews_total,2026-08-17,3,,not_collected,
2238400,PizzaBoy,2026-08-14,post_launch_reviews_total,2026-08-18,4,,not_collected,
2238400,PizzaBoy,2026-08-14,post_launch_reviews_total,2026-08-19,5,,not_collected,
2238400,PizzaBoy,2026-08-14,post_launch_reviews_total,2026-08-20,6,,not_collected,
2238400,PizzaBoy,2026-08-14,post_launch_reviews_total,2026-08-21,7,,not_collected,
1470810,Plushy Store Tidy Up,2026-09-01,pre_launch_wishlist_rank,2026-08-25,-7,,not_in_captured_wishlist_ranking,
1470810,Plushy Store Tidy Up,2026-09-01,pre_launch_wishlist_rank,2026-08-26,-6,,not_in_captured_wishlist_ranking,
1470810,Plushy Store Tidy Up,2026-09-01,pre_launch_wishlist_rank,2026-08-27,-5,,not_in_captured_wishlist_ranking,
1470810,Plushy Store Tidy Up,2026-09-01,pre_launch_wishlist_rank,2026-08-28,-4,,not_in_captured_wishlist_ranking,
1470810,Plushy Store Tidy Up,2026-09-01,pre_launch_wishlist_rank,2026-08-29,-3,,not_in_captured_wishlist_ranking,
1470810,Plushy Store Tidy Up,2026-09-01,pre_launch_wishlist_rank,2026-08-30,-2,,not_in_captured_wishlist_ranking,
1470810,Plushy Store Tidy Up,2026-09-01,pre_launch_wishlist_rank,2026-08-31,-1,,not_in_captured_wishlist_ranking,
1470810,Plushy Store Tidy Up,2026-09-01,post_launch_reviews_total,2026-09-01,0,0,ok,2026-09-01T06:43:33.167Z
1470810,Plushy Store Tidy Up,2026-09-01,post_launch_reviews_total,2026-09-02,1,,not_collected,
1470810,Plushy Store Tidy Up,2026-09-01,post_launch_reviews_total,2026-09-03,2,,not_collected,
1470810,Plushy Store Tidy Up,2026-09-01,post_launch_reviews_total,2026-09-04,3,,not_collected,
1470810,Plushy Store Tidy Up,2026-09-01,post_launch_reviews_total,2026-09-05,4,,not_collected,
1470810,Plushy Store Tidy Up,2026-09-01,post_launch_reviews_total,2026-09-06,5,,not_collected,
1470810,Plushy Store Tidy Up,2026-09-01,post_launch_reviews_total,2026-09-07,6,,not_collected,
1470810,Plushy Store Tidy Up,2026-09-01,post_launch_reviews_total,2026-09-08,7,,not_collected,
4851300,Pocket Pond,2026-07-08,pre_launch_wishlist_rank,2026-07-01,-7,,not_collected,
4851300,Pocket Pond,2026-07-08,pre_launch_wishlist_rank,2026-07-02,-6,,not_collected,
4851300,Pocket Pond,2026-07-08,pre_launch_wishlist_rank,2026-07-03,-5,,not_in_captured_wishlist_ranking,
4851300,Pocket Pond,2026-07-08,pre_launch_wishlist_rank,2026-07-04,-4,,not_in_captured_wishlist_ranking,
4851300,Pocket Pond,2026-07-08,pre_launch_wishlist_rank,2026-07-05,-3,,not_in_captured_wishlist_ranking,
4851300,Pocket Pond,2026-07-08,pre_launch_wishlist_rank,2026-07-06,-2,,not_in_captured_wishlist_ranking,
4851300,Pocket Pond,2026-07-08,pre_launch_wishlist_rank,2026-07-07,-1,,not_in_captured_wishlist_ranking,
4851300,Pocket Pond,2026-07-08,post_launch_reviews_total,2026-07-08,0,0,ok,2026-07-08T04:50:41.299Z
4851300,Pocket Pond,2026-07-08,post_launch_reviews_total,2026-07-09,1,,not_collected,
4851300,Pocket Pond,2026-07-08,post_launch_reviews_total,2026-07-10,2,,not_collected,
4851300,Pocket Pond,2026-07-08,post_launch_reviews_total,2026-07-11,3,,not_collected,
4851300,Pocket Pond,2026-07-08,post_launch_reviews_total,2026-07-12,4,,not_collected,
4851300,Pocket Pond,2026-07-08,post_launch_reviews_total,2026-07-13,5,,not_collected,
4851300,Pocket Pond,2026-07-08,post_launch_reviews_total,2026-07-14,6,,not_collected,
4851300,Pocket Pond,2026-07-08,post_launch_reviews_total,2026-07-15,7,,not_collected,
4281060,Police Officer,2026-08-26,pre_launch_wishlist_rank,2026-08-19,-7,1810,ok,2026-08-19T02:42:36.358Z
4281060,Police Officer,2026-08-26,pre_launch_wishlist_rank,2026-08-20,-6,1773,ok,2026-08-20T02:40:42.136Z
4281060,Police Officer,2026-08-26,pre_launch_wishlist_rank,2026-08-21,-5,1720,ok,2026-08-21T02:47:33.763Z
4281060,Police Officer,2026-08-26,pre_launch_wishlist_rank,2026-08-22,-4,1688,ok,2026-08-22T02:38:05.157Z
4281060,Police Officer,2026-08-26,pre_launch_wishlist_rank,2026-08-23,-3,1651,ok,2026-08-23T02:47:54.993Z
4281060,Police Officer,2026-08-26,pre_launch_wishlist_rank,2026-08-24,-2,1576,ok,2026-08-24T02:48:36.097Z
4281060,Police Officer,2026-08-26,pre_launch_wishlist_rank,2026-08-25,-1,1523,ok,2026-08-25T02:42:46.392Z
4281060,Police Officer,2026-08-26,post_launch_reviews_total,2026-08-26,0,0,ok,2026-08-26T02:50:15.789Z
4281060,Police Officer,2026-08-26,post_launch_reviews_total,2026-08-27,1,,not_collected,
4281060,Police Officer,2026-08-26,post_launch_reviews_total,2026-08-28,2,,not_collected,
4281060,Police Officer,2026-08-26,post_launch_reviews_total,2026-08-29,3,,not_collected,
4281060,Police Officer,2026-08-26,post_launch_reviews_total,2026-08-30,4,,not_collected,
4281060,Police Officer,2026-08-26,post_launch_reviews_total,2026-08-31,5,,not_collected,
4281060,Police Officer,2026-08-26,post_launch_reviews_total,2026-09-01,6,,not_collected,
4281060,Police Officer,2026-08-26,post_launch_reviews_total,2026-09-02,7,,not_collected,
4963920,Porthole - Local Port Sharing,2026-08-03,pre_launch_wishlist_rank,2026-07-27,-7,,not_in_captured_wishlist_ranking,
4963920,Porthole - Local Port Sharing,2026-08-03,pre_launch_wishlist_rank,2026-07-28,-6,,not_in_captured_wishlist_ranking,
4963920,Porthole - Local Port Sharing,2026-08-03,pre_launch_wishlist_rank,2026-07-29,-5,1975,ok,2026-07-29T04:50:58.767Z
4963920,Porthole - Local Port Sharing,2026-08-03,pre_launch_wishlist_rank,2026-07-30,-4,1942,ok,2026-07-30T04:38:29.620Z
4963920,Porthole - Local Port Sharing,2026-08-03,pre_launch_wishlist_rank,2026-07-31,-3,1914,ok,2026-07-31T05:04:54.532Z
4963920,Porthole - Local Port Sharing,2026-08-03,pre_launch_wishlist_rank,2026-08-01,-2,1889,ok,2026-08-01T04:58:14.130Z
4963920,Porthole - Local Port Sharing,2026-08-03,pre_launch_wishlist_rank,2026-08-02,-1,1862,ok,2026-08-02T04:58:24.052Z
4963920,Porthole - Local Port Sharing,2026-08-03,post_launch_reviews_total,2026-08-03,0,0,ok,2026-08-03T05:07:42.912Z
4963920,Porthole - Local Port Sharing,2026-08-03,post_launch_reviews_total,2026-08-04,1,,not_collected,
4963920,Porthole - Local Port Sharing,2026-08-03,post_launch_reviews_total,2026-08-05,2,,not_collected,
4963920,Porthole - Local Port Sharing,2026-08-03,post_launch_reviews_total,2026-08-06,3,,not_collected,
4963920,Porthole - Local Port Sharing,2026-08-03,post_launch_reviews_total,2026-08-07,4,,not_collected,
4963920,Porthole - Local Port Sharing,2026-08-03,post_launch_reviews_total,2026-08-08,5,,not_collected,
4963920,Porthole - Local Port Sharing,2026-08-03,post_launch_reviews_total,2026-08-09,6,,not_collected,
4963920,Porthole - Local Port Sharing,2026-08-03,post_launch_reviews_total,2026-08-10,7,,not_collected,
4914600,Pot's On!,2026-07-31,pre_launch_wishlist_rank,2026-07-24,-7,,not_in_captured_wishlist_ranking,
4914600,Pot's On!,2026-07-31,pre_launch_wishlist_rank,2026-07-25,-6,,not_in_captured_wishlist_ranking,
4914600,Pot's On!,2026-07-31,pre_launch_wishlist_rank,2026-07-26,-5,,not_in_captured_wishlist_ranking,
4914600,Pot's On!,2026-07-31,pre_launch_wishlist_rank,2026-07-27,-4,,not_in_captured_wishlist_ranking,
4914600,Pot's On!,2026-07-31,pre_launch_wishlist_rank,2026-07-28,-3,,not_in_captured_wishlist_ranking,
4914600,Pot's On!,2026-07-31,pre_launch_wishlist_rank,2026-07-29,-2,,not_in_captured_wishlist_ranking,
4914600,Pot's On!,2026-07-31,pre_launch_wishlist_rank,2026-07-30,-1,,not_in_captured_wishlist_ranking,
4914600,Pot's On!,2026-07-31,post_launch_reviews_total,2026-07-31,0,0,ok,2026-07-31T05:04:54.532Z
4914600,Pot's On!,2026-07-31,post_launch_reviews_total,2026-08-01,1,,not_collected,
4914600,Pot's On!,2026-07-31,post_launch_reviews_total,2026-08-02,2,,not_collected,
4914600,Pot's On!,2026-07-31,post_launch_reviews_total,2026-08-03,3,,not_collected,
4914600,Pot's On!,2026-07-31,post_launch_reviews_total,2026-08-04,4,,not_collected,
4914600,Pot's On!,2026-07-31,post_launch_reviews_total,2026-08-05,5,,not_collected,
4914600,Pot's On!,2026-07-31,post_launch_reviews_total,2026-08-06,6,,not_collected,
4914600,Pot's On!,2026-07-31,post_launch_reviews_total,2026-08-07,7,,not_collected,
3010280,Powerplay,2026-07-29,pre_launch_wishlist_rank,2026-07-22,-7,,not_in_captured_wishlist_ranking,
3010280,Powerplay,2026-07-29,pre_launch_wishlist_rank,2026-07-23,-6,,not_in_captured_wishlist_ranking,
3010280,Powerplay,2026-07-29,pre_launch_wishlist_rank,2026-07-24,-5,,not_in_captured_wishlist_ranking,
3010280,Powerplay,2026-07-29,pre_launch_wishlist_rank,2026-07-25,-4,1995,ok,2026-07-25T04:47:58.982Z
3010280,Powerplay,2026-07-29,pre_launch_wishlist_rank,2026-07-26,-3,1951,ok,2026-07-26T05:02:25.100Z
3010280,Powerplay,2026-07-29,pre_launch_wishlist_rank,2026-07-27,-2,1848,ok,2026-07-27T05:28:24.621Z
3010280,Powerplay,2026-07-29,pre_launch_wishlist_rank,2026-07-28,-1,1751,ok,2026-07-28T04:45:52.627Z
3010280,Powerplay,2026-07-29,post_launch_reviews_total,2026-07-29,0,0,ok,2026-07-29T04:50:58.767Z
3010280,Powerplay,2026-07-29,post_launch_reviews_total,2026-07-30,1,,not_collected,
3010280,Powerplay,2026-07-29,post_launch_reviews_total,2026-07-31,2,,not_collected,
3010280,Powerplay,2026-07-29,post_launch_reviews_total,2026-08-01,3,,not_collected,
3010280,Powerplay,2026-07-29,post_launch_reviews_total,2026-08-02,4,,not_collected,
3010280,Powerplay,2026-07-29,post_launch_reviews_total,2026-08-03,5,,not_collected,
3010280,Powerplay,2026-07-29,post_launch_reviews_total,2026-08-04,6,,not_collected,
3010280,Powerplay,2026-07-29,post_launch_reviews_total,2026-08-05,7,,not_collected,
4229450,PowerWash Simulator 2 - STAR WARS Pack,2026-07-16,pre_launch_wishlist_rank,2026-07-09,-7,1008,ok,2026-07-09T05:46:21.155Z
4229450,PowerWash Simulator 2 - STAR WARS Pack,2026-07-16,pre_launch_wishlist_rank,2026-07-10,-6,1000,ok,2026-07-10T05:43:57.377Z
4229450,PowerWash Simulator 2 - STAR WARS Pack,2026-07-16,pre_launch_wishlist_rank,2026-07-11,-5,992,ok,2026-07-11T04:45:57.358Z
4229450,PowerWash Simulator 2 - STAR WARS Pack,2026-07-16,pre_launch_wishlist_rank,2026-07-12,-4,985,ok,2026-07-12T04:57:39.930Z
4229450,PowerWash Simulator 2 - STAR WARS Pack,2026-07-16,pre_launch_wishlist_rank,2026-07-13,-3,978,ok,2026-07-13T05:04:37.802Z
4229450,PowerWash Simulator 2 - STAR WARS Pack,2026-07-16,pre_launch_wishlist_rank,2026-07-14,-2,974,ok,2026-07-14T04:32:48.120Z
4229450,PowerWash Simulator 2 - STAR WARS Pack,2026-07-16,pre_launch_wishlist_rank,2026-07-15,-1,968,ok,2026-07-15T04:32:45.763Z
4229450,PowerWash Simulator 2 - STAR WARS Pack,2026-07-16,post_launch_reviews_total,2026-07-16,0,0,ok,2026-07-16T04:42:31.378Z
4229450,PowerWash Simulator 2 - STAR WARS Pack,2026-07-16,post_launch_reviews_total,2026-07-17,1,,not_collected,
4229450,PowerWash Simulator 2 - STAR WARS Pack,2026-07-16,post_launch_reviews_total,2026-07-18,2,,not_collected,
4229450,PowerWash Simulator 2 - STAR WARS Pack,2026-07-16,post_launch_reviews_total,2026-07-19,3,,not_collected,
4229450,PowerWash Simulator 2 - STAR WARS Pack,2026-07-16,post_launch_reviews_total,2026-07-20,4,,not_collected,
4229450,PowerWash Simulator 2 - STAR WARS Pack,2026-07-16,post_launch_reviews_total,2026-07-21,5,,not_collected,
4229450,PowerWash Simulator 2 - STAR WARS Pack,2026-07-16,post_launch_reviews_total,2026-07-22,6,,not_collected,
4229450,PowerWash Simulator 2 - STAR WARS Pack,2026-07-16,post_launch_reviews_total,2026-07-23,7,,not_collected,
2479090,Prelude Dark Pain,2026-07-27,pre_launch_wishlist_rank,2026-07-20,-7,558,ok,2026-07-20T05:09:45.900Z
2479090,Prelude Dark Pain,2026-07-27,pre_launch_wishlist_rank,2026-07-21,-6,544,ok,2026-07-21T04:50:39.944Z
2479090,Prelude Dark Pain,2026-07-27,pre_launch_wishlist_rank,2026-07-22,-5,535,ok,2026-07-22T04:50:32.272Z
2479090,Prelude Dark Pain,2026-07-27,pre_launch_wishlist_rank,2026-07-23,-4,526,ok,2026-07-23T04:56:12.842Z
2479090,Prelude Dark Pain,2026-07-27,pre_launch_wishlist_rank,2026-07-24,-3,517,ok,2026-07-24T04:51:55.902Z
2479090,Prelude Dark Pain,2026-07-27,pre_launch_wishlist_rank,2026-07-25,-2,511,ok,2026-07-25T04:47:58.982Z
2479090,Prelude Dark Pain,2026-07-27,pre_launch_wishlist_rank,2026-07-26,-1,501,ok,2026-07-26T05:02:25.100Z
2479090,Prelude Dark Pain,2026-07-27,post_launch_reviews_total,2026-07-27,0,0,ok,2026-07-27T05:28:24.621Z
2479090,Prelude Dark Pain,2026-07-27,post_launch_reviews_total,2026-07-28,1,,not_collected,
2479090,Prelude Dark Pain,2026-07-27,post_launch_reviews_total,2026-07-29,2,,not_collected,
2479090,Prelude Dark Pain,2026-07-27,post_launch_reviews_total,2026-07-30,3,,not_collected,
2479090,Prelude Dark Pain,2026-07-27,post_launch_reviews_total,2026-07-31,4,,not_collected,
2479090,Prelude Dark Pain,2026-07-27,post_launch_reviews_total,2026-08-01,5,,not_collected,
2479090,Prelude Dark Pain,2026-07-27,post_launch_reviews_total,2026-08-02,6,,not_collected,
2479090,Prelude Dark Pain,2026-07-27,post_launch_reviews_total,2026-08-03,7,,not_collected,
4386980,Pro Soccer Manager 27,2026-08-28,pre_launch_wishlist_rank,2026-08-21,-7,,not_in_captured_wishlist_ranking,
4386980,Pro Soccer Manager 27,2026-08-28,pre_launch_wishlist_rank,2026-08-22,-6,,not_in_captured_wishlist_ranking,
4386980,Pro Soccer Manager 27,2026-08-28,pre_launch_wishlist_rank,2026-08-23,-5,,not_in_captured_wishlist_ranking,
4386980,Pro Soccer Manager 27,2026-08-28,pre_launch_wishlist_rank,2026-08-24,-4,,not_in_captured_wishlist_ranking,
4386980,Pro Soccer Manager 27,2026-08-28,pre_launch_wishlist_rank,2026-08-25,-3,,not_in_captured_wishlist_ranking,
4386980,Pro Soccer Manager 27,2026-08-28,pre_launch_wishlist_rank,2026-08-26,-2,,not_in_captured_wishlist_ranking,
4386980,Pro Soccer Manager 27,2026-08-28,pre_launch_wishlist_rank,2026-08-27,-1,,not_in_captured_wishlist_ranking,
4386980,Pro Soccer Manager 27,2026-08-28,post_launch_reviews_total,2026-08-28,0,0,ok,2026-08-28T13:19:41.332Z
4386980,Pro Soccer Manager 27,2026-08-28,post_launch_reviews_total,2026-08-29,1,,not_collected,
4386980,Pro Soccer Manager 27,2026-08-28,post_launch_reviews_total,2026-08-30,2,,not_collected,
4386980,Pro Soccer Manager 27,2026-08-28,post_launch_reviews_total,2026-08-31,3,,not_collected,
4386980,Pro Soccer Manager 27,2026-08-28,post_launch_reviews_total,2026-09-01,4,,not_collected,
4386980,Pro Soccer Manager 27,2026-08-28,post_launch_reviews_total,2026-09-02,5,,not_collected,
4386980,Pro Soccer Manager 27,2026-08-28,post_launch_reviews_total,2026-09-03,6,,not_collected,
4386980,Pro Soccer Manager 27,2026-08-28,post_launch_reviews_total,2026-09-04,7,,not_collected,
4026250,Project P.I.T.T.,2026-08-19,pre_launch_wishlist_rank,2026-08-12,-7,680,ok,2026-08-12T03:40:42.315Z
4026250,Project P.I.T.T.,2026-08-19,pre_launch_wishlist_rank,2026-08-13,-6,669,ok,2026-08-13T03:51:51.678Z
4026250,Project P.I.T.T.,2026-08-19,pre_launch_wishlist_rank,2026-08-14,-5,649,ok,2026-08-14T03:41:13.555Z
4026250,Project P.I.T.T.,2026-08-19,pre_launch_wishlist_rank,2026-08-15,-4,637,ok,2026-08-15T02:36:13.648Z
4026250,Project P.I.T.T.,2026-08-19,pre_launch_wishlist_rank,2026-08-16,-3,619,ok,2026-08-16T02:45:28.861Z
4026250,Project P.I.T.T.,2026-08-19,pre_launch_wishlist_rank,2026-08-17,-2,588,ok,2026-08-17T02:45:10.258Z
4026250,Project P.I.T.T.,2026-08-19,pre_launch_wishlist_rank,2026-08-18,-1,565,ok,2026-08-18T02:39:27.140Z
4026250,Project P.I.T.T.,2026-08-19,post_launch_reviews_total,2026-08-19,0,0,ok,2026-08-19T02:42:36.358Z
4026250,Project P.I.T.T.,2026-08-19,post_launch_reviews_total,2026-08-20,1,,not_collected,
4026250,Project P.I.T.T.,2026-08-19,post_launch_reviews_total,2026-08-21,2,,not_collected,
4026250,Project P.I.T.T.,2026-08-19,post_launch_reviews_total,2026-08-22,3,,not_collected,
4026250,Project P.I.T.T.,2026-08-19,post_launch_reviews_total,2026-08-23,4,,not_collected,
4026250,Project P.I.T.T.,2026-08-19,post_launch_reviews_total,2026-08-24,5,,not_collected,
4026250,Project P.I.T.T.,2026-08-19,post_launch_reviews_total,2026-08-25,6,,not_collected,
4026250,Project P.I.T.T.,2026-08-19,post_launch_reviews_total,2026-08-26,7,,not_collected,
4588010,PROJECT: OJISAN,2026-07-06,pre_launch_wishlist_rank,2026-06-29,-7,,not_collected,
4588010,PROJECT: OJISAN,2026-07-06,pre_launch_wishlist_rank,2026-06-30,-6,,not_collected,
4588010,PROJECT: OJISAN,2026-07-06,pre_launch_wishlist_rank,2026-07-01,-5,,not_collected,
4588010,PROJECT: OJISAN,2026-07-06,pre_launch_wishlist_rank,2026-07-02,-4,,not_collected,
4588010,PROJECT: OJISAN,2026-07-06,pre_launch_wishlist_rank,2026-07-03,-3,,not_in_captured_wishlist_ranking,
4588010,PROJECT: OJISAN,2026-07-06,pre_launch_wishlist_rank,2026-07-04,-2,,not_in_captured_wishlist_ranking,
4588010,PROJECT: OJISAN,2026-07-06,pre_launch_wishlist_rank,2026-07-05,-1,,not_in_captured_wishlist_ranking,
4588010,PROJECT: OJISAN,2026-07-06,post_launch_reviews_total,2026-07-06,0,,not_collected,
4588010,PROJECT: OJISAN,2026-07-06,post_launch_reviews_total,2026-07-07,1,0,ok,2026-07-07T05:48:04.813Z
4588010,PROJECT: OJISAN,2026-07-06,post_launch_reviews_total,2026-07-08,2,,not_collected,
4588010,PROJECT: OJISAN,2026-07-06,post_launch_reviews_total,2026-07-09,3,,not_collected,
4588010,PROJECT: OJISAN,2026-07-06,post_launch_reviews_total,2026-07-10,4,,not_collected,
4588010,PROJECT: OJISAN,2026-07-06,post_launch_reviews_total,2026-07-11,5,,not_collected,
4588010,PROJECT: OJISAN,2026-07-06,post_launch_reviews_total,2026-07-12,6,,not_collected,
4588010,PROJECT: OJISAN,2026-07-06,post_launch_reviews_total,2026-07-13,7,,not_collected,
4386340,Quarantine Market Simulator,2026-07-10,pre_launch_wishlist_rank,2026-07-03,-7,,not_in_captured_wishlist_ranking,
4386340,Quarantine Market Simulator,2026-07-10,pre_launch_wishlist_rank,2026-07-04,-6,,not_in_captured_wishlist_ranking,
4386340,Quarantine Market Simulator,2026-07-10,pre_launch_wishlist_rank,2026-07-05,-5,,not_in_captured_wishlist_ranking,
4386340,Quarantine Market Simulator,2026-07-10,pre_launch_wishlist_rank,2026-07-06,-4,,not_in_captured_wishlist_ranking,
4386340,Quarantine Market Simulator,2026-07-10,pre_launch_wishlist_rank,2026-07-07,-3,,not_in_captured_wishlist_ranking,
4386340,Quarantine Market Simulator,2026-07-10,pre_launch_wishlist_rank,2026-07-08,-2,,not_in_captured_wishlist_ranking,
4386340,Quarantine Market Simulator,2026-07-10,pre_launch_wishlist_rank,2026-07-09,-1,,not_in_captured_wishlist_ranking,
4386340,Quarantine Market Simulator,2026-07-10,post_launch_reviews_total,2026-07-10,0,0,ok,2026-07-10T05:43:57.377Z
4386340,Quarantine Market Simulator,2026-07-10,post_launch_reviews_total,2026-07-11,1,,not_collected,
4386340,Quarantine Market Simulator,2026-07-10,post_launch_reviews_total,2026-07-12,2,,not_collected,
4386340,Quarantine Market Simulator,2026-07-10,post_launch_reviews_total,2026-07-13,3,,not_collected,
4386340,Quarantine Market Simulator,2026-07-10,post_launch_reviews_total,2026-07-14,4,,not_collected,
4386340,Quarantine Market Simulator,2026-07-10,post_launch_reviews_total,2026-07-15,5,,not_collected,
4386340,Quarantine Market Simulator,2026-07-10,post_launch_reviews_total,2026-07-16,6,,not_collected,
4386340,Quarantine Market Simulator,2026-07-10,post_launch_reviews_total,2026-07-17,7,,not_collected,
4411570,Quarantine Zombies - Prologue,2026-08-05,pre_launch_wishlist_rank,2026-07-29,-7,,not_in_captured_wishlist_ranking,
4411570,Quarantine Zombies - Prologue,2026-08-05,pre_launch_wishlist_rank,2026-07-30,-6,,not_in_captured_wishlist_ranking,
4411570,Quarantine Zombies - Prologue,2026-08-05,pre_launch_wishlist_rank,2026-07-31,-5,,not_in_captured_wishlist_ranking,
4411570,Quarantine Zombies - Prologue,2026-08-05,pre_launch_wishlist_rank,2026-08-01,-4,,not_in_captured_wishlist_ranking,
4411570,Quarantine Zombies - Prologue,2026-08-05,pre_launch_wishlist_rank,2026-08-02,-3,,not_in_captured_wishlist_ranking,
4411570,Quarantine Zombies - Prologue,2026-08-05,pre_launch_wishlist_rank,2026-08-03,-2,,not_in_captured_wishlist_ranking,
4411570,Quarantine Zombies - Prologue,2026-08-05,pre_launch_wishlist_rank,2026-08-04,-1,,not_in_captured_wishlist_ranking,
4411570,Quarantine Zombies - Prologue,2026-08-05,post_launch_reviews_total,2026-08-05,0,0,ok,2026-08-05T04:46:35.103Z
4411570,Quarantine Zombies - Prologue,2026-08-05,post_launch_reviews_total,2026-08-06,1,,not_collected,
4411570,Quarantine Zombies - Prologue,2026-08-05,post_launch_reviews_total,2026-08-07,2,,not_collected,
4411570,Quarantine Zombies - Prologue,2026-08-05,post_launch_reviews_total,2026-08-08,3,,not_collected,
4411570,Quarantine Zombies - Prologue,2026-08-05,post_launch_reviews_total,2026-08-09,4,,not_collected,
4411570,Quarantine Zombies - Prologue,2026-08-05,post_launch_reviews_total,2026-08-10,5,,not_collected,
4411570,Quarantine Zombies - Prologue,2026-08-05,post_launch_reviews_total,2026-08-11,6,,not_collected,
4411570,Quarantine Zombies - Prologue,2026-08-05,post_launch_reviews_total,2026-08-12,7,,not_collected,
4212480,Ragnarok: The New World,2026-07-27,pre_launch_wishlist_rank,2026-07-20,-7,545,ok,2026-07-20T05:09:45.900Z
4212480,Ragnarok: The New World,2026-07-27,pre_launch_wishlist_rank,2026-07-21,-6,536,ok,2026-07-21T04:50:39.944Z
4212480,Ragnarok: The New World,2026-07-27,pre_launch_wishlist_rank,2026-07-22,-5,530,ok,2026-07-22T04:50:32.272Z
4212480,Ragnarok: The New World,2026-07-27,pre_launch_wishlist_rank,2026-07-23,-4,517,ok,2026-07-23T04:56:12.842Z
4212480,Ragnarok: The New World,2026-07-27,pre_launch_wishlist_rank,2026-07-24,-3,505,ok,2026-07-24T04:51:55.902Z
4212480,Ragnarok: The New World,2026-07-27,pre_launch_wishlist_rank,2026-07-25,-2,495,ok,2026-07-25T04:47:58.982Z
4212480,Ragnarok: The New World,2026-07-27,pre_launch_wishlist_rank,2026-07-26,-1,479,ok,2026-07-26T05:02:25.100Z
4212480,Ragnarok: The New World,2026-07-27,post_launch_reviews_total,2026-07-27,0,0,ok,2026-07-27T05:28:24.621Z
4212480,Ragnarok: The New World,2026-07-27,post_launch_reviews_total,2026-07-28,1,,not_collected,
4212480,Ragnarok: The New World,2026-07-27,post_launch_reviews_total,2026-07-29,2,,not_collected,
4212480,Ragnarok: The New World,2026-07-27,post_launch_reviews_total,2026-07-30,3,,not_collected,
4212480,Ragnarok: The New World,2026-07-27,post_launch_reviews_total,2026-07-31,4,,not_collected,
4212480,Ragnarok: The New World,2026-07-27,post_launch_reviews_total,2026-08-01,5,,not_collected,
4212480,Ragnarok: The New World,2026-07-27,post_launch_reviews_total,2026-08-02,6,,not_collected,
4212480,Ragnarok: The New World,2026-07-27,post_launch_reviews_total,2026-08-03,7,,not_collected,
3962040,Ranchbound,2026-08-05,pre_launch_wishlist_rank,2026-07-29,-7,,not_in_captured_wishlist_ranking,
3962040,Ranchbound,2026-08-05,pre_launch_wishlist_rank,2026-07-30,-6,,not_in_captured_wishlist_ranking,
3962040,Ranchbound,2026-08-05,pre_launch_wishlist_rank,2026-07-31,-5,,not_in_captured_wishlist_ranking,
3962040,Ranchbound,2026-08-05,pre_launch_wishlist_rank,2026-08-01,-4,,not_in_captured_wishlist_ranking,
3962040,Ranchbound,2026-08-05,pre_launch_wishlist_rank,2026-08-02,-3,,not_in_captured_wishlist_ranking,
3962040,Ranchbound,2026-08-05,pre_launch_wishlist_rank,2026-08-03,-2,,not_in_captured_wishlist_ranking,
3962040,Ranchbound,2026-08-05,pre_launch_wishlist_rank,2026-08-04,-1,,not_in_captured_wishlist_ranking,
3962040,Ranchbound,2026-08-05,post_launch_reviews_total,2026-08-05,0,0,ok,2026-08-05T04:46:35.103Z
3962040,Ranchbound,2026-08-05,post_launch_reviews_total,2026-08-06,1,,not_collected,
3962040,Ranchbound,2026-08-05,post_launch_reviews_total,2026-08-07,2,,not_collected,
3962040,Ranchbound,2026-08-05,post_launch_reviews_total,2026-08-08,3,,not_collected,
3962040,Ranchbound,2026-08-05,post_launch_reviews_total,2026-08-09,4,,not_collected,
3962040,Ranchbound,2026-08-05,post_launch_reviews_total,2026-08-10,5,,not_collected,
3962040,Ranchbound,2026-08-05,post_launch_reviews_total,2026-08-11,6,,not_collected,
3962040,Ranchbound,2026-08-05,post_launch_reviews_total,2026-08-12,7,,not_collected,
2665250,Rancher: A new life,2026-08-06,pre_launch_wishlist_rank,2026-07-30,-7,1164,ok,2026-07-30T04:38:29.620Z
2665250,Rancher: A new life,2026-08-06,pre_launch_wishlist_rank,2026-07-31,-6,1159,ok,2026-07-31T05:04:54.532Z
2665250,Rancher: A new life,2026-08-06,pre_launch_wishlist_rank,2026-08-01,-5,1151,ok,2026-08-01T04:58:14.130Z
2665250,Rancher: A new life,2026-08-06,pre_launch_wishlist_rank,2026-08-02,-4,1128,ok,2026-08-02T04:58:24.052Z
2665250,Rancher: A new life,2026-08-06,pre_launch_wishlist_rank,2026-08-03,-3,1080,ok,2026-08-03T05:07:42.912Z
2665250,Rancher: A new life,2026-08-06,pre_launch_wishlist_rank,2026-08-04,-2,1033,ok,2026-08-04T04:47:02.633Z
2665250,Rancher: A new life,2026-08-06,pre_launch_wishlist_rank,2026-08-05,-1,1008,ok,2026-08-05T04:46:35.103Z
2665250,Rancher: A new life,2026-08-06,post_launch_reviews_total,2026-08-06,0,0,ok,2026-08-06T04:47:09.485Z
2665250,Rancher: A new life,2026-08-06,post_launch_reviews_total,2026-08-07,1,,not_collected,
2665250,Rancher: A new life,2026-08-06,post_launch_reviews_total,2026-08-08,2,,not_collected,
2665250,Rancher: A new life,2026-08-06,post_launch_reviews_total,2026-08-09,3,,not_collected,
2665250,Rancher: A new life,2026-08-06,post_launch_reviews_total,2026-08-10,4,,not_collected,
2665250,Rancher: A new life,2026-08-06,post_launch_reviews_total,2026-08-11,5,,not_collected,
2665250,Rancher: A new life,2026-08-06,post_launch_reviews_total,2026-08-12,6,,not_collected,
2665250,Rancher: A new life,2026-08-06,post_launch_reviews_total,2026-08-13,7,,not_collected,
4540330,Re:Born Isekai Company,2026-07-05,pre_launch_wishlist_rank,2026-06-28,-7,,not_collected,
4540330,Re:Born Isekai Company,2026-07-05,pre_launch_wishlist_rank,2026-06-29,-6,,not_collected,
4540330,Re:Born Isekai Company,2026-07-05,pre_launch_wishlist_rank,2026-06-30,-5,,not_collected,
4540330,Re:Born Isekai Company,2026-07-05,pre_launch_wishlist_rank,2026-07-01,-4,,not_collected,
4540330,Re:Born Isekai Company,2026-07-05,pre_launch_wishlist_rank,2026-07-02,-3,,not_collected,
4540330,Re:Born Isekai Company,2026-07-05,pre_launch_wishlist_rank,2026-07-03,-2,,not_in_captured_wishlist_ranking,
4540330,Re:Born Isekai Company,2026-07-05,pre_launch_wishlist_rank,2026-07-04,-1,,not_in_captured_wishlist_ranking,
4540330,Re:Born Isekai Company,2026-07-05,post_launch_reviews_total,2026-07-05,0,0,ok,2026-07-05T05:38:17.292Z
4540330,Re:Born Isekai Company,2026-07-05,post_launch_reviews_total,2026-07-06,1,,not_collected,
4540330,Re:Born Isekai Company,2026-07-05,post_launch_reviews_total,2026-07-07,2,,not_collected,
4540330,Re:Born Isekai Company,2026-07-05,post_launch_reviews_total,2026-07-08,3,,not_collected,
4540330,Re:Born Isekai Company,2026-07-05,post_launch_reviews_total,2026-07-09,4,,not_collected,
4540330,Re:Born Isekai Company,2026-07-05,post_launch_reviews_total,2026-07-10,5,,not_collected,
4540330,Re:Born Isekai Company,2026-07-05,post_launch_reviews_total,2026-07-11,6,,not_collected,
4540330,Re:Born Isekai Company,2026-07-05,post_launch_reviews_total,2026-07-12,7,,not_collected,
4824610,Resident Evil Veronica,2027-01-01,pre_launch_wishlist_rank,2026-12-25,-7,,not_collected,
4824610,Resident Evil Veronica,2027-01-01,pre_launch_wishlist_rank,2026-12-26,-6,,not_collected,
4824610,Resident Evil Veronica,2027-01-01,pre_launch_wishlist_rank,2026-12-27,-5,,not_collected,
4824610,Resident Evil Veronica,2027-01-01,pre_launch_wishlist_rank,2026-12-28,-4,,not_collected,
4824610,Resident Evil Veronica,2027-01-01,pre_launch_wishlist_rank,2026-12-29,-3,,not_collected,
4824610,Resident Evil Veronica,2027-01-01,pre_launch_wishlist_rank,2026-12-30,-2,,not_collected,
4824610,Resident Evil Veronica,2027-01-01,pre_launch_wishlist_rank,2026-12-31,-1,,not_collected,
4824610,Resident Evil Veronica,2027-01-01,post_launch_reviews_total,2027-01-01,0,,not_collected,
4824610,Resident Evil Veronica,2027-01-01,post_launch_reviews_total,2027-01-02,1,,not_collected,
4824610,Resident Evil Veronica,2027-01-01,post_launch_reviews_total,2027-01-03,2,,not_collected,
4824610,Resident Evil Veronica,2027-01-01,post_launch_reviews_total,2027-01-04,3,,not_collected,
4824610,Resident Evil Veronica,2027-01-01,post_launch_reviews_total,2027-01-05,4,,not_collected,
4824610,Resident Evil Veronica,2027-01-01,post_launch_reviews_total,2027-01-06,5,,not_collected,
4824610,Resident Evil Veronica,2027-01-01,post_launch_reviews_total,2027-01-07,6,,not_collected,
4824610,Resident Evil Veronica,2027-01-01,post_launch_reviews_total,2027-01-08,7,,not_collected,
2713000,Resonance: A Plague Tale Legacy,2026-08-27,pre_launch_wishlist_rank,2026-08-20,-7,131,ok,2026-08-20T02:40:42.136Z
2713000,Resonance: A Plague Tale Legacy,2026-08-27,pre_launch_wishlist_rank,2026-08-21,-6,130,ok,2026-08-21T02:47:33.763Z
2713000,Resonance: A Plague Tale Legacy,2026-08-27,pre_launch_wishlist_rank,2026-08-22,-5,129,ok,2026-08-22T02:38:05.157Z
2713000,Resonance: A Plague Tale Legacy,2026-08-27,pre_launch_wishlist_rank,2026-08-23,-4,124,ok,2026-08-23T02:47:54.993Z
2713000,Resonance: A Plague Tale Legacy,2026-08-27,pre_launch_wishlist_rank,2026-08-24,-3,119,ok,2026-08-24T02:48:36.097Z
2713000,Resonance: A Plague Tale Legacy,2026-08-27,pre_launch_wishlist_rank,2026-08-25,-2,115,ok,2026-08-25T02:42:46.392Z
2713000,Resonance: A Plague Tale Legacy,2026-08-27,pre_launch_wishlist_rank,2026-08-26,-1,110,ok,2026-08-26T02:50:15.789Z
2713000,Resonance: A Plague Tale Legacy,2026-08-27,post_launch_reviews_total,2026-08-27,0,0,ok,2026-08-27T11:57:45.810Z
2713000,Resonance: A Plague Tale Legacy,2026-08-27,post_launch_reviews_total,2026-08-28,1,,not_collected,
2713000,Resonance: A Plague Tale Legacy,2026-08-27,post_launch_reviews_total,2026-08-29,2,,not_collected,
2713000,Resonance: A Plague Tale Legacy,2026-08-27,post_launch_reviews_total,2026-08-30,3,,not_collected,
2713000,Resonance: A Plague Tale Legacy,2026-08-27,post_launch_reviews_total,2026-08-31,4,,not_collected,
2713000,Resonance: A Plague Tale Legacy,2026-08-27,post_launch_reviews_total,2026-09-01,5,,not_collected,
2713000,Resonance: A Plague Tale Legacy,2026-08-27,post_launch_reviews_total,2026-09-02,6,,not_collected,
2713000,Resonance: A Plague Tale Legacy,2026-08-27,post_launch_reviews_total,2026-09-03,7,,not_collected,
3812600,ReStory: Chill Electronics Repairs,2026-08-06,pre_launch_wishlist_rank,2026-07-30,-7,66,ok,2026-07-30T04:38:29.620Z
3812600,ReStory: Chill Electronics Repairs,2026-08-06,pre_launch_wishlist_rank,2026-07-31,-6,66,ok,2026-07-31T05:04:54.532Z
3812600,ReStory: Chill Electronics Repairs,2026-08-06,pre_launch_wishlist_rank,2026-08-01,-5,64,ok,2026-08-01T04:58:14.130Z
3812600,ReStory: Chill Electronics Repairs,2026-08-06,pre_launch_wishlist_rank,2026-08-02,-4,61,ok,2026-08-02T04:58:24.052Z
3812600,ReStory: Chill Electronics Repairs,2026-08-06,pre_launch_wishlist_rank,2026-08-03,-3,58,ok,2026-08-03T05:07:42.912Z
3812600,ReStory: Chill Electronics Repairs,2026-08-06,pre_launch_wishlist_rank,2026-08-04,-2,55,ok,2026-08-04T04:47:02.633Z
3812600,ReStory: Chill Electronics Repairs,2026-08-06,pre_launch_wishlist_rank,2026-08-05,-1,51,ok,2026-08-05T04:46:35.103Z
3812600,ReStory: Chill Electronics Repairs,2026-08-06,post_launch_reviews_total,2026-08-06,0,0,ok,2026-08-06T04:47:09.485Z
3812600,ReStory: Chill Electronics Repairs,2026-08-06,post_launch_reviews_total,2026-08-07,1,,not_collected,
3812600,ReStory: Chill Electronics Repairs,2026-08-06,post_launch_reviews_total,2026-08-08,2,,not_collected,
3812600,ReStory: Chill Electronics Repairs,2026-08-06,post_launch_reviews_total,2026-08-09,3,,not_collected,
3812600,ReStory: Chill Electronics Repairs,2026-08-06,post_launch_reviews_total,2026-08-10,4,,not_collected,
3812600,ReStory: Chill Electronics Repairs,2026-08-06,post_launch_reviews_total,2026-08-11,5,,not_collected,
3812600,ReStory: Chill Electronics Repairs,2026-08-06,post_launch_reviews_total,2026-08-12,6,,not_collected,
3812600,ReStory: Chill Electronics Repairs,2026-08-06,post_launch_reviews_total,2026-08-13,7,,not_collected,
4010900,Retro Arcade Shop Simulator,2026-09-04,pre_launch_wishlist_rank,2026-08-28,-7,,not_in_captured_wishlist_ranking,
4010900,Retro Arcade Shop Simulator,2026-09-04,pre_launch_wishlist_rank,2026-08-29,-6,,not_in_captured_wishlist_ranking,
4010900,Retro Arcade Shop Simulator,2026-09-04,pre_launch_wishlist_rank,2026-08-30,-5,,not_in_captured_wishlist_ranking,
4010900,Retro Arcade Shop Simulator,2026-09-04,pre_launch_wishlist_rank,2026-08-31,-4,,not_in_captured_wishlist_ranking,
4010900,Retro Arcade Shop Simulator,2026-09-04,pre_launch_wishlist_rank,2026-09-01,-3,,not_in_captured_wishlist_ranking,
4010900,Retro Arcade Shop Simulator,2026-09-04,pre_launch_wishlist_rank,2026-09-02,-2,1965,ok,2026-09-02T06:21:55.398Z
4010900,Retro Arcade Shop Simulator,2026-09-04,pre_launch_wishlist_rank,2026-09-03,-1,1861,ok,2026-09-03T06:24:29.914Z
4010900,Retro Arcade Shop Simulator,2026-09-04,post_launch_reviews_total,2026-09-04,0,,not_collected,
4010900,Retro Arcade Shop Simulator,2026-09-04,post_launch_reviews_total,2026-09-05,1,,not_collected,
4010900,Retro Arcade Shop Simulator,2026-09-04,post_launch_reviews_total,2026-09-06,2,,not_collected,
4010900,Retro Arcade Shop Simulator,2026-09-04,post_launch_reviews_total,2026-09-07,3,,not_collected,
4010900,Retro Arcade Shop Simulator,2026-09-04,post_launch_reviews_total,2026-09-08,4,,not_collected,
4010900,Retro Arcade Shop Simulator,2026-09-04,post_launch_reviews_total,2026-09-09,5,,not_collected,
4010900,Retro Arcade Shop Simulator,2026-09-04,post_launch_reviews_total,2026-09-10,6,,not_collected,
4010900,Retro Arcade Shop Simulator,2026-09-04,post_launch_reviews_total,2026-09-11,7,,not_collected,
2282790,RIFTSTORM,2026-08-11,pre_launch_wishlist_rank,2026-08-04,-7,1060,ok,2026-08-04T04:47:02.633Z
2282790,RIFTSTORM,2026-08-11,pre_launch_wishlist_rank,2026-08-05,-6,1035,ok,2026-08-05T04:46:35.103Z
2282790,RIFTSTORM,2026-08-11,pre_launch_wishlist_rank,2026-08-06,-5,1021,ok,2026-08-06T04:47:09.485Z
2282790,RIFTSTORM,2026-08-11,pre_launch_wishlist_rank,2026-08-07,-4,1004,ok,2026-08-07T04:13:26.771Z
2282790,RIFTSTORM,2026-08-11,pre_launch_wishlist_rank,2026-08-08,-3,981,ok,2026-08-08T03:11:38.214Z
2282790,RIFTSTORM,2026-08-11,pre_launch_wishlist_rank,2026-08-09,-2,950,ok,2026-08-09T03:19:17.318Z
2282790,RIFTSTORM,2026-08-11,pre_launch_wishlist_rank,2026-08-10,-1,897,ok,2026-08-10T03:29:07.136Z
2282790,RIFTSTORM,2026-08-11,post_launch_reviews_total,2026-08-11,0,0,ok,2026-08-11T03:21:55.619Z
2282790,RIFTSTORM,2026-08-11,post_launch_reviews_total,2026-08-12,1,,not_collected,
2282790,RIFTSTORM,2026-08-11,post_launch_reviews_total,2026-08-13,2,,not_collected,
2282790,RIFTSTORM,2026-08-11,post_launch_reviews_total,2026-08-14,3,,not_collected,
2282790,RIFTSTORM,2026-08-11,post_launch_reviews_total,2026-08-15,4,,not_collected,
2282790,RIFTSTORM,2026-08-11,post_launch_reviews_total,2026-08-16,5,,not_collected,
2282790,RIFTSTORM,2026-08-11,post_launch_reviews_total,2026-08-17,6,,not_collected,
2282790,RIFTSTORM,2026-08-11,post_launch_reviews_total,2026-08-18,7,,not_collected,
3199870,Road Diner Simulator: Prologue,2026-07-27,pre_launch_wishlist_rank,2026-07-20,-7,,not_in_captured_wishlist_ranking,
3199870,Road Diner Simulator: Prologue,2026-07-27,pre_launch_wishlist_rank,2026-07-21,-6,,not_in_captured_wishlist_ranking,
3199870,Road Diner Simulator: Prologue,2026-07-27,pre_launch_wishlist_rank,2026-07-22,-5,,not_in_captured_wishlist_ranking,
3199870,Road Diner Simulator: Prologue,2026-07-27,pre_launch_wishlist_rank,2026-07-23,-4,,not_in_captured_wishlist_ranking,
3199870,Road Diner Simulator: Prologue,2026-07-27,pre_launch_wishlist_rank,2026-07-24,-3,,not_in_captured_wishlist_ranking,
3199870,Road Diner Simulator: Prologue,2026-07-27,pre_launch_wishlist_rank,2026-07-25,-2,,not_in_captured_wishlist_ranking,
3199870,Road Diner Simulator: Prologue,2026-07-27,pre_launch_wishlist_rank,2026-07-26,-1,,not_in_captured_wishlist_ranking,
3199870,Road Diner Simulator: Prologue,2026-07-27,post_launch_reviews_total,2026-07-27,0,0,ok,2026-07-27T05:28:24.621Z
3199870,Road Diner Simulator: Prologue,2026-07-27,post_launch_reviews_total,2026-07-28,1,,not_collected,
3199870,Road Diner Simulator: Prologue,2026-07-27,post_launch_reviews_total,2026-07-29,2,,not_collected,
3199870,Road Diner Simulator: Prologue,2026-07-27,post_launch_reviews_total,2026-07-30,3,,not_collected,
3199870,Road Diner Simulator: Prologue,2026-07-27,post_launch_reviews_total,2026-07-31,4,,not_collected,
3199870,Road Diner Simulator: Prologue,2026-07-27,post_launch_reviews_total,2026-08-01,5,,not_collected,
3199870,Road Diner Simulator: Prologue,2026-07-27,post_launch_reviews_total,2026-08-02,6,,not_collected,
3199870,Road Diner Simulator: Prologue,2026-07-27,post_launch_reviews_total,2026-08-03,7,,not_collected,
4297840,Rock Bottom,2026-07-14,pre_launch_wishlist_rank,2026-07-07,-7,,not_in_captured_wishlist_ranking,
4297840,Rock Bottom,2026-07-14,pre_launch_wishlist_rank,2026-07-08,-6,,not_in_captured_wishlist_ranking,
4297840,Rock Bottom,2026-07-14,pre_launch_wishlist_rank,2026-07-09,-5,,not_in_captured_wishlist_ranking,
4297840,Rock Bottom,2026-07-14,pre_launch_wishlist_rank,2026-07-10,-4,,not_in_captured_wishlist_ranking,
4297840,Rock Bottom,2026-07-14,pre_launch_wishlist_rank,2026-07-11,-3,,not_in_captured_wishlist_ranking,
4297840,Rock Bottom,2026-07-14,pre_launch_wishlist_rank,2026-07-12,-2,,not_in_captured_wishlist_ranking,
4297840,Rock Bottom,2026-07-14,pre_launch_wishlist_rank,2026-07-13,-1,,not_in_captured_wishlist_ranking,
4297840,Rock Bottom,2026-07-14,post_launch_reviews_total,2026-07-14,0,0,ok,2026-07-14T04:32:48.120Z
4297840,Rock Bottom,2026-07-14,post_launch_reviews_total,2026-07-15,1,,not_collected,
4297840,Rock Bottom,2026-07-14,post_launch_reviews_total,2026-07-16,2,,not_collected,
4297840,Rock Bottom,2026-07-14,post_launch_reviews_total,2026-07-17,3,,not_collected,
4297840,Rock Bottom,2026-07-14,post_launch_reviews_total,2026-07-18,4,,not_collected,
4297840,Rock Bottom,2026-07-14,post_launch_reviews_total,2026-07-19,5,,not_collected,
4297840,Rock Bottom,2026-07-14,post_launch_reviews_total,2026-07-20,6,,not_collected,
4297840,Rock Bottom,2026-07-14,post_launch_reviews_total,2026-07-21,7,,not_collected,
1890310,Rogue Blight,2026-09-03,pre_launch_wishlist_rank,2026-08-27,-7,,not_in_captured_wishlist_ranking,
1890310,Rogue Blight,2026-09-03,pre_launch_wishlist_rank,2026-08-28,-6,,not_in_captured_wishlist_ranking,
1890310,Rogue Blight,2026-09-03,pre_launch_wishlist_rank,2026-08-29,-5,,not_in_captured_wishlist_ranking,
1890310,Rogue Blight,2026-09-03,pre_launch_wishlist_rank,2026-08-30,-4,,not_in_captured_wishlist_ranking,
1890310,Rogue Blight,2026-09-03,pre_launch_wishlist_rank,2026-08-31,-3,1952,ok,2026-08-31T07:32:46.352Z
1890310,Rogue Blight,2026-09-03,pre_launch_wishlist_rank,2026-09-01,-2,1878,ok,2026-09-01T06:43:33.167Z
1890310,Rogue Blight,2026-09-03,pre_launch_wishlist_rank,2026-09-02,-1,1810,ok,2026-09-02T06:21:55.398Z
1890310,Rogue Blight,2026-09-03,post_launch_reviews_total,2026-09-03,0,0,ok,2026-09-03T06:24:29.914Z
1890310,Rogue Blight,2026-09-03,post_launch_reviews_total,2026-09-04,1,,not_collected,
1890310,Rogue Blight,2026-09-03,post_launch_reviews_total,2026-09-05,2,,not_collected,
1890310,Rogue Blight,2026-09-03,post_launch_reviews_total,2026-09-06,3,,not_collected,
1890310,Rogue Blight,2026-09-03,post_launch_reviews_total,2026-09-07,4,,not_collected,
1890310,Rogue Blight,2026-09-03,post_launch_reviews_total,2026-09-08,5,,not_collected,
1890310,Rogue Blight,2026-09-03,post_launch_reviews_total,2026-09-09,6,,not_collected,
1890310,Rogue Blight,2026-09-03,post_launch_reviews_total,2026-09-10,7,,not_collected,
782260,Rogue Eclipse,2026-08-14,pre_launch_wishlist_rank,2026-08-07,-7,836,ok,2026-08-07T04:13:26.771Z
782260,Rogue Eclipse,2026-08-14,pre_launch_wishlist_rank,2026-08-08,-6,814,ok,2026-08-08T03:11:38.214Z
782260,Rogue Eclipse,2026-08-14,pre_launch_wishlist_rank,2026-08-09,-5,818,ok,2026-08-09T03:19:17.318Z
782260,Rogue Eclipse,2026-08-14,pre_launch_wishlist_rank,2026-08-10,-4,821,ok,2026-08-10T03:29:07.136Z
782260,Rogue Eclipse,2026-08-14,pre_launch_wishlist_rank,2026-08-11,-3,824,ok,2026-08-11T03:21:55.619Z
782260,Rogue Eclipse,2026-08-14,pre_launch_wishlist_rank,2026-08-12,-2,797,ok,2026-08-12T03:40:42.315Z
782260,Rogue Eclipse,2026-08-14,pre_launch_wishlist_rank,2026-08-13,-1,768,ok,2026-08-13T03:51:51.678Z
782260,Rogue Eclipse,2026-08-14,post_launch_reviews_total,2026-08-14,0,0,ok,2026-08-14T03:41:13.555Z
782260,Rogue Eclipse,2026-08-14,post_launch_reviews_total,2026-08-15,1,,not_collected,
782260,Rogue Eclipse,2026-08-14,post_launch_reviews_total,2026-08-16,2,,not_collected,
782260,Rogue Eclipse,2026-08-14,post_launch_reviews_total,2026-08-17,3,,not_collected,
782260,Rogue Eclipse,2026-08-14,post_launch_reviews_total,2026-08-18,4,,not_collected,
782260,Rogue Eclipse,2026-08-14,post_launch_reviews_total,2026-08-19,5,,not_collected,
782260,Rogue Eclipse,2026-08-14,post_launch_reviews_total,2026-08-20,6,,not_collected,
782260,Rogue Eclipse,2026-08-14,post_launch_reviews_total,2026-08-21,7,,not_collected,
4509090,Room Craft,2026-07-13,pre_launch_wishlist_rank,2026-07-06,-7,,not_in_captured_wishlist_ranking,
4509090,Room Craft,2026-07-13,pre_launch_wishlist_rank,2026-07-07,-6,,not_in_captured_wishlist_ranking,
4509090,Room Craft,2026-07-13,pre_launch_wishlist_rank,2026-07-08,-5,,not_in_captured_wishlist_ranking,
4509090,Room Craft,2026-07-13,pre_launch_wishlist_rank,2026-07-09,-4,,not_in_captured_wishlist_ranking,
4509090,Room Craft,2026-07-13,pre_launch_wishlist_rank,2026-07-10,-3,,not_in_captured_wishlist_ranking,
4509090,Room Craft,2026-07-13,pre_launch_wishlist_rank,2026-07-11,-2,,not_in_captured_wishlist_ranking,
4509090,Room Craft,2026-07-13,pre_launch_wishlist_rank,2026-07-12,-1,,not_in_captured_wishlist_ranking,
4509090,Room Craft,2026-07-13,post_launch_reviews_total,2026-07-13,0,0,ok,2026-07-13T05:04:37.802Z
4509090,Room Craft,2026-07-13,post_launch_reviews_total,2026-07-14,1,,not_collected,
4509090,Room Craft,2026-07-13,post_launch_reviews_total,2026-07-15,2,,not_collected,
4509090,Room Craft,2026-07-13,post_launch_reviews_total,2026-07-16,3,,not_collected,
4509090,Room Craft,2026-07-13,post_launch_reviews_total,2026-07-17,4,,not_collected,
4509090,Room Craft,2026-07-13,post_launch_reviews_total,2026-07-18,5,,not_collected,
4509090,Room Craft,2026-07-13,post_launch_reviews_total,2026-07-19,6,,not_collected,
4509090,Room Craft,2026-07-13,post_launch_reviews_total,2026-07-20,7,,not_collected,
1845250,Rubinite,2026-07-22,pre_launch_wishlist_rank,2026-07-15,-7,267,ok,2026-07-15T04:32:45.763Z
1845250,Rubinite,2026-07-22,pre_launch_wishlist_rank,2026-07-16,-6,263,ok,2026-07-16T04:42:31.378Z
1845250,Rubinite,2026-07-22,pre_launch_wishlist_rank,2026-07-17,-5,259,ok,2026-07-17T04:45:39.030Z
1845250,Rubinite,2026-07-22,pre_launch_wishlist_rank,2026-07-18,-4,256,ok,2026-07-18T04:29:54.503Z
1845250,Rubinite,2026-07-22,pre_launch_wishlist_rank,2026-07-19,-3,252,ok,2026-07-19T04:54:49.781Z
1845250,Rubinite,2026-07-22,pre_launch_wishlist_rank,2026-07-20,-2,240,ok,2026-07-20T05:09:45.900Z
1845250,Rubinite,2026-07-22,pre_launch_wishlist_rank,2026-07-21,-1,231,ok,2026-07-21T04:50:39.944Z
1845250,Rubinite,2026-07-22,post_launch_reviews_total,2026-07-22,0,0,ok,2026-07-22T04:50:32.272Z
1845250,Rubinite,2026-07-22,post_launch_reviews_total,2026-07-23,1,,not_collected,
1845250,Rubinite,2026-07-22,post_launch_reviews_total,2026-07-24,2,,not_collected,
1845250,Rubinite,2026-07-22,post_launch_reviews_total,2026-07-25,3,,not_collected,
1845250,Rubinite,2026-07-22,post_launch_reviews_total,2026-07-26,4,,not_collected,
1845250,Rubinite,2026-07-22,post_launch_reviews_total,2026-07-27,5,,not_collected,
1845250,Rubinite,2026-07-22,post_launch_reviews_total,2026-07-28,6,,not_collected,
1845250,Rubinite,2026-07-22,post_launch_reviews_total,2026-07-29,7,,not_collected,
4364910,Ruins of Dawn,2026-08-14,pre_launch_wishlist_rank,2026-08-07,-7,,not_in_captured_wishlist_ranking,
4364910,Ruins of Dawn,2026-08-14,pre_launch_wishlist_rank,2026-08-08,-6,1985,ok,2026-08-08T03:11:38.214Z
4364910,Ruins of Dawn,2026-08-14,pre_launch_wishlist_rank,2026-08-09,-5,1946,ok,2026-08-09T03:19:17.318Z
4364910,Ruins of Dawn,2026-08-14,pre_launch_wishlist_rank,2026-08-10,-4,1875,ok,2026-08-10T03:29:07.136Z
4364910,Ruins of Dawn,2026-08-14,pre_launch_wishlist_rank,2026-08-11,-3,1812,ok,2026-08-11T03:21:55.619Z
4364910,Ruins of Dawn,2026-08-14,pre_launch_wishlist_rank,2026-08-12,-2,1754,ok,2026-08-12T03:40:42.315Z
4364910,Ruins of Dawn,2026-08-14,pre_launch_wishlist_rank,2026-08-13,-1,1707,ok,2026-08-13T03:51:51.678Z
4364910,Ruins of Dawn,2026-08-14,post_launch_reviews_total,2026-08-14,0,0,ok,2026-08-14T03:41:13.555Z
4364910,Ruins of Dawn,2026-08-14,post_launch_reviews_total,2026-08-15,1,,not_collected,
4364910,Ruins of Dawn,2026-08-14,post_launch_reviews_total,2026-08-16,2,,not_collected,
4364910,Ruins of Dawn,2026-08-14,post_launch_reviews_total,2026-08-17,3,,not_collected,
4364910,Ruins of Dawn,2026-08-14,post_launch_reviews_total,2026-08-18,4,,not_collected,
4364910,Ruins of Dawn,2026-08-14,post_launch_reviews_total,2026-08-19,5,,not_collected,
4364910,Ruins of Dawn,2026-08-14,post_launch_reviews_total,2026-08-20,6,,not_collected,
4364910,Ruins of Dawn,2026-08-14,post_launch_reviews_total,2026-08-21,7,,not_collected,
4784200,RustPlow,2026-07-07,pre_launch_wishlist_rank,2026-06-30,-7,,not_collected,
4784200,RustPlow,2026-07-07,pre_launch_wishlist_rank,2026-07-01,-6,,not_collected,
4784200,RustPlow,2026-07-07,pre_launch_wishlist_rank,2026-07-02,-5,,not_collected,
4784200,RustPlow,2026-07-07,pre_launch_wishlist_rank,2026-07-03,-4,,not_in_captured_wishlist_ranking,
4784200,RustPlow,2026-07-07,pre_launch_wishlist_rank,2026-07-04,-3,,not_in_captured_wishlist_ranking,
4784200,RustPlow,2026-07-07,pre_launch_wishlist_rank,2026-07-05,-2,,not_in_captured_wishlist_ranking,
4784200,RustPlow,2026-07-07,pre_launch_wishlist_rank,2026-07-06,-1,,not_in_captured_wishlist_ranking,
4784200,RustPlow,2026-07-07,post_launch_reviews_total,2026-07-07,0,0,ok,2026-07-07T05:48:04.813Z
4784200,RustPlow,2026-07-07,post_launch_reviews_total,2026-07-08,1,,not_collected,
4784200,RustPlow,2026-07-07,post_launch_reviews_total,2026-07-09,2,,not_collected,
4784200,RustPlow,2026-07-07,post_launch_reviews_total,2026-07-10,3,,not_collected,
4784200,RustPlow,2026-07-07,post_launch_reviews_total,2026-07-11,4,,not_collected,
4784200,RustPlow,2026-07-07,post_launch_reviews_total,2026-07-12,5,,not_collected,
4784200,RustPlow,2026-07-07,post_launch_reviews_total,2026-07-13,6,,not_collected,
4784200,RustPlow,2026-07-07,post_launch_reviews_total,2026-07-14,7,,not_collected,
3765020,S.T.A.L.K.E.R. 2: Cost of Hope,2026-08-20,pre_launch_wishlist_rank,2026-08-13,-7,455,ok,2026-08-13T03:51:51.678Z
3765020,S.T.A.L.K.E.R. 2: Cost of Hope,2026-08-20,pre_launch_wishlist_rank,2026-08-14,-6,447,ok,2026-08-14T03:41:13.555Z
3765020,S.T.A.L.K.E.R. 2: Cost of Hope,2026-08-20,pre_launch_wishlist_rank,2026-08-15,-5,445,ok,2026-08-15T02:36:13.648Z
3765020,S.T.A.L.K.E.R. 2: Cost of Hope,2026-08-20,pre_launch_wishlist_rank,2026-08-16,-4,441,ok,2026-08-16T02:45:28.861Z
3765020,S.T.A.L.K.E.R. 2: Cost of Hope,2026-08-20,pre_launch_wishlist_rank,2026-08-17,-3,439,ok,2026-08-17T02:45:10.258Z
3765020,S.T.A.L.K.E.R. 2: Cost of Hope,2026-08-20,pre_launch_wishlist_rank,2026-08-18,-2,432,ok,2026-08-18T02:39:27.140Z
3765020,S.T.A.L.K.E.R. 2: Cost of Hope,2026-08-20,pre_launch_wishlist_rank,2026-08-19,-1,418,ok,2026-08-19T02:42:36.358Z
3765020,S.T.A.L.K.E.R. 2: Cost of Hope,2026-08-20,post_launch_reviews_total,2026-08-20,0,0,ok,2026-08-20T02:40:42.136Z
3765020,S.T.A.L.K.E.R. 2: Cost of Hope,2026-08-20,post_launch_reviews_total,2026-08-21,1,,not_collected,
3765020,S.T.A.L.K.E.R. 2: Cost of Hope,2026-08-20,post_launch_reviews_total,2026-08-22,2,,not_collected,
3765020,S.T.A.L.K.E.R. 2: Cost of Hope,2026-08-20,post_launch_reviews_total,2026-08-23,3,,not_collected,
3765020,S.T.A.L.K.E.R. 2: Cost of Hope,2026-08-20,post_launch_reviews_total,2026-08-24,4,,not_collected,
3765020,S.T.A.L.K.E.R. 2: Cost of Hope,2026-08-20,post_launch_reviews_total,2026-08-25,5,,not_collected,
3765020,S.T.A.L.K.E.R. 2: Cost of Hope,2026-08-20,post_launch_reviews_total,2026-08-26,6,,not_collected,
3765020,S.T.A.L.K.E.R. 2: Cost of Hope,2026-08-20,post_launch_reviews_total,2026-08-27,7,,not_collected,
1208170,Samurai: Ronin's Path,2026-07-21,pre_launch_wishlist_rank,2026-07-14,-7,885,ok,2026-07-14T04:32:48.120Z
1208170,Samurai: Ronin's Path,2026-07-21,pre_launch_wishlist_rank,2026-07-15,-6,858,ok,2026-07-15T04:32:45.763Z
1208170,Samurai: Ronin's Path,2026-07-21,pre_launch_wishlist_rank,2026-07-16,-5,830,ok,2026-07-16T04:42:31.378Z
1208170,Samurai: Ronin's Path,2026-07-21,pre_launch_wishlist_rank,2026-07-17,-4,800,ok,2026-07-17T04:45:39.030Z
1208170,Samurai: Ronin's Path,2026-07-21,pre_launch_wishlist_rank,2026-07-18,-3,774,ok,2026-07-18T04:29:54.503Z
1208170,Samurai: Ronin's Path,2026-07-21,pre_launch_wishlist_rank,2026-07-19,-2,752,ok,2026-07-19T04:54:49.781Z
1208170,Samurai: Ronin's Path,2026-07-21,pre_launch_wishlist_rank,2026-07-20,-1,700,ok,2026-07-20T05:09:45.900Z
1208170,Samurai: Ronin's Path,2026-07-21,post_launch_reviews_total,2026-07-21,0,0,ok,2026-07-21T04:50:39.944Z
1208170,Samurai: Ronin's Path,2026-07-21,post_launch_reviews_total,2026-07-22,1,,not_collected,
1208170,Samurai: Ronin's Path,2026-07-21,post_launch_reviews_total,2026-07-23,2,,not_collected,
1208170,Samurai: Ronin's Path,2026-07-21,post_launch_reviews_total,2026-07-24,3,,not_collected,
1208170,Samurai: Ronin's Path,2026-07-21,post_launch_reviews_total,2026-07-25,4,,not_collected,
1208170,Samurai: Ronin's Path,2026-07-21,post_launch_reviews_total,2026-07-26,5,,not_collected,
1208170,Samurai: Ronin's Path,2026-07-21,post_launch_reviews_total,2026-07-27,6,,not_collected,
1208170,Samurai: Ronin's Path,2026-07-21,post_launch_reviews_total,2026-07-28,7,,not_collected,
2764460,Sandustry,2026-08-13,pre_launch_wishlist_rank,2026-08-06,-7,454,ok,2026-08-06T04:47:09.485Z
2764460,Sandustry,2026-08-13,pre_launch_wishlist_rank,2026-08-07,-6,433,ok,2026-08-07T04:13:26.771Z
2764460,Sandustry,2026-08-13,pre_launch_wishlist_rank,2026-08-08,-5,405,ok,2026-08-08T03:11:38.214Z
2764460,Sandustry,2026-08-13,pre_launch_wishlist_rank,2026-08-09,-4,384,ok,2026-08-09T03:19:17.318Z
2764460,Sandustry,2026-08-13,pre_launch_wishlist_rank,2026-08-10,-3,366,ok,2026-08-10T03:29:07.136Z
2764460,Sandustry,2026-08-13,pre_launch_wishlist_rank,2026-08-11,-2,351,ok,2026-08-11T03:21:55.619Z
2764460,Sandustry,2026-08-13,pre_launch_wishlist_rank,2026-08-12,-1,344,ok,2026-08-12T03:40:42.315Z
2764460,Sandustry,2026-08-13,post_launch_reviews_total,2026-08-13,0,0,ok,2026-08-13T03:51:51.678Z
2764460,Sandustry,2026-08-13,post_launch_reviews_total,2026-08-14,1,,not_collected,
2764460,Sandustry,2026-08-13,post_launch_reviews_total,2026-08-15,2,,not_collected,
2764460,Sandustry,2026-08-13,post_launch_reviews_total,2026-08-16,3,,not_collected,
2764460,Sandustry,2026-08-13,post_launch_reviews_total,2026-08-17,4,,not_collected,
2764460,Sandustry,2026-08-13,post_launch_reviews_total,2026-08-18,5,,not_collected,
2764460,Sandustry,2026-08-13,post_launch_reviews_total,2026-08-19,6,,not_collected,
2764460,Sandustry,2026-08-13,post_launch_reviews_total,2026-08-20,7,,not_collected,
1553260,Scarlet Deer Inn,2026-07-21,pre_launch_wishlist_rank,2026-07-14,-7,578,ok,2026-07-14T04:32:48.120Z
1553260,Scarlet Deer Inn,2026-07-21,pre_launch_wishlist_rank,2026-07-15,-6,571,ok,2026-07-15T04:32:45.763Z
1553260,Scarlet Deer Inn,2026-07-21,pre_launch_wishlist_rank,2026-07-16,-5,560,ok,2026-07-16T04:42:31.378Z
1553260,Scarlet Deer Inn,2026-07-21,pre_launch_wishlist_rank,2026-07-17,-4,552,ok,2026-07-17T04:45:39.030Z
1553260,Scarlet Deer Inn,2026-07-21,pre_launch_wishlist_rank,2026-07-18,-3,542,ok,2026-07-18T04:29:54.503Z
1553260,Scarlet Deer Inn,2026-07-21,pre_launch_wishlist_rank,2026-07-19,-2,528,ok,2026-07-19T04:54:49.781Z
1553260,Scarlet Deer Inn,2026-07-21,pre_launch_wishlist_rank,2026-07-20,-1,511,ok,2026-07-20T05:09:45.900Z
1553260,Scarlet Deer Inn,2026-07-21,post_launch_reviews_total,2026-07-21,0,0,ok,2026-07-21T04:50:39.944Z
1553260,Scarlet Deer Inn,2026-07-21,post_launch_reviews_total,2026-07-22,1,,not_collected,
1553260,Scarlet Deer Inn,2026-07-21,post_launch_reviews_total,2026-07-23,2,,not_collected,
1553260,Scarlet Deer Inn,2026-07-21,post_launch_reviews_total,2026-07-24,3,,not_collected,
1553260,Scarlet Deer Inn,2026-07-21,post_launch_reviews_total,2026-07-25,4,,not_collected,
1553260,Scarlet Deer Inn,2026-07-21,post_launch_reviews_total,2026-07-26,5,,not_collected,
1553260,Scarlet Deer Inn,2026-07-21,post_launch_reviews_total,2026-07-27,6,,not_collected,
1553260,Scarlet Deer Inn,2026-07-21,post_launch_reviews_total,2026-07-28,7,,not_collected,
4513480,Scarlet Skips,2026-09-03,pre_launch_wishlist_rank,2026-08-27,-7,816,ok,2026-08-27T11:57:45.810Z
4513480,Scarlet Skips,2026-09-03,pre_launch_wishlist_rank,2026-08-28,-6,782,ok,2026-08-28T13:19:41.332Z
4513480,Scarlet Skips,2026-09-03,pre_launch_wishlist_rank,2026-08-29,-5,764,ok,2026-08-29T08:16:08.181Z
4513480,Scarlet Skips,2026-09-03,pre_launch_wishlist_rank,2026-08-30,-4,713,ok,2026-08-30T07:17:27.365Z
4513480,Scarlet Skips,2026-09-03,pre_launch_wishlist_rank,2026-08-31,-3,649,ok,2026-08-31T07:32:46.352Z
4513480,Scarlet Skips,2026-09-03,pre_launch_wishlist_rank,2026-09-01,-2,605,ok,2026-09-01T06:43:33.167Z
4513480,Scarlet Skips,2026-09-03,pre_launch_wishlist_rank,2026-09-02,-1,577,ok,2026-09-02T06:21:55.398Z
4513480,Scarlet Skips,2026-09-03,post_launch_reviews_total,2026-09-03,0,0,ok,2026-09-03T06:24:29.914Z
4513480,Scarlet Skips,2026-09-03,post_launch_reviews_total,2026-09-04,1,,not_collected,
4513480,Scarlet Skips,2026-09-03,post_launch_reviews_total,2026-09-05,2,,not_collected,
4513480,Scarlet Skips,2026-09-03,post_launch_reviews_total,2026-09-06,3,,not_collected,
4513480,Scarlet Skips,2026-09-03,post_launch_reviews_total,2026-09-07,4,,not_collected,
4513480,Scarlet Skips,2026-09-03,post_launch_reviews_total,2026-09-08,5,,not_collected,
4513480,Scarlet Skips,2026-09-03,post_launch_reviews_total,2026-09-09,6,,not_collected,
4513480,Scarlet Skips,2026-09-03,post_launch_reviews_total,2026-09-10,7,,not_collected,
3373500,Scavland,2026-09-04,pre_launch_wishlist_rank,2026-08-28,-7,422,ok,2026-08-28T13:19:41.332Z
3373500,Scavland,2026-09-04,pre_launch_wishlist_rank,2026-08-29,-6,403,ok,2026-08-29T08:16:08.181Z
3373500,Scavland,2026-09-04,pre_launch_wishlist_rank,2026-08-30,-5,370,ok,2026-08-30T07:17:27.365Z
3373500,Scavland,2026-09-04,pre_launch_wishlist_rank,2026-08-31,-4,340,ok,2026-08-31T07:32:46.352Z
3373500,Scavland,2026-09-04,pre_launch_wishlist_rank,2026-09-01,-3,323,ok,2026-09-01T06:43:33.167Z
3373500,Scavland,2026-09-04,pre_launch_wishlist_rank,2026-09-02,-2,292,ok,2026-09-02T06:21:55.398Z
3373500,Scavland,2026-09-04,pre_launch_wishlist_rank,2026-09-03,-1,272,ok,2026-09-03T06:24:29.914Z
3373500,Scavland,2026-09-04,post_launch_reviews_total,2026-09-04,0,,not_collected,
3373500,Scavland,2026-09-04,post_launch_reviews_total,2026-09-05,1,,not_collected,
3373500,Scavland,2026-09-04,post_launch_reviews_total,2026-09-06,2,,not_collected,
3373500,Scavland,2026-09-04,post_launch_reviews_total,2026-09-07,3,,not_collected,
3373500,Scavland,2026-09-04,post_launch_reviews_total,2026-09-08,4,,not_collected,
3373500,Scavland,2026-09-04,post_launch_reviews_total,2026-09-09,5,,not_collected,
3373500,Scavland,2026-09-04,post_launch_reviews_total,2026-09-10,6,,not_collected,
3373500,Scavland,2026-09-04,post_launch_reviews_total,2026-09-11,7,,not_collected,
3635310,SCP: Short Story,2026-07-06,pre_launch_wishlist_rank,2026-06-29,-7,,not_collected,
3635310,SCP: Short Story,2026-07-06,pre_launch_wishlist_rank,2026-06-30,-6,,not_collected,
3635310,SCP: Short Story,2026-07-06,pre_launch_wishlist_rank,2026-07-01,-5,,not_collected,
3635310,SCP: Short Story,2026-07-06,pre_launch_wishlist_rank,2026-07-02,-4,,not_collected,
3635310,SCP: Short Story,2026-07-06,pre_launch_wishlist_rank,2026-07-03,-3,,not_in_captured_wishlist_ranking,
3635310,SCP: Short Story,2026-07-06,pre_launch_wishlist_rank,2026-07-04,-2,,not_in_captured_wishlist_ranking,
3635310,SCP: Short Story,2026-07-06,pre_launch_wishlist_rank,2026-07-05,-1,,not_in_captured_wishlist_ranking,
3635310,SCP: Short Story,2026-07-06,post_launch_reviews_total,2026-07-06,0,0,ok,2026-07-06T02:47:03.673Z
3635310,SCP: Short Story,2026-07-06,post_launch_reviews_total,2026-07-07,1,,not_collected,
3635310,SCP: Short Story,2026-07-06,post_launch_reviews_total,2026-07-08,2,,not_collected,
3635310,SCP: Short Story,2026-07-06,post_launch_reviews_total,2026-07-09,3,,not_collected,
3635310,SCP: Short Story,2026-07-06,post_launch_reviews_total,2026-07-10,4,,not_collected,
3635310,SCP: Short Story,2026-07-06,post_launch_reviews_total,2026-07-11,5,,not_collected,
3635310,SCP: Short Story,2026-07-06,post_launch_reviews_total,2026-07-12,6,,not_collected,
3635310,SCP: Short Story,2026-07-06,post_launch_reviews_total,2026-07-13,7,,not_collected,
4791950,ScramBrawl Demo,2026-07-08,pre_launch_wishlist_rank,2026-07-01,-7,,not_collected,
4791950,ScramBrawl Demo,2026-07-08,pre_launch_wishlist_rank,2026-07-02,-6,,not_collected,
4791950,ScramBrawl Demo,2026-07-08,pre_launch_wishlist_rank,2026-07-03,-5,,not_in_captured_wishlist_ranking,
4791950,ScramBrawl Demo,2026-07-08,pre_launch_wishlist_rank,2026-07-04,-4,,not_in_captured_wishlist_ranking,
4791950,ScramBrawl Demo,2026-07-08,pre_launch_wishlist_rank,2026-07-05,-3,,not_in_captured_wishlist_ranking,
4791950,ScramBrawl Demo,2026-07-08,pre_launch_wishlist_rank,2026-07-06,-2,,not_in_captured_wishlist_ranking,
4791950,ScramBrawl Demo,2026-07-08,pre_launch_wishlist_rank,2026-07-07,-1,,not_in_captured_wishlist_ranking,
4791950,ScramBrawl Demo,2026-07-08,post_launch_reviews_total,2026-07-08,0,0,ok,2026-07-08T04:50:41.299Z
4791950,ScramBrawl Demo,2026-07-08,post_launch_reviews_total,2026-07-09,1,,not_collected,
4791950,ScramBrawl Demo,2026-07-08,post_launch_reviews_total,2026-07-10,2,,not_collected,
4791950,ScramBrawl Demo,2026-07-08,post_launch_reviews_total,2026-07-11,3,,not_collected,
4791950,ScramBrawl Demo,2026-07-08,post_launch_reviews_total,2026-07-12,4,,not_collected,
4791950,ScramBrawl Demo,2026-07-08,post_launch_reviews_total,2026-07-13,5,,not_collected,
4791950,ScramBrawl Demo,2026-07-08,post_launch_reviews_total,2026-07-14,6,,not_collected,
4791950,ScramBrawl Demo,2026-07-08,post_launch_reviews_total,2026-07-15,7,,not_collected,
4626940,Scratch the Ticket,2026-08-13,pre_launch_wishlist_rank,2026-08-06,-7,1295,ok,2026-08-06T04:47:09.485Z
4626940,Scratch the Ticket,2026-08-13,pre_launch_wishlist_rank,2026-08-07,-6,1274,ok,2026-08-07T04:13:26.771Z
4626940,Scratch the Ticket,2026-08-13,pre_launch_wishlist_rank,2026-08-08,-5,1260,ok,2026-08-08T03:11:38.214Z
4626940,Scratch the Ticket,2026-08-13,pre_launch_wishlist_rank,2026-08-09,-4,1245,ok,2026-08-09T03:19:17.318Z
4626940,Scratch the Ticket,2026-08-13,pre_launch_wishlist_rank,2026-08-10,-3,1214,ok,2026-08-10T03:29:07.136Z
4626940,Scratch the Ticket,2026-08-13,pre_launch_wishlist_rank,2026-08-11,-2,1168,ok,2026-08-11T03:21:55.619Z
4626940,Scratch the Ticket,2026-08-13,pre_launch_wishlist_rank,2026-08-12,-1,1114,ok,2026-08-12T03:40:42.315Z
4626940,Scratch the Ticket,2026-08-13,post_launch_reviews_total,2026-08-13,0,0,ok,2026-08-13T03:51:51.678Z
4626940,Scratch the Ticket,2026-08-13,post_launch_reviews_total,2026-08-14,1,,not_collected,
4626940,Scratch the Ticket,2026-08-13,post_launch_reviews_total,2026-08-15,2,,not_collected,
4626940,Scratch the Ticket,2026-08-13,post_launch_reviews_total,2026-08-16,3,,not_collected,
4626940,Scratch the Ticket,2026-08-13,post_launch_reviews_total,2026-08-17,4,,not_collected,
4626940,Scratch the Ticket,2026-08-13,post_launch_reviews_total,2026-08-18,5,,not_collected,
4626940,Scratch the Ticket,2026-08-13,post_launch_reviews_total,2026-08-19,6,,not_collected,
4626940,Scratch the Ticket,2026-08-13,post_launch_reviews_total,2026-08-20,7,,not_collected,
4791980,SCREAM NOTE,2026-07-28,pre_launch_wishlist_rank,2026-07-21,-7,1572,ok,2026-07-21T04:50:39.944Z
4791980,SCREAM NOTE,2026-07-28,pre_launch_wishlist_rank,2026-07-22,-6,1502,ok,2026-07-22T04:50:32.272Z
4791980,SCREAM NOTE,2026-07-28,pre_launch_wishlist_rank,2026-07-23,-5,1424,ok,2026-07-23T04:56:12.842Z
4791980,SCREAM NOTE,2026-07-28,pre_launch_wishlist_rank,2026-07-24,-4,1371,ok,2026-07-24T04:51:55.902Z
4791980,SCREAM NOTE,2026-07-28,pre_launch_wishlist_rank,2026-07-25,-3,1328,ok,2026-07-25T04:47:58.982Z
4791980,SCREAM NOTE,2026-07-28,pre_launch_wishlist_rank,2026-07-26,-2,1265,ok,2026-07-26T05:02:25.100Z
4791980,SCREAM NOTE,2026-07-28,pre_launch_wishlist_rank,2026-07-27,-1,1143,ok,2026-07-27T05:28:24.621Z
4791980,SCREAM NOTE,2026-07-28,post_launch_reviews_total,2026-07-28,0,0,ok,2026-07-28T04:45:52.627Z
4791980,SCREAM NOTE,2026-07-28,post_launch_reviews_total,2026-07-29,1,,not_collected,
4791980,SCREAM NOTE,2026-07-28,post_launch_reviews_total,2026-07-30,2,,not_collected,
4791980,SCREAM NOTE,2026-07-28,post_launch_reviews_total,2026-07-31,3,,not_collected,
4791980,SCREAM NOTE,2026-07-28,post_launch_reviews_total,2026-08-01,4,,not_collected,
4791980,SCREAM NOTE,2026-07-28,post_launch_reviews_total,2026-08-02,5,,not_collected,
4791980,SCREAM NOTE,2026-07-28,post_launch_reviews_total,2026-08-03,6,,not_collected,
4791980,SCREAM NOTE,2026-07-28,post_launch_reviews_total,2026-08-04,7,,not_collected,
4864560,SCRIBBLE HUNT,2026-07-01,pre_launch_wishlist_rank,2026-06-24,-7,,not_collected,
4864560,SCRIBBLE HUNT,2026-07-01,pre_launch_wishlist_rank,2026-06-25,-6,,not_collected,
4864560,SCRIBBLE HUNT,2026-07-01,pre_launch_wishlist_rank,2026-06-26,-5,,not_collected,
4864560,SCRIBBLE HUNT,2026-07-01,pre_launch_wishlist_rank,2026-06-27,-4,,not_collected,
4864560,SCRIBBLE HUNT,2026-07-01,pre_launch_wishlist_rank,2026-06-28,-3,,not_collected,
4864560,SCRIBBLE HUNT,2026-07-01,pre_launch_wishlist_rank,2026-06-29,-2,,not_collected,
4864560,SCRIBBLE HUNT,2026-07-01,pre_launch_wishlist_rank,2026-06-30,-1,,not_collected,
4864560,SCRIBBLE HUNT,2026-07-01,post_launch_reviews_total,2026-07-01,0,,not_collected,
4864560,SCRIBBLE HUNT,2026-07-01,post_launch_reviews_total,2026-07-02,1,,not_collected,
4864560,SCRIBBLE HUNT,2026-07-01,post_launch_reviews_total,2026-07-03,2,0,ok,2026-07-03T04:27:24.412Z
4864560,SCRIBBLE HUNT,2026-07-01,post_launch_reviews_total,2026-07-04,3,0,ok,2026-07-04T05:10:05.970Z
4864560,SCRIBBLE HUNT,2026-07-01,post_launch_reviews_total,2026-07-05,4,0,ok,2026-07-05T05:38:17.292Z
4864560,SCRIBBLE HUNT,2026-07-01,post_launch_reviews_total,2026-07-06,5,0,ok,2026-07-06T04:31:47.397Z
4864560,SCRIBBLE HUNT,2026-07-01,post_launch_reviews_total,2026-07-07,6,0,ok,2026-07-07T05:48:04.813Z
4864560,SCRIBBLE HUNT,2026-07-01,post_launch_reviews_total,2026-07-08,7,0,ok,2026-07-08T04:50:41.299Z
4661260,SeaColony,2026-08-25,pre_launch_wishlist_rank,2026-08-18,-7,,not_in_captured_wishlist_ranking,
4661260,SeaColony,2026-08-25,pre_launch_wishlist_rank,2026-08-19,-6,,not_in_captured_wishlist_ranking,
4661260,SeaColony,2026-08-25,pre_launch_wishlist_rank,2026-08-20,-5,,not_in_captured_wishlist_ranking,
4661260,SeaColony,2026-08-25,pre_launch_wishlist_rank,2026-08-21,-4,,not_in_captured_wishlist_ranking,
4661260,SeaColony,2026-08-25,pre_launch_wishlist_rank,2026-08-22,-3,,not_in_captured_wishlist_ranking,
4661260,SeaColony,2026-08-25,pre_launch_wishlist_rank,2026-08-23,-2,,not_in_captured_wishlist_ranking,
4661260,SeaColony,2026-08-25,pre_launch_wishlist_rank,2026-08-24,-1,,not_in_captured_wishlist_ranking,
4661260,SeaColony,2026-08-25,post_launch_reviews_total,2026-08-25,0,0,ok,2026-08-25T02:42:46.392Z
4661260,SeaColony,2026-08-25,post_launch_reviews_total,2026-08-26,1,,not_collected,
4661260,SeaColony,2026-08-25,post_launch_reviews_total,2026-08-27,2,,not_collected,
4661260,SeaColony,2026-08-25,post_launch_reviews_total,2026-08-28,3,,not_collected,
4661260,SeaColony,2026-08-25,post_launch_reviews_total,2026-08-29,4,,not_collected,
4661260,SeaColony,2026-08-25,post_launch_reviews_total,2026-08-30,5,,not_collected,
4661260,SeaColony,2026-08-25,post_launch_reviews_total,2026-08-31,6,,not_collected,
4661260,SeaColony,2026-08-25,post_launch_reviews_total,2026-09-01,7,,not_collected,
4246860,Security 51,2026-08-12,pre_launch_wishlist_rank,2026-08-05,-7,459,ok,2026-08-05T04:46:35.103Z
4246860,Security 51,2026-08-12,pre_launch_wishlist_rank,2026-08-06,-6,450,ok,2026-08-06T04:47:09.485Z
4246860,Security 51,2026-08-12,pre_launch_wishlist_rank,2026-08-07,-5,437,ok,2026-08-07T04:13:26.771Z
4246860,Security 51,2026-08-12,pre_launch_wishlist_rank,2026-08-08,-4,422,ok,2026-08-08T03:11:38.214Z
4246860,Security 51,2026-08-12,pre_launch_wishlist_rank,2026-08-09,-3,403,ok,2026-08-09T03:19:17.318Z
4246860,Security 51,2026-08-12,pre_launch_wishlist_rank,2026-08-10,-2,377,ok,2026-08-10T03:29:07.136Z
4246860,Security 51,2026-08-12,pre_launch_wishlist_rank,2026-08-11,-1,352,ok,2026-08-11T03:21:55.619Z
4246860,Security 51,2026-08-12,post_launch_reviews_total,2026-08-12,0,0,ok,2026-08-12T03:40:42.315Z
4246860,Security 51,2026-08-12,post_launch_reviews_total,2026-08-13,1,,not_collected,
4246860,Security 51,2026-08-12,post_launch_reviews_total,2026-08-14,2,,not_collected,
4246860,Security 51,2026-08-12,post_launch_reviews_total,2026-08-15,3,,not_collected,
4246860,Security 51,2026-08-12,post_launch_reviews_total,2026-08-16,4,,not_collected,
4246860,Security 51,2026-08-12,post_launch_reviews_total,2026-08-17,5,,not_collected,
4246860,Security 51,2026-08-12,post_launch_reviews_total,2026-08-18,6,,not_collected,
4246860,Security 51,2026-08-12,post_launch_reviews_total,2026-08-19,7,,not_collected,
3915120,SENARA: The Sacrament,2026-07-30,pre_launch_wishlist_rank,2026-07-23,-7,,not_in_captured_wishlist_ranking,
3915120,SENARA: The Sacrament,2026-07-30,pre_launch_wishlist_rank,2026-07-24,-6,,not_in_captured_wishlist_ranking,
3915120,SENARA: The Sacrament,2026-07-30,pre_launch_wishlist_rank,2026-07-25,-5,,not_in_captured_wishlist_ranking,
3915120,SENARA: The Sacrament,2026-07-30,pre_launch_wishlist_rank,2026-07-26,-4,,not_in_captured_wishlist_ranking,
3915120,SENARA: The Sacrament,2026-07-30,pre_launch_wishlist_rank,2026-07-27,-3,,not_in_captured_wishlist_ranking,
3915120,SENARA: The Sacrament,2026-07-30,pre_launch_wishlist_rank,2026-07-28,-2,,not_in_captured_wishlist_ranking,
3915120,SENARA: The Sacrament,2026-07-30,pre_launch_wishlist_rank,2026-07-29,-1,,not_in_captured_wishlist_ranking,
3915120,SENARA: The Sacrament,2026-07-30,post_launch_reviews_total,2026-07-30,0,0,ok,2026-07-30T04:38:29.620Z
3915120,SENARA: The Sacrament,2026-07-30,post_launch_reviews_total,2026-07-31,1,,not_collected,
3915120,SENARA: The Sacrament,2026-07-30,post_launch_reviews_total,2026-08-01,2,,not_collected,
3915120,SENARA: The Sacrament,2026-07-30,post_launch_reviews_total,2026-08-02,3,,not_collected,
3915120,SENARA: The Sacrament,2026-07-30,post_launch_reviews_total,2026-08-03,4,,not_collected,
3915120,SENARA: The Sacrament,2026-07-30,post_launch_reviews_total,2026-08-04,5,,not_collected,
3915120,SENARA: The Sacrament,2026-07-30,post_launch_reviews_total,2026-08-05,6,,not_collected,
3915120,SENARA: The Sacrament,2026-07-30,post_launch_reviews_total,2026-08-06,7,,not_collected,
4403510,Sensory Overload,2026-08-20,pre_launch_wishlist_rank,2026-08-13,-7,613,ok,2026-08-13T03:51:51.678Z
4403510,Sensory Overload,2026-08-20,pre_launch_wishlist_rank,2026-08-14,-6,602,ok,2026-08-14T03:41:13.555Z
4403510,Sensory Overload,2026-08-20,pre_launch_wishlist_rank,2026-08-15,-5,601,ok,2026-08-15T02:36:13.648Z
4403510,Sensory Overload,2026-08-20,pre_launch_wishlist_rank,2026-08-16,-4,600,ok,2026-08-16T02:45:28.861Z
4403510,Sensory Overload,2026-08-20,pre_launch_wishlist_rank,2026-08-17,-3,597,ok,2026-08-17T02:45:10.258Z
4403510,Sensory Overload,2026-08-20,pre_launch_wishlist_rank,2026-08-18,-2,590,ok,2026-08-18T02:39:27.140Z
4403510,Sensory Overload,2026-08-20,pre_launch_wishlist_rank,2026-08-19,-1,584,ok,2026-08-19T02:42:36.358Z
4403510,Sensory Overload,2026-08-20,post_launch_reviews_total,2026-08-20,0,0,ok,2026-08-20T02:40:42.136Z
4403510,Sensory Overload,2026-08-20,post_launch_reviews_total,2026-08-21,1,,not_collected,
4403510,Sensory Overload,2026-08-20,post_launch_reviews_total,2026-08-22,2,,not_collected,
4403510,Sensory Overload,2026-08-20,post_launch_reviews_total,2026-08-23,3,,not_collected,
4403510,Sensory Overload,2026-08-20,post_launch_reviews_total,2026-08-24,4,,not_collected,
4403510,Sensory Overload,2026-08-20,post_launch_reviews_total,2026-08-25,5,,not_collected,
4403510,Sensory Overload,2026-08-20,post_launch_reviews_total,2026-08-26,6,,not_collected,
4403510,Sensory Overload,2026-08-20,post_launch_reviews_total,2026-08-27,7,,not_collected,
2976110,Separated,2026-07-29,pre_launch_wishlist_rank,2026-07-22,-7,1409,ok,2026-07-22T04:50:32.272Z
2976110,Separated,2026-07-29,pre_launch_wishlist_rank,2026-07-23,-6,1372,ok,2026-07-23T04:56:12.842Z
2976110,Separated,2026-07-29,pre_launch_wishlist_rank,2026-07-24,-5,1343,ok,2026-07-24T04:51:55.902Z
2976110,Separated,2026-07-29,pre_launch_wishlist_rank,2026-07-25,-4,1311,ok,2026-07-25T04:47:58.982Z
2976110,Separated,2026-07-29,pre_launch_wishlist_rank,2026-07-26,-3,1276,ok,2026-07-26T05:02:25.100Z
2976110,Separated,2026-07-29,pre_launch_wishlist_rank,2026-07-27,-2,1201,ok,2026-07-27T05:28:24.621Z
2976110,Separated,2026-07-29,pre_launch_wishlist_rank,2026-07-28,-1,1133,ok,2026-07-28T04:45:52.627Z
2976110,Separated,2026-07-29,post_launch_reviews_total,2026-07-29,0,0,ok,2026-07-29T04:50:58.767Z
2976110,Separated,2026-07-29,post_launch_reviews_total,2026-07-30,1,,not_collected,
2976110,Separated,2026-07-29,post_launch_reviews_total,2026-07-31,2,,not_collected,
2976110,Separated,2026-07-29,post_launch_reviews_total,2026-08-01,3,,not_collected,
2976110,Separated,2026-07-29,post_launch_reviews_total,2026-08-02,4,,not_collected,
2976110,Separated,2026-07-29,post_launch_reviews_total,2026-08-03,5,,not_collected,
2976110,Separated,2026-07-29,post_launch_reviews_total,2026-08-04,6,,not_collected,
2976110,Separated,2026-07-29,post_launch_reviews_total,2026-08-05,7,,not_collected,
2067210,Serious Sam: Shatterverse,2026-08-31,pre_launch_wishlist_rank,2026-08-24,-7,596,ok,2026-08-24T02:48:36.097Z
2067210,Serious Sam: Shatterverse,2026-08-31,pre_launch_wishlist_rank,2026-08-25,-6,582,ok,2026-08-25T02:42:46.392Z
2067210,Serious Sam: Shatterverse,2026-08-31,pre_launch_wishlist_rank,2026-08-26,-5,579,ok,2026-08-26T02:50:15.789Z
2067210,Serious Sam: Shatterverse,2026-08-31,pre_launch_wishlist_rank,2026-08-27,-4,555,ok,2026-08-27T11:57:45.810Z
2067210,Serious Sam: Shatterverse,2026-08-31,pre_launch_wishlist_rank,2026-08-28,-3,538,ok,2026-08-28T13:19:41.332Z
2067210,Serious Sam: Shatterverse,2026-08-31,pre_launch_wishlist_rank,2026-08-29,-2,526,ok,2026-08-29T08:16:08.181Z
2067210,Serious Sam: Shatterverse,2026-08-31,pre_launch_wishlist_rank,2026-08-30,-1,511,ok,2026-08-30T07:17:27.365Z
2067210,Serious Sam: Shatterverse,2026-08-31,post_launch_reviews_total,2026-08-31,0,0,ok,2026-08-31T07:32:46.352Z
2067210,Serious Sam: Shatterverse,2026-08-31,post_launch_reviews_total,2026-09-01,1,,not_collected,
2067210,Serious Sam: Shatterverse,2026-08-31,post_launch_reviews_total,2026-09-02,2,,not_collected,
2067210,Serious Sam: Shatterverse,2026-08-31,post_launch_reviews_total,2026-09-03,3,,not_collected,
2067210,Serious Sam: Shatterverse,2026-08-31,post_launch_reviews_total,2026-09-04,4,,not_collected,
2067210,Serious Sam: Shatterverse,2026-08-31,post_launch_reviews_total,2026-09-05,5,,not_collected,
2067210,Serious Sam: Shatterverse,2026-08-31,post_launch_reviews_total,2026-09-06,6,,not_collected,
2067210,Serious Sam: Shatterverse,2026-08-31,post_launch_reviews_total,2026-09-07,7,,not_collected,
3636770,Servant of the Lake,2026-08-13,pre_launch_wishlist_rank,2026-08-06,-7,307,ok,2026-08-06T04:47:09.485Z
3636770,Servant of the Lake,2026-08-13,pre_launch_wishlist_rank,2026-08-07,-6,303,ok,2026-08-07T04:13:26.771Z
3636770,Servant of the Lake,2026-08-13,pre_launch_wishlist_rank,2026-08-08,-5,299,ok,2026-08-08T03:11:38.214Z
3636770,Servant of the Lake,2026-08-13,pre_launch_wishlist_rank,2026-08-09,-4,297,ok,2026-08-09T03:19:17.318Z
3636770,Servant of the Lake,2026-08-13,pre_launch_wishlist_rank,2026-08-10,-3,295,ok,2026-08-10T03:29:07.136Z
3636770,Servant of the Lake,2026-08-13,pre_launch_wishlist_rank,2026-08-11,-2,293,ok,2026-08-11T03:21:55.619Z
3636770,Servant of the Lake,2026-08-13,pre_launch_wishlist_rank,2026-08-12,-1,285,ok,2026-08-12T03:40:42.315Z
3636770,Servant of the Lake,2026-08-13,post_launch_reviews_total,2026-08-13,0,0,ok,2026-08-13T03:51:51.678Z
3636770,Servant of the Lake,2026-08-13,post_launch_reviews_total,2026-08-14,1,,not_collected,
3636770,Servant of the Lake,2026-08-13,post_launch_reviews_total,2026-08-15,2,,not_collected,
3636770,Servant of the Lake,2026-08-13,post_launch_reviews_total,2026-08-16,3,,not_collected,
3636770,Servant of the Lake,2026-08-13,post_launch_reviews_total,2026-08-17,4,,not_collected,
3636770,Servant of the Lake,2026-08-13,post_launch_reviews_total,2026-08-18,5,,not_collected,
3636770,Servant of the Lake,2026-08-13,post_launch_reviews_total,2026-08-19,6,,not_collected,
3636770,Servant of the Lake,2026-08-13,post_launch_reviews_total,2026-08-20,7,,not_collected,
3396920,Settler's Domain,2026-08-21,pre_launch_wishlist_rank,2026-08-14,-7,1271,ok,2026-08-14T03:41:13.555Z
3396920,Settler's Domain,2026-08-21,pre_launch_wishlist_rank,2026-08-15,-6,1240,ok,2026-08-15T02:36:13.648Z
3396920,Settler's Domain,2026-08-21,pre_launch_wishlist_rank,2026-08-16,-5,1206,ok,2026-08-16T02:45:28.861Z
3396920,Settler's Domain,2026-08-21,pre_launch_wishlist_rank,2026-08-17,-4,1125,ok,2026-08-17T02:45:10.258Z
3396920,Settler's Domain,2026-08-21,pre_launch_wishlist_rank,2026-08-18,-3,1079,ok,2026-08-18T02:39:27.140Z
3396920,Settler's Domain,2026-08-21,pre_launch_wishlist_rank,2026-08-19,-2,1017,ok,2026-08-19T02:42:36.358Z
3396920,Settler's Domain,2026-08-21,pre_launch_wishlist_rank,2026-08-20,-1,981,ok,2026-08-20T02:40:42.136Z
3396920,Settler's Domain,2026-08-21,post_launch_reviews_total,2026-08-21,0,0,ok,2026-08-21T02:47:33.763Z
3396920,Settler's Domain,2026-08-21,post_launch_reviews_total,2026-08-22,1,,not_collected,
3396920,Settler's Domain,2026-08-21,post_launch_reviews_total,2026-08-23,2,,not_collected,
3396920,Settler's Domain,2026-08-21,post_launch_reviews_total,2026-08-24,3,,not_collected,
3396920,Settler's Domain,2026-08-21,post_launch_reviews_total,2026-08-25,4,,not_collected,
3396920,Settler's Domain,2026-08-21,post_launch_reviews_total,2026-08-26,5,,not_collected,
3396920,Settler's Domain,2026-08-21,post_launch_reviews_total,2026-08-27,6,,not_collected,
3396920,Settler's Domain,2026-08-21,post_launch_reviews_total,2026-08-28,7,,not_collected,
4423580,Shadow Dungeon,2026-08-26,pre_launch_wishlist_rank,2026-08-19,-7,1259,ok,2026-08-19T02:42:36.358Z
4423580,Shadow Dungeon,2026-08-26,pre_launch_wishlist_rank,2026-08-20,-6,1232,ok,2026-08-20T02:40:42.136Z
4423580,Shadow Dungeon,2026-08-26,pre_launch_wishlist_rank,2026-08-21,-5,1204,ok,2026-08-21T02:47:33.763Z
4423580,Shadow Dungeon,2026-08-26,pre_launch_wishlist_rank,2026-08-22,-4,1187,ok,2026-08-22T02:38:05.157Z
4423580,Shadow Dungeon,2026-08-26,pre_launch_wishlist_rank,2026-08-23,-3,1154,ok,2026-08-23T02:47:54.993Z
4423580,Shadow Dungeon,2026-08-26,pre_launch_wishlist_rank,2026-08-24,-2,1083,ok,2026-08-24T02:48:36.097Z
4423580,Shadow Dungeon,2026-08-26,pre_launch_wishlist_rank,2026-08-25,-1,1031,ok,2026-08-25T02:42:46.392Z
4423580,Shadow Dungeon,2026-08-26,post_launch_reviews_total,2026-08-26,0,0,ok,2026-08-26T02:50:15.789Z
4423580,Shadow Dungeon,2026-08-26,post_launch_reviews_total,2026-08-27,1,,not_collected,
4423580,Shadow Dungeon,2026-08-26,post_launch_reviews_total,2026-08-28,2,,not_collected,
4423580,Shadow Dungeon,2026-08-26,post_launch_reviews_total,2026-08-29,3,,not_collected,
4423580,Shadow Dungeon,2026-08-26,post_launch_reviews_total,2026-08-30,4,,not_collected,
4423580,Shadow Dungeon,2026-08-26,post_launch_reviews_total,2026-08-31,5,,not_collected,
4423580,Shadow Dungeon,2026-08-26,post_launch_reviews_total,2026-09-01,6,,not_collected,
4423580,Shadow Dungeon,2026-08-26,post_launch_reviews_total,2026-09-02,7,,not_collected,
4292950,Shao Song I,2026-08-19,pre_launch_wishlist_rank,2026-08-12,-7,,not_in_captured_wishlist_ranking,
4292950,Shao Song I,2026-08-19,pre_launch_wishlist_rank,2026-08-13,-6,,not_in_captured_wishlist_ranking,
4292950,Shao Song I,2026-08-19,pre_launch_wishlist_rank,2026-08-14,-5,,not_in_captured_wishlist_ranking,
4292950,Shao Song I,2026-08-19,pre_launch_wishlist_rank,2026-08-15,-4,,not_in_captured_wishlist_ranking,
4292950,Shao Song I,2026-08-19,pre_launch_wishlist_rank,2026-08-16,-3,,not_in_captured_wishlist_ranking,
4292950,Shao Song I,2026-08-19,pre_launch_wishlist_rank,2026-08-17,-2,1956,ok,2026-08-17T02:45:10.258Z
4292950,Shao Song I,2026-08-19,pre_launch_wishlist_rank,2026-08-18,-1,1881,ok,2026-08-18T02:39:27.140Z
4292950,Shao Song I,2026-08-19,post_launch_reviews_total,2026-08-19,0,0,ok,2026-08-19T02:42:36.358Z
4292950,Shao Song I,2026-08-19,post_launch_reviews_total,2026-08-20,1,,not_collected,
4292950,Shao Song I,2026-08-19,post_launch_reviews_total,2026-08-21,2,,not_collected,
4292950,Shao Song I,2026-08-19,post_launch_reviews_total,2026-08-22,3,,not_collected,
4292950,Shao Song I,2026-08-19,post_launch_reviews_total,2026-08-23,4,,not_collected,
4292950,Shao Song I,2026-08-19,post_launch_reviews_total,2026-08-24,5,,not_collected,
4292950,Shao Song I,2026-08-19,post_launch_reviews_total,2026-08-25,6,,not_collected,
4292950,Shao Song I,2026-08-19,post_launch_reviews_total,2026-08-26,7,,not_collected,
4851520,ShapesFoundry,2026-07-05,pre_launch_wishlist_rank,2026-06-28,-7,,not_collected,
4851520,ShapesFoundry,2026-07-05,pre_launch_wishlist_rank,2026-06-29,-6,,not_collected,
4851520,ShapesFoundry,2026-07-05,pre_launch_wishlist_rank,2026-06-30,-5,,not_collected,
4851520,ShapesFoundry,2026-07-05,pre_launch_wishlist_rank,2026-07-01,-4,,not_collected,
4851520,ShapesFoundry,2026-07-05,pre_launch_wishlist_rank,2026-07-02,-3,,not_collected,
4851520,ShapesFoundry,2026-07-05,pre_launch_wishlist_rank,2026-07-03,-2,,not_in_captured_wishlist_ranking,
4851520,ShapesFoundry,2026-07-05,pre_launch_wishlist_rank,2026-07-04,-1,,not_in_captured_wishlist_ranking,
4851520,ShapesFoundry,2026-07-05,post_launch_reviews_total,2026-07-05,0,0,ok,2026-07-05T05:38:17.292Z
4851520,ShapesFoundry,2026-07-05,post_launch_reviews_total,2026-07-06,1,0,ok,2026-07-06T04:31:47.397Z
4851520,ShapesFoundry,2026-07-05,post_launch_reviews_total,2026-07-07,2,,not_collected,
4851520,ShapesFoundry,2026-07-05,post_launch_reviews_total,2026-07-08,3,,not_collected,
4851520,ShapesFoundry,2026-07-05,post_launch_reviews_total,2026-07-09,4,,not_collected,
4851520,ShapesFoundry,2026-07-05,post_launch_reviews_total,2026-07-10,5,,not_collected,
4851520,ShapesFoundry,2026-07-05,post_launch_reviews_total,2026-07-11,6,,not_collected,
4851520,ShapesFoundry,2026-07-05,post_launch_reviews_total,2026-07-12,7,,not_collected,
3432480,Shards of Order,2026-07-28,pre_launch_wishlist_rank,2026-07-21,-7,1254,ok,2026-07-21T04:50:39.944Z
3432480,Shards of Order,2026-07-28,pre_launch_wishlist_rank,2026-07-22,-6,1215,ok,2026-07-22T04:50:32.272Z
3432480,Shards of Order,2026-07-28,pre_launch_wishlist_rank,2026-07-23,-5,1182,ok,2026-07-23T04:56:12.842Z
3432480,Shards of Order,2026-07-28,pre_launch_wishlist_rank,2026-07-24,-4,1153,ok,2026-07-24T04:51:55.902Z
3432480,Shards of Order,2026-07-28,pre_launch_wishlist_rank,2026-07-25,-3,1135,ok,2026-07-25T04:47:58.982Z
3432480,Shards of Order,2026-07-28,pre_launch_wishlist_rank,2026-07-26,-2,1114,ok,2026-07-26T05:02:25.100Z
3432480,Shards of Order,2026-07-28,pre_launch_wishlist_rank,2026-07-27,-1,1071,ok,2026-07-27T05:28:24.621Z
3432480,Shards of Order,2026-07-28,post_launch_reviews_total,2026-07-28,0,0,ok,2026-07-28T04:45:52.627Z
3432480,Shards of Order,2026-07-28,post_launch_reviews_total,2026-07-29,1,,not_collected,
3432480,Shards of Order,2026-07-28,post_launch_reviews_total,2026-07-30,2,,not_collected,
3432480,Shards of Order,2026-07-28,post_launch_reviews_total,2026-07-31,3,,not_collected,
3432480,Shards of Order,2026-07-28,post_launch_reviews_total,2026-08-01,4,,not_collected,
3432480,Shards of Order,2026-07-28,post_launch_reviews_total,2026-08-02,5,,not_collected,
3432480,Shards of Order,2026-07-28,post_launch_reviews_total,2026-08-03,6,,not_collected,
3432480,Shards of Order,2026-07-28,post_launch_reviews_total,2026-08-04,7,,not_collected,
4928820,Shelve the Potions!,2026-08-24,pre_launch_wishlist_rank,2026-08-17,-7,1407,ok,2026-08-17T02:45:10.258Z
4928820,Shelve the Potions!,2026-08-24,pre_launch_wishlist_rank,2026-08-18,-6,1375,ok,2026-08-18T02:39:27.140Z
4928820,Shelve the Potions!,2026-08-24,pre_launch_wishlist_rank,2026-08-19,-5,1345,ok,2026-08-19T02:42:36.358Z
4928820,Shelve the Potions!,2026-08-24,pre_launch_wishlist_rank,2026-08-20,-4,1328,ok,2026-08-20T02:40:42.136Z
4928820,Shelve the Potions!,2026-08-24,pre_launch_wishlist_rank,2026-08-21,-3,1296,ok,2026-08-21T02:47:33.763Z
4928820,Shelve the Potions!,2026-08-24,pre_launch_wishlist_rank,2026-08-22,-2,1267,ok,2026-08-22T02:38:05.157Z
4928820,Shelve the Potions!,2026-08-24,pre_launch_wishlist_rank,2026-08-23,-1,1233,ok,2026-08-23T02:47:54.993Z
4928820,Shelve the Potions!,2026-08-24,post_launch_reviews_total,2026-08-24,0,0,ok,2026-08-24T02:48:36.097Z
4928820,Shelve the Potions!,2026-08-24,post_launch_reviews_total,2026-08-25,1,,not_collected,
4928820,Shelve the Potions!,2026-08-24,post_launch_reviews_total,2026-08-26,2,,not_collected,
4928820,Shelve the Potions!,2026-08-24,post_launch_reviews_total,2026-08-27,3,,not_collected,
4928820,Shelve the Potions!,2026-08-24,post_launch_reviews_total,2026-08-28,4,,not_collected,
4928820,Shelve the Potions!,2026-08-24,post_launch_reviews_total,2026-08-29,5,,not_collected,
4928820,Shelve the Potions!,2026-08-24,post_launch_reviews_total,2026-08-30,6,,not_collected,
4928820,Shelve the Potions!,2026-08-24,post_launch_reviews_total,2026-08-31,7,,not_collected,
3614130,Shelves and Sorcery: Tidy Up the Enchanted Shop,2026-08-11,pre_launch_wishlist_rank,2026-08-04,-7,,not_in_captured_wishlist_ranking,
3614130,Shelves and Sorcery: Tidy Up the Enchanted Shop,2026-08-11,pre_launch_wishlist_rank,2026-08-05,-6,,not_in_captured_wishlist_ranking,
3614130,Shelves and Sorcery: Tidy Up the Enchanted Shop,2026-08-11,pre_launch_wishlist_rank,2026-08-06,-5,,not_in_captured_wishlist_ranking,
3614130,Shelves and Sorcery: Tidy Up the Enchanted Shop,2026-08-11,pre_launch_wishlist_rank,2026-08-07,-4,,not_in_captured_wishlist_ranking,
3614130,Shelves and Sorcery: Tidy Up the Enchanted Shop,2026-08-11,pre_launch_wishlist_rank,2026-08-08,-3,,not_in_captured_wishlist_ranking,
3614130,Shelves and Sorcery: Tidy Up the Enchanted Shop,2026-08-11,pre_launch_wishlist_rank,2026-08-09,-2,,not_in_captured_wishlist_ranking,
3614130,Shelves and Sorcery: Tidy Up the Enchanted Shop,2026-08-11,pre_launch_wishlist_rank,2026-08-10,-1,,not_in_captured_wishlist_ranking,
3614130,Shelves and Sorcery: Tidy Up the Enchanted Shop,2026-08-11,post_launch_reviews_total,2026-08-11,0,0,ok,2026-08-11T03:21:55.619Z
3614130,Shelves and Sorcery: Tidy Up the Enchanted Shop,2026-08-11,post_launch_reviews_total,2026-08-12,1,,not_collected,
3614130,Shelves and Sorcery: Tidy Up the Enchanted Shop,2026-08-11,post_launch_reviews_total,2026-08-13,2,,not_collected,
3614130,Shelves and Sorcery: Tidy Up the Enchanted Shop,2026-08-11,post_launch_reviews_total,2026-08-14,3,,not_collected,
3614130,Shelves and Sorcery: Tidy Up the Enchanted Shop,2026-08-11,post_launch_reviews_total,2026-08-15,4,,not_collected,
3614130,Shelves and Sorcery: Tidy Up the Enchanted Shop,2026-08-11,post_launch_reviews_total,2026-08-16,5,,not_collected,
3614130,Shelves and Sorcery: Tidy Up the Enchanted Shop,2026-08-11,post_launch_reviews_total,2026-08-17,6,,not_collected,
3614130,Shelves and Sorcery: Tidy Up the Enchanted Shop,2026-08-11,post_launch_reviews_total,2026-08-18,7,,not_collected,
3722330,Shift At Midnight,2026-07-22,pre_launch_wishlist_rank,2026-07-15,-7,66,ok,2026-07-15T04:32:45.763Z
3722330,Shift At Midnight,2026-07-22,pre_launch_wishlist_rank,2026-07-16,-6,66,ok,2026-07-16T04:42:31.378Z
3722330,Shift At Midnight,2026-07-22,pre_launch_wishlist_rank,2026-07-17,-5,66,ok,2026-07-17T04:45:39.030Z
3722330,Shift At Midnight,2026-07-22,pre_launch_wishlist_rank,2026-07-18,-4,65,ok,2026-07-18T04:29:54.503Z
3722330,Shift At Midnight,2026-07-22,pre_launch_wishlist_rank,2026-07-19,-3,65,ok,2026-07-19T04:54:49.781Z
3722330,Shift At Midnight,2026-07-22,pre_launch_wishlist_rank,2026-07-20,-2,64,ok,2026-07-20T05:09:45.900Z
3722330,Shift At Midnight,2026-07-22,pre_launch_wishlist_rank,2026-07-21,-1,61,ok,2026-07-21T04:50:39.944Z
3722330,Shift At Midnight,2026-07-22,post_launch_reviews_total,2026-07-22,0,0,ok,2026-07-22T04:50:32.272Z
3722330,Shift At Midnight,2026-07-22,post_launch_reviews_total,2026-07-23,1,,not_collected,
3722330,Shift At Midnight,2026-07-22,post_launch_reviews_total,2026-07-24,2,,not_collected,
3722330,Shift At Midnight,2026-07-22,post_launch_reviews_total,2026-07-25,3,,not_collected,
3722330,Shift At Midnight,2026-07-22,post_launch_reviews_total,2026-07-26,4,,not_collected,
3722330,Shift At Midnight,2026-07-22,post_launch_reviews_total,2026-07-27,5,,not_collected,
3722330,Shift At Midnight,2026-07-22,post_launch_reviews_total,2026-07-28,6,,not_collected,
3722330,Shift At Midnight,2026-07-22,post_launch_reviews_total,2026-07-29,7,,not_collected,
4339280,ShipShaper: Falconeer Chronicles,2026-09-02,pre_launch_wishlist_rank,2026-08-26,-7,951,ok,2026-08-26T02:50:15.789Z
4339280,ShipShaper: Falconeer Chronicles,2026-09-02,pre_launch_wishlist_rank,2026-08-27,-6,937,ok,2026-08-27T11:57:45.810Z
4339280,ShipShaper: Falconeer Chronicles,2026-09-02,pre_launch_wishlist_rank,2026-08-28,-5,925,ok,2026-08-28T13:19:41.332Z
4339280,ShipShaper: Falconeer Chronicles,2026-09-02,pre_launch_wishlist_rank,2026-08-29,-4,915,ok,2026-08-29T08:16:08.181Z
4339280,ShipShaper: Falconeer Chronicles,2026-09-02,pre_launch_wishlist_rank,2026-08-30,-3,900,ok,2026-08-30T07:17:27.365Z
4339280,ShipShaper: Falconeer Chronicles,2026-09-02,pre_launch_wishlist_rank,2026-08-31,-2,871,ok,2026-08-31T07:32:46.352Z
4339280,ShipShaper: Falconeer Chronicles,2026-09-02,pre_launch_wishlist_rank,2026-09-01,-1,847,ok,2026-09-01T06:43:33.167Z
4339280,ShipShaper: Falconeer Chronicles,2026-09-02,post_launch_reviews_total,2026-09-02,0,0,ok,2026-09-02T06:21:55.398Z
4339280,ShipShaper: Falconeer Chronicles,2026-09-02,post_launch_reviews_total,2026-09-03,1,,not_collected,
4339280,ShipShaper: Falconeer Chronicles,2026-09-02,post_launch_reviews_total,2026-09-04,2,,not_collected,
4339280,ShipShaper: Falconeer Chronicles,2026-09-02,post_launch_reviews_total,2026-09-05,3,,not_collected,
4339280,ShipShaper: Falconeer Chronicles,2026-09-02,post_launch_reviews_total,2026-09-06,4,,not_collected,
4339280,ShipShaper: Falconeer Chronicles,2026-09-02,post_launch_reviews_total,2026-09-07,5,,not_collected,
4339280,ShipShaper: Falconeer Chronicles,2026-09-02,post_launch_reviews_total,2026-09-08,6,,not_collected,
4339280,ShipShaper: Falconeer Chronicles,2026-09-02,post_launch_reviews_total,2026-09-09,7,,not_collected,
4268460,ShoreTiles,2026-09-03,pre_launch_wishlist_rank,2026-08-27,-7,,not_in_captured_wishlist_ranking,
4268460,ShoreTiles,2026-09-03,pre_launch_wishlist_rank,2026-08-28,-6,,not_in_captured_wishlist_ranking,
4268460,ShoreTiles,2026-09-03,pre_launch_wishlist_rank,2026-08-29,-5,,not_in_captured_wishlist_ranking,
4268460,ShoreTiles,2026-09-03,pre_launch_wishlist_rank,2026-08-30,-4,,not_in_captured_wishlist_ranking,
4268460,ShoreTiles,2026-09-03,pre_launch_wishlist_rank,2026-08-31,-3,,not_in_captured_wishlist_ranking,
4268460,ShoreTiles,2026-09-03,pre_launch_wishlist_rank,2026-09-01,-2,,not_in_captured_wishlist_ranking,
4268460,ShoreTiles,2026-09-03,pre_launch_wishlist_rank,2026-09-02,-1,1982,ok,2026-09-02T06:21:55.398Z
4268460,ShoreTiles,2026-09-03,post_launch_reviews_total,2026-09-03,0,0,ok,2026-09-03T06:24:29.914Z
4268460,ShoreTiles,2026-09-03,post_launch_reviews_total,2026-09-04,1,,not_collected,
4268460,ShoreTiles,2026-09-03,post_launch_reviews_total,2026-09-05,2,,not_collected,
4268460,ShoreTiles,2026-09-03,post_launch_reviews_total,2026-09-06,3,,not_collected,
4268460,ShoreTiles,2026-09-03,post_launch_reviews_total,2026-09-07,4,,not_collected,
4268460,ShoreTiles,2026-09-03,post_launch_reviews_total,2026-09-08,5,,not_collected,
4268460,ShoreTiles,2026-09-03,post_launch_reviews_total,2026-09-09,6,,not_collected,
4268460,ShoreTiles,2026-09-03,post_launch_reviews_total,2026-09-10,7,,not_collected,
2824880,SHRIMP GAME: OVERKRILL,2026-08-27,pre_launch_wishlist_rank,2026-08-20,-7,1373,ok,2026-08-20T02:40:42.136Z
2824880,SHRIMP GAME: OVERKRILL,2026-08-27,pre_launch_wishlist_rank,2026-08-21,-6,1358,ok,2026-08-21T02:47:33.763Z
2824880,SHRIMP GAME: OVERKRILL,2026-08-27,pre_launch_wishlist_rank,2026-08-22,-5,1332,ok,2026-08-22T02:38:05.157Z
2824880,SHRIMP GAME: OVERKRILL,2026-08-27,pre_launch_wishlist_rank,2026-08-23,-4,1316,ok,2026-08-23T02:47:54.993Z
2824880,SHRIMP GAME: OVERKRILL,2026-08-27,pre_launch_wishlist_rank,2026-08-24,-3,1272,ok,2026-08-24T02:48:36.097Z
2824880,SHRIMP GAME: OVERKRILL,2026-08-27,pre_launch_wishlist_rank,2026-08-25,-2,1223,ok,2026-08-25T02:42:46.392Z
2824880,SHRIMP GAME: OVERKRILL,2026-08-27,pre_launch_wishlist_rank,2026-08-26,-1,1190,ok,2026-08-26T02:50:15.789Z
2824880,SHRIMP GAME: OVERKRILL,2026-08-27,post_launch_reviews_total,2026-08-27,0,,not_collected,
2824880,SHRIMP GAME: OVERKRILL,2026-08-27,post_launch_reviews_total,2026-08-28,1,,not_collected,
2824880,SHRIMP GAME: OVERKRILL,2026-08-27,post_launch_reviews_total,2026-08-29,2,,not_collected,
2824880,SHRIMP GAME: OVERKRILL,2026-08-27,post_launch_reviews_total,2026-08-30,3,,not_collected,
2824880,SHRIMP GAME: OVERKRILL,2026-08-27,post_launch_reviews_total,2026-08-31,4,,not_collected,
2824880,SHRIMP GAME: OVERKRILL,2026-08-27,post_launch_reviews_total,2026-09-01,5,,not_collected,
2824880,SHRIMP GAME: OVERKRILL,2026-08-27,post_launch_reviews_total,2026-09-02,6,,not_collected,
2824880,SHRIMP GAME: OVERKRILL,2026-08-27,post_launch_reviews_total,2026-09-03,7,,not_collected,
3271280,Shroom and Gloom,2026-09-10,pre_launch_wishlist_rank,2026-09-03,-7,200,ok,2026-09-03T06:24:29.914Z
3271280,Shroom and Gloom,2026-09-10,pre_launch_wishlist_rank,2026-09-04,-6,,not_collected,
3271280,Shroom and Gloom,2026-09-10,pre_launch_wishlist_rank,2026-09-05,-5,,not_collected,
3271280,Shroom and Gloom,2026-09-10,pre_launch_wishlist_rank,2026-09-06,-4,,not_collected,
3271280,Shroom and Gloom,2026-09-10,pre_launch_wishlist_rank,2026-09-07,-3,,not_collected,
3271280,Shroom and Gloom,2026-09-10,pre_launch_wishlist_rank,2026-09-08,-2,,not_collected,
3271280,Shroom and Gloom,2026-09-10,pre_launch_wishlist_rank,2026-09-09,-1,,not_collected,
3271280,Shroom and Gloom,2026-09-10,post_launch_reviews_total,2026-09-10,0,,not_collected,
3271280,Shroom and Gloom,2026-09-10,post_launch_reviews_total,2026-09-11,1,,not_collected,
3271280,Shroom and Gloom,2026-09-10,post_launch_reviews_total,2026-09-12,2,,not_collected,
3271280,Shroom and Gloom,2026-09-10,post_launch_reviews_total,2026-09-13,3,,not_collected,
3271280,Shroom and Gloom,2026-09-10,post_launch_reviews_total,2026-09-14,4,,not_collected,
3271280,Shroom and Gloom,2026-09-10,post_launch_reviews_total,2026-09-15,5,,not_collected,
3271280,Shroom and Gloom,2026-09-10,post_launch_reviews_total,2026-09-16,6,,not_collected,
3271280,Shroom and Gloom,2026-09-10,post_launch_reviews_total,2026-09-17,7,,not_collected,
2379160,Signy & Mino: Against All Gods,2026-07-30,pre_launch_wishlist_rank,2026-07-23,-7,,not_in_captured_wishlist_ranking,
2379160,Signy & Mino: Against All Gods,2026-07-30,pre_launch_wishlist_rank,2026-07-24,-6,,not_in_captured_wishlist_ranking,
2379160,Signy & Mino: Against All Gods,2026-07-30,pre_launch_wishlist_rank,2026-07-25,-5,,not_in_captured_wishlist_ranking,
2379160,Signy & Mino: Against All Gods,2026-07-30,pre_launch_wishlist_rank,2026-07-26,-4,,not_in_captured_wishlist_ranking,
2379160,Signy & Mino: Against All Gods,2026-07-30,pre_launch_wishlist_rank,2026-07-27,-3,,not_in_captured_wishlist_ranking,
2379160,Signy & Mino: Against All Gods,2026-07-30,pre_launch_wishlist_rank,2026-07-28,-2,1997,ok,2026-07-28T04:45:52.627Z
2379160,Signy & Mino: Against All Gods,2026-07-30,pre_launch_wishlist_rank,2026-07-29,-1,1954,ok,2026-07-29T04:50:58.767Z
2379160,Signy & Mino: Against All Gods,2026-07-30,post_launch_reviews_total,2026-07-30,0,0,ok,2026-07-30T04:38:29.620Z
2379160,Signy & Mino: Against All Gods,2026-07-30,post_launch_reviews_total,2026-07-31,1,,not_collected,
2379160,Signy & Mino: Against All Gods,2026-07-30,post_launch_reviews_total,2026-08-01,2,,not_collected,
2379160,Signy & Mino: Against All Gods,2026-07-30,post_launch_reviews_total,2026-08-02,3,,not_collected,
2379160,Signy & Mino: Against All Gods,2026-07-30,post_launch_reviews_total,2026-08-03,4,,not_collected,
2379160,Signy & Mino: Against All Gods,2026-07-30,post_launch_reviews_total,2026-08-04,5,,not_collected,
2379160,Signy & Mino: Against All Gods,2026-07-30,post_launch_reviews_total,2026-08-05,6,,not_collected,
2379160,Signy & Mino: Against All Gods,2026-07-30,post_launch_reviews_total,2026-08-06,7,,not_collected,
1636440,SILENT HILL: Townfall,2026-09-23,pre_launch_wishlist_rank,2026-09-16,-7,,not_collected,
1636440,SILENT HILL: Townfall,2026-09-23,pre_launch_wishlist_rank,2026-09-17,-6,,not_collected,
1636440,SILENT HILL: Townfall,2026-09-23,pre_launch_wishlist_rank,2026-09-18,-5,,not_collected,
1636440,SILENT HILL: Townfall,2026-09-23,pre_launch_wishlist_rank,2026-09-19,-4,,not_collected,
1636440,SILENT HILL: Townfall,2026-09-23,pre_launch_wishlist_rank,2026-09-20,-3,,not_collected,
1636440,SILENT HILL: Townfall,2026-09-23,pre_launch_wishlist_rank,2026-09-21,-2,,not_collected,
1636440,SILENT HILL: Townfall,2026-09-23,pre_launch_wishlist_rank,2026-09-22,-1,,not_collected,
1636440,SILENT HILL: Townfall,2026-09-23,post_launch_reviews_total,2026-09-23,0,,not_collected,
1636440,SILENT HILL: Townfall,2026-09-23,post_launch_reviews_total,2026-09-24,1,,not_collected,
1636440,SILENT HILL: Townfall,2026-09-23,post_launch_reviews_total,2026-09-25,2,,not_collected,
1636440,SILENT HILL: Townfall,2026-09-23,post_launch_reviews_total,2026-09-26,3,,not_collected,
1636440,SILENT HILL: Townfall,2026-09-23,post_launch_reviews_total,2026-09-27,4,,not_collected,
1636440,SILENT HILL: Townfall,2026-09-23,post_launch_reviews_total,2026-09-28,5,,not_collected,
1636440,SILENT HILL: Townfall,2026-09-23,post_launch_reviews_total,2026-09-29,6,,not_collected,
1636440,SILENT HILL: Townfall,2026-09-23,post_launch_reviews_total,2026-09-30,7,,not_collected,
4705650,Silent Shark,2026-08-12,pre_launch_wishlist_rank,2026-08-05,-7,,not_in_captured_wishlist_ranking,
4705650,Silent Shark,2026-08-12,pre_launch_wishlist_rank,2026-08-06,-6,,not_in_captured_wishlist_ranking,
4705650,Silent Shark,2026-08-12,pre_launch_wishlist_rank,2026-08-07,-5,,not_in_captured_wishlist_ranking,
4705650,Silent Shark,2026-08-12,pre_launch_wishlist_rank,2026-08-08,-4,,not_in_captured_wishlist_ranking,
4705650,Silent Shark,2026-08-12,pre_launch_wishlist_rank,2026-08-09,-3,,not_in_captured_wishlist_ranking,
4705650,Silent Shark,2026-08-12,pre_launch_wishlist_rank,2026-08-10,-2,,not_in_captured_wishlist_ranking,
4705650,Silent Shark,2026-08-12,pre_launch_wishlist_rank,2026-08-11,-1,,not_in_captured_wishlist_ranking,
4705650,Silent Shark,2026-08-12,post_launch_reviews_total,2026-08-12,0,0,ok,2026-08-12T03:40:42.315Z
4705650,Silent Shark,2026-08-12,post_launch_reviews_total,2026-08-13,1,,not_collected,
4705650,Silent Shark,2026-08-12,post_launch_reviews_total,2026-08-14,2,,not_collected,
4705650,Silent Shark,2026-08-12,post_launch_reviews_total,2026-08-15,3,,not_collected,
4705650,Silent Shark,2026-08-12,post_launch_reviews_total,2026-08-16,4,,not_collected,
4705650,Silent Shark,2026-08-12,post_launch_reviews_total,2026-08-17,5,,not_collected,
4705650,Silent Shark,2026-08-12,post_launch_reviews_total,2026-08-18,6,,not_collected,
4705650,Silent Shark,2026-08-12,post_launch_reviews_total,2026-08-19,7,,not_collected,
4594150,"Sir, We Have an Orc Problem",2026-07-28,pre_launch_wishlist_rank,2026-07-21,-7,456,ok,2026-07-21T04:50:39.944Z
4594150,"Sir, We Have an Orc Problem",2026-07-28,pre_launch_wishlist_rank,2026-07-22,-6,447,ok,2026-07-22T04:50:32.272Z
4594150,"Sir, We Have an Orc Problem",2026-07-28,pre_launch_wishlist_rank,2026-07-23,-5,435,ok,2026-07-23T04:56:12.842Z
4594150,"Sir, We Have an Orc Problem",2026-07-28,pre_launch_wishlist_rank,2026-07-24,-4,425,ok,2026-07-24T04:51:55.902Z
4594150,"Sir, We Have an Orc Problem",2026-07-28,pre_launch_wishlist_rank,2026-07-25,-3,413,ok,2026-07-25T04:47:58.982Z
4594150,"Sir, We Have an Orc Problem",2026-07-28,pre_launch_wishlist_rank,2026-07-26,-2,404,ok,2026-07-26T05:02:25.100Z
4594150,"Sir, We Have an Orc Problem",2026-07-28,pre_launch_wishlist_rank,2026-07-27,-1,383,ok,2026-07-27T05:28:24.621Z
4594150,"Sir, We Have an Orc Problem",2026-07-28,post_launch_reviews_total,2026-07-28,0,0,ok,2026-07-28T04:45:52.627Z
4594150,"Sir, We Have an Orc Problem",2026-07-28,post_launch_reviews_total,2026-07-29,1,,not_collected,
4594150,"Sir, We Have an Orc Problem",2026-07-28,post_launch_reviews_total,2026-07-30,2,,not_collected,
4594150,"Sir, We Have an Orc Problem",2026-07-28,post_launch_reviews_total,2026-07-31,3,,not_collected,
4594150,"Sir, We Have an Orc Problem",2026-07-28,post_launch_reviews_total,2026-08-01,4,,not_collected,
4594150,"Sir, We Have an Orc Problem",2026-07-28,post_launch_reviews_total,2026-08-02,5,,not_collected,
4594150,"Sir, We Have an Orc Problem",2026-07-28,post_launch_reviews_total,2026-08-03,6,,not_collected,
4594150,"Sir, We Have an Orc Problem",2026-07-28,post_launch_reviews_total,2026-08-04,7,,not_collected,
4240150,Sister Other Paranoia,2026-08-14,pre_launch_wishlist_rank,2026-08-07,-7,1090,ok,2026-08-07T04:13:26.771Z
4240150,Sister Other Paranoia,2026-08-14,pre_launch_wishlist_rank,2026-08-08,-6,1071,ok,2026-08-08T03:11:38.214Z
4240150,Sister Other Paranoia,2026-08-14,pre_launch_wishlist_rank,2026-08-09,-5,1038,ok,2026-08-09T03:19:17.318Z
4240150,Sister Other Paranoia,2026-08-14,pre_launch_wishlist_rank,2026-08-10,-4,1003,ok,2026-08-10T03:29:07.136Z
4240150,Sister Other Paranoia,2026-08-14,pre_launch_wishlist_rank,2026-08-11,-3,956,ok,2026-08-11T03:21:55.619Z
4240150,Sister Other Paranoia,2026-08-14,pre_launch_wishlist_rank,2026-08-12,-2,902,ok,2026-08-12T03:40:42.315Z
4240150,Sister Other Paranoia,2026-08-14,pre_launch_wishlist_rank,2026-08-13,-1,865,ok,2026-08-13T03:51:51.678Z
4240150,Sister Other Paranoia,2026-08-14,post_launch_reviews_total,2026-08-14,0,0,ok,2026-08-14T03:41:13.555Z
4240150,Sister Other Paranoia,2026-08-14,post_launch_reviews_total,2026-08-15,1,0,ok,2026-08-15T02:36:13.648Z
4240150,Sister Other Paranoia,2026-08-14,post_launch_reviews_total,2026-08-16,2,,not_collected,
4240150,Sister Other Paranoia,2026-08-14,post_launch_reviews_total,2026-08-17,3,,not_collected,
4240150,Sister Other Paranoia,2026-08-14,post_launch_reviews_total,2026-08-18,4,,not_collected,
4240150,Sister Other Paranoia,2026-08-14,post_launch_reviews_total,2026-08-19,5,,not_collected,
4240150,Sister Other Paranoia,2026-08-14,post_launch_reviews_total,2026-08-20,6,,not_collected,
4240150,Sister Other Paranoia,2026-08-14,post_launch_reviews_total,2026-08-21,7,,not_collected,
4117730,Slayblade,2026-08-20,pre_launch_wishlist_rank,2026-08-13,-7,501,ok,2026-08-13T03:51:51.678Z
4117730,Slayblade,2026-08-20,pre_launch_wishlist_rank,2026-08-14,-6,488,ok,2026-08-14T03:41:13.555Z
4117730,Slayblade,2026-08-20,pre_launch_wishlist_rank,2026-08-15,-5,481,ok,2026-08-15T02:36:13.648Z
4117730,Slayblade,2026-08-20,pre_launch_wishlist_rank,2026-08-16,-4,476,ok,2026-08-16T02:45:28.861Z
4117730,Slayblade,2026-08-20,pre_launch_wishlist_rank,2026-08-17,-3,463,ok,2026-08-17T02:45:10.258Z
4117730,Slayblade,2026-08-20,pre_launch_wishlist_rank,2026-08-18,-2,450,ok,2026-08-18T02:39:27.140Z
4117730,Slayblade,2026-08-20,pre_launch_wishlist_rank,2026-08-19,-1,438,ok,2026-08-19T02:42:36.358Z
4117730,Slayblade,2026-08-20,post_launch_reviews_total,2026-08-20,0,0,ok,2026-08-20T02:40:42.136Z
4117730,Slayblade,2026-08-20,post_launch_reviews_total,2026-08-21,1,,not_collected,
4117730,Slayblade,2026-08-20,post_launch_reviews_total,2026-08-22,2,,not_collected,
4117730,Slayblade,2026-08-20,post_launch_reviews_total,2026-08-23,3,,not_collected,
4117730,Slayblade,2026-08-20,post_launch_reviews_total,2026-08-24,4,,not_collected,
4117730,Slayblade,2026-08-20,post_launch_reviews_total,2026-08-25,5,,not_collected,
4117730,Slayblade,2026-08-20,post_launch_reviews_total,2026-08-26,6,,not_collected,
4117730,Slayblade,2026-08-20,post_launch_reviews_total,2026-08-27,7,,not_collected,
4073860,Sludgineers,2026-08-25,pre_launch_wishlist_rank,2026-08-18,-7,1159,ok,2026-08-18T02:39:27.140Z
4073860,Sludgineers,2026-08-25,pre_launch_wishlist_rank,2026-08-19,-6,1130,ok,2026-08-19T02:42:36.358Z
4073860,Sludgineers,2026-08-25,pre_launch_wishlist_rank,2026-08-20,-5,1103,ok,2026-08-20T02:40:42.136Z
4073860,Sludgineers,2026-08-25,pre_launch_wishlist_rank,2026-08-21,-4,1070,ok,2026-08-21T02:47:33.763Z
4073860,Sludgineers,2026-08-25,pre_launch_wishlist_rank,2026-08-22,-3,1057,ok,2026-08-22T02:38:05.157Z
4073860,Sludgineers,2026-08-25,pre_launch_wishlist_rank,2026-08-23,-2,1022,ok,2026-08-23T02:47:54.993Z
4073860,Sludgineers,2026-08-25,pre_launch_wishlist_rank,2026-08-24,-1,960,ok,2026-08-24T02:48:36.097Z
4073860,Sludgineers,2026-08-25,post_launch_reviews_total,2026-08-25,0,0,ok,2026-08-25T02:42:46.392Z
4073860,Sludgineers,2026-08-25,post_launch_reviews_total,2026-08-26,1,,not_collected,
4073860,Sludgineers,2026-08-25,post_launch_reviews_total,2026-08-27,2,,not_collected,
4073860,Sludgineers,2026-08-25,post_launch_reviews_total,2026-08-28,3,,not_collected,
4073860,Sludgineers,2026-08-25,post_launch_reviews_total,2026-08-29,4,,not_collected,
4073860,Sludgineers,2026-08-25,post_launch_reviews_total,2026-08-30,5,,not_collected,
4073860,Sludgineers,2026-08-25,post_launch_reviews_total,2026-08-31,6,,not_collected,
4073860,Sludgineers,2026-08-25,post_launch_reviews_total,2026-09-01,7,,not_collected,
4624100,Smoke Town,2026-07-10,pre_launch_wishlist_rank,2026-07-03,-7,,not_in_captured_wishlist_ranking,
4624100,Smoke Town,2026-07-10,pre_launch_wishlist_rank,2026-07-04,-6,,not_in_captured_wishlist_ranking,
4624100,Smoke Town,2026-07-10,pre_launch_wishlist_rank,2026-07-05,-5,,not_in_captured_wishlist_ranking,
4624100,Smoke Town,2026-07-10,pre_launch_wishlist_rank,2026-07-06,-4,,not_in_captured_wishlist_ranking,
4624100,Smoke Town,2026-07-10,pre_launch_wishlist_rank,2026-07-07,-3,,not_in_captured_wishlist_ranking,
4624100,Smoke Town,2026-07-10,pre_launch_wishlist_rank,2026-07-08,-2,,not_in_captured_wishlist_ranking,
4624100,Smoke Town,2026-07-10,pre_launch_wishlist_rank,2026-07-09,-1,,not_in_captured_wishlist_ranking,
4624100,Smoke Town,2026-07-10,post_launch_reviews_total,2026-07-10,0,0,ok,2026-07-10T05:43:57.377Z
4624100,Smoke Town,2026-07-10,post_launch_reviews_total,2026-07-11,1,,not_collected,
4624100,Smoke Town,2026-07-10,post_launch_reviews_total,2026-07-12,2,,not_collected,
4624100,Smoke Town,2026-07-10,post_launch_reviews_total,2026-07-13,3,,not_collected,
4624100,Smoke Town,2026-07-10,post_launch_reviews_total,2026-07-14,4,,not_collected,
4624100,Smoke Town,2026-07-10,post_launch_reviews_total,2026-07-15,5,,not_collected,
4624100,Smoke Town,2026-07-10,post_launch_reviews_total,2026-07-16,6,,not_collected,
4624100,Smoke Town,2026-07-10,post_launch_reviews_total,2026-07-17,7,,not_collected,
4539530,Snap the Cat,2026-08-25,pre_launch_wishlist_rank,2026-08-18,-7,,not_in_captured_wishlist_ranking,
4539530,Snap the Cat,2026-08-25,pre_launch_wishlist_rank,2026-08-19,-6,,not_in_captured_wishlist_ranking,
4539530,Snap the Cat,2026-08-25,pre_launch_wishlist_rank,2026-08-20,-5,,not_in_captured_wishlist_ranking,
4539530,Snap the Cat,2026-08-25,pre_launch_wishlist_rank,2026-08-21,-4,,not_in_captured_wishlist_ranking,
4539530,Snap the Cat,2026-08-25,pre_launch_wishlist_rank,2026-08-22,-3,,not_in_captured_wishlist_ranking,
4539530,Snap the Cat,2026-08-25,pre_launch_wishlist_rank,2026-08-23,-2,,not_in_captured_wishlist_ranking,
4539530,Snap the Cat,2026-08-25,pre_launch_wishlist_rank,2026-08-24,-1,,not_in_captured_wishlist_ranking,
4539530,Snap the Cat,2026-08-25,post_launch_reviews_total,2026-08-25,0,0,ok,2026-08-25T02:42:46.392Z
4539530,Snap the Cat,2026-08-25,post_launch_reviews_total,2026-08-26,1,,not_collected,
4539530,Snap the Cat,2026-08-25,post_launch_reviews_total,2026-08-27,2,,not_collected,
4539530,Snap the Cat,2026-08-25,post_launch_reviews_total,2026-08-28,3,,not_collected,
4539530,Snap the Cat,2026-08-25,post_launch_reviews_total,2026-08-29,4,,not_collected,
4539530,Snap the Cat,2026-08-25,post_launch_reviews_total,2026-08-30,5,,not_collected,
4539530,Snap the Cat,2026-08-25,post_launch_reviews_total,2026-08-31,6,,not_collected,
4539530,Snap the Cat,2026-08-25,post_launch_reviews_total,2026-09-01,7,,not_collected,
4323130,Sniper Camouflage Orange Spy Warrior I Buried Two Bodies in the Garden and the Police Haven't Figured Out Yet That They're Missing Because They Were a Lonely Old Couple Who Had No Relatives Simulator 2026,2026-08-26,pre_launch_wishlist_rank,2026-08-19,-7,1950,ok,2026-08-19T02:42:36.358Z
4323130,Sniper Camouflage Orange Spy Warrior I Buried Two Bodies in the Garden and the Police Haven't Figured Out Yet That They're Missing Because They Were a Lonely Old Couple Who Had No Relatives Simulator 2026,2026-08-26,pre_launch_wishlist_rank,2026-08-20,-6,1820,ok,2026-08-20T02:40:42.136Z
4323130,Sniper Camouflage Orange Spy Warrior I Buried Two Bodies in the Garden and the Police Haven't Figured Out Yet That They're Missing Because They Were a Lonely Old Couple Who Had No Relatives Simulator 2026,2026-08-26,pre_launch_wishlist_rank,2026-08-21,-5,1708,ok,2026-08-21T02:47:33.763Z
4323130,Sniper Camouflage Orange Spy Warrior I Buried Two Bodies in the Garden and the Police Haven't Figured Out Yet That They're Missing Because They Were a Lonely Old Couple Who Had No Relatives Simulator 2026,2026-08-26,pre_launch_wishlist_rank,2026-08-22,-4,1624,ok,2026-08-22T02:38:05.157Z
4323130,Sniper Camouflage Orange Spy Warrior I Buried Two Bodies in the Garden and the Police Haven't Figured Out Yet That They're Missing Because They Were a Lonely Old Couple Who Had No Relatives Simulator 2026,2026-08-26,pre_launch_wishlist_rank,2026-08-23,-3,1545,ok,2026-08-23T02:47:54.993Z
4323130,Sniper Camouflage Orange Spy Warrior I Buried Two Bodies in the Garden and the Police Haven't Figured Out Yet That They're Missing Because They Were a Lonely Old Couple Who Had No Relatives Simulator 2026,2026-08-26,pre_launch_wishlist_rank,2026-08-24,-2,1376,ok,2026-08-24T02:48:36.097Z
4323130,Sniper Camouflage Orange Spy Warrior I Buried Two Bodies in the Garden and the Police Haven't Figured Out Yet That They're Missing Because They Were a Lonely Old Couple Who Had No Relatives Simulator 2026,2026-08-26,pre_launch_wishlist_rank,2026-08-25,-1,1231,ok,2026-08-25T02:42:46.392Z
4323130,Sniper Camouflage Orange Spy Warrior I Buried Two Bodies in the Garden and the Police Haven't Figured Out Yet That They're Missing Because They Were a Lonely Old Couple Who Had No Relatives Simulator 2026,2026-08-26,post_launch_reviews_total,2026-08-26,0,0,ok,2026-08-26T02:50:15.789Z
4323130,Sniper Camouflage Orange Spy Warrior I Buried Two Bodies in the Garden and the Police Haven't Figured Out Yet That They're Missing Because They Were a Lonely Old Couple Who Had No Relatives Simulator 2026,2026-08-26,post_launch_reviews_total,2026-08-27,1,,not_collected,
4323130,Sniper Camouflage Orange Spy Warrior I Buried Two Bodies in the Garden and the Police Haven't Figured Out Yet That They're Missing Because They Were a Lonely Old Couple Who Had No Relatives Simulator 2026,2026-08-26,post_launch_reviews_total,2026-08-28,2,,not_collected,
4323130,Sniper Camouflage Orange Spy Warrior I Buried Two Bodies in the Garden and the Police Haven't Figured Out Yet That They're Missing Because They Were a Lonely Old Couple Who Had No Relatives Simulator 2026,2026-08-26,post_launch_reviews_total,2026-08-29,3,,not_collected,
4323130,Sniper Camouflage Orange Spy Warrior I Buried Two Bodies in the Garden and the Police Haven't Figured Out Yet That They're Missing Because They Were a Lonely Old Couple Who Had No Relatives Simulator 2026,2026-08-26,post_launch_reviews_total,2026-08-30,4,,not_collected,
4323130,Sniper Camouflage Orange Spy Warrior I Buried Two Bodies in the Garden and the Police Haven't Figured Out Yet That They're Missing Because They Were a Lonely Old Couple Who Had No Relatives Simulator 2026,2026-08-26,post_launch_reviews_total,2026-08-31,5,,not_collected,
4323130,Sniper Camouflage Orange Spy Warrior I Buried Two Bodies in the Garden and the Police Haven't Figured Out Yet That They're Missing Because They Were a Lonely Old Couple Who Had No Relatives Simulator 2026,2026-08-26,post_launch_reviews_total,2026-09-01,6,,not_collected,
4323130,Sniper Camouflage Orange Spy Warrior I Buried Two Bodies in the Garden and the Police Haven't Figured Out Yet That They're Missing Because They Were a Lonely Old Couple Who Had No Relatives Simulator 2026,2026-08-26,post_launch_reviews_total,2026-09-02,7,,not_collected,
4528040,Sol One,2026-07-30,pre_launch_wishlist_rank,2026-07-23,-7,,not_in_captured_wishlist_ranking,
4528040,Sol One,2026-07-30,pre_launch_wishlist_rank,2026-07-24,-6,,not_in_captured_wishlist_ranking,
4528040,Sol One,2026-07-30,pre_launch_wishlist_rank,2026-07-25,-5,,not_in_captured_wishlist_ranking,
4528040,Sol One,2026-07-30,pre_launch_wishlist_rank,2026-07-26,-4,,not_in_captured_wishlist_ranking,
4528040,Sol One,2026-07-30,pre_launch_wishlist_rank,2026-07-27,-3,,not_in_captured_wishlist_ranking,
4528040,Sol One,2026-07-30,pre_launch_wishlist_rank,2026-07-28,-2,,not_in_captured_wishlist_ranking,
4528040,Sol One,2026-07-30,pre_launch_wishlist_rank,2026-07-29,-1,1947,ok,2026-07-29T04:50:58.767Z
4528040,Sol One,2026-07-30,post_launch_reviews_total,2026-07-30,0,,not_collected,
4528040,Sol One,2026-07-30,post_launch_reviews_total,2026-07-31,1,,not_collected,
4528040,Sol One,2026-07-30,post_launch_reviews_total,2026-08-01,2,,not_collected,
4528040,Sol One,2026-07-30,post_launch_reviews_total,2026-08-02,3,,not_collected,
4528040,Sol One,2026-07-30,post_launch_reviews_total,2026-08-03,4,,not_collected,
4528040,Sol One,2026-07-30,post_launch_reviews_total,2026-08-04,5,,not_collected,
4528040,Sol One,2026-07-30,post_launch_reviews_total,2026-08-05,6,,not_collected,
4528040,Sol One,2026-07-30,post_launch_reviews_total,2026-08-06,7,,not_collected,
4124920,Some of You May Die,2026-07-24,pre_launch_wishlist_rank,2026-07-17,-7,,not_in_captured_wishlist_ranking,
4124920,Some of You May Die,2026-07-24,pre_launch_wishlist_rank,2026-07-18,-6,,not_in_captured_wishlist_ranking,
4124920,Some of You May Die,2026-07-24,pre_launch_wishlist_rank,2026-07-19,-5,,not_in_captured_wishlist_ranking,
4124920,Some of You May Die,2026-07-24,pre_launch_wishlist_rank,2026-07-20,-4,1989,ok,2026-07-20T05:09:45.900Z
4124920,Some of You May Die,2026-07-24,pre_launch_wishlist_rank,2026-07-21,-3,1917,ok,2026-07-21T04:50:39.944Z
4124920,Some of You May Die,2026-07-24,pre_launch_wishlist_rank,2026-07-22,-2,1860,ok,2026-07-22T04:50:32.272Z
4124920,Some of You May Die,2026-07-24,pre_launch_wishlist_rank,2026-07-23,-1,1780,ok,2026-07-23T04:56:12.842Z
4124920,Some of You May Die,2026-07-24,post_launch_reviews_total,2026-07-24,0,0,ok,2026-07-24T04:51:55.902Z
4124920,Some of You May Die,2026-07-24,post_launch_reviews_total,2026-07-25,1,,not_collected,
4124920,Some of You May Die,2026-07-24,post_launch_reviews_total,2026-07-26,2,,not_collected,
4124920,Some of You May Die,2026-07-24,post_launch_reviews_total,2026-07-27,3,,not_collected,
4124920,Some of You May Die,2026-07-24,post_launch_reviews_total,2026-07-28,4,,not_collected,
4124920,Some of You May Die,2026-07-24,post_launch_reviews_total,2026-07-29,5,,not_collected,
4124920,Some of You May Die,2026-07-24,post_launch_reviews_total,2026-07-30,6,,not_collected,
4124920,Some of You May Die,2026-07-24,post_launch_reviews_total,2026-07-31,7,,not_collected,
4576570,Somnus Corporation,2026-07-08,pre_launch_wishlist_rank,2026-07-01,-7,,not_collected,
4576570,Somnus Corporation,2026-07-08,pre_launch_wishlist_rank,2026-07-02,-6,,not_collected,
4576570,Somnus Corporation,2026-07-08,pre_launch_wishlist_rank,2026-07-03,-5,,not_in_captured_wishlist_ranking,
4576570,Somnus Corporation,2026-07-08,pre_launch_wishlist_rank,2026-07-04,-4,,not_in_captured_wishlist_ranking,
4576570,Somnus Corporation,2026-07-08,pre_launch_wishlist_rank,2026-07-05,-3,,not_in_captured_wishlist_ranking,
4576570,Somnus Corporation,2026-07-08,pre_launch_wishlist_rank,2026-07-06,-2,,not_in_captured_wishlist_ranking,
4576570,Somnus Corporation,2026-07-08,pre_launch_wishlist_rank,2026-07-07,-1,,not_in_captured_wishlist_ranking,
4576570,Somnus Corporation,2026-07-08,post_launch_reviews_total,2026-07-08,0,0,ok,2026-07-08T04:50:41.299Z
4576570,Somnus Corporation,2026-07-08,post_launch_reviews_total,2026-07-09,1,,not_collected,
4576570,Somnus Corporation,2026-07-08,post_launch_reviews_total,2026-07-10,2,,not_collected,
4576570,Somnus Corporation,2026-07-08,post_launch_reviews_total,2026-07-11,3,,not_collected,
4576570,Somnus Corporation,2026-07-08,post_launch_reviews_total,2026-07-12,4,,not_collected,
4576570,Somnus Corporation,2026-07-08,post_launch_reviews_total,2026-07-13,5,,not_collected,
4576570,Somnus Corporation,2026-07-08,post_launch_reviews_total,2026-07-14,6,,not_collected,
4576570,Somnus Corporation,2026-07-08,post_launch_reviews_total,2026-07-15,7,,not_collected,
4992070,Sort Them Ducks,2026-08-13,pre_launch_wishlist_rank,2026-08-06,-7,,not_in_captured_wishlist_ranking,
4992070,Sort Them Ducks,2026-08-13,pre_launch_wishlist_rank,2026-08-07,-6,,not_in_captured_wishlist_ranking,
4992070,Sort Them Ducks,2026-08-13,pre_launch_wishlist_rank,2026-08-08,-5,,not_in_captured_wishlist_ranking,
4992070,Sort Them Ducks,2026-08-13,pre_launch_wishlist_rank,2026-08-09,-4,,not_in_captured_wishlist_ranking,
4992070,Sort Them Ducks,2026-08-13,pre_launch_wishlist_rank,2026-08-10,-3,1919,ok,2026-08-10T03:29:07.136Z
4992070,Sort Them Ducks,2026-08-13,pre_launch_wishlist_rank,2026-08-11,-2,1598,ok,2026-08-11T03:21:55.619Z
4992070,Sort Them Ducks,2026-08-13,pre_launch_wishlist_rank,2026-08-12,-1,1372,ok,2026-08-12T03:40:42.315Z
4992070,Sort Them Ducks,2026-08-13,post_launch_reviews_total,2026-08-13,0,0,ok,2026-08-13T03:51:51.678Z
4992070,Sort Them Ducks,2026-08-13,post_launch_reviews_total,2026-08-14,1,,not_collected,
4992070,Sort Them Ducks,2026-08-13,post_launch_reviews_total,2026-08-15,2,,not_collected,
4992070,Sort Them Ducks,2026-08-13,post_launch_reviews_total,2026-08-16,3,,not_collected,
4992070,Sort Them Ducks,2026-08-13,post_launch_reviews_total,2026-08-17,4,,not_collected,
4992070,Sort Them Ducks,2026-08-13,post_launch_reviews_total,2026-08-18,5,,not_collected,
4992070,Sort Them Ducks,2026-08-13,post_launch_reviews_total,2026-08-19,6,,not_collected,
4992070,Sort Them Ducks,2026-08-13,post_launch_reviews_total,2026-08-20,7,,not_collected,
3544130,Soul Chained,2026-08-31,pre_launch_wishlist_rank,2026-08-24,-7,1081,ok,2026-08-24T02:48:36.097Z
3544130,Soul Chained,2026-08-31,pre_launch_wishlist_rank,2026-08-25,-6,1073,ok,2026-08-25T02:42:46.392Z
3544130,Soul Chained,2026-08-31,pre_launch_wishlist_rank,2026-08-26,-5,1068,ok,2026-08-26T02:50:15.789Z
3544130,Soul Chained,2026-08-31,pre_launch_wishlist_rank,2026-08-27,-4,1050,ok,2026-08-27T11:57:45.810Z
3544130,Soul Chained,2026-08-31,pre_launch_wishlist_rank,2026-08-28,-3,1037,ok,2026-08-28T13:19:41.332Z
3544130,Soul Chained,2026-08-31,pre_launch_wishlist_rank,2026-08-29,-2,1034,ok,2026-08-29T08:16:08.181Z
3544130,Soul Chained,2026-08-31,pre_launch_wishlist_rank,2026-08-30,-1,1039,ok,2026-08-30T07:17:27.365Z
3544130,Soul Chained,2026-08-31,post_launch_reviews_total,2026-08-31,0,,not_collected,
3544130,Soul Chained,2026-08-31,post_launch_reviews_total,2026-09-01,1,,not_collected,
3544130,Soul Chained,2026-08-31,post_launch_reviews_total,2026-09-02,2,,not_collected,
3544130,Soul Chained,2026-08-31,post_launch_reviews_total,2026-09-03,3,,not_collected,
3544130,Soul Chained,2026-08-31,post_launch_reviews_total,2026-09-04,4,,not_collected,
3544130,Soul Chained,2026-08-31,post_launch_reviews_total,2026-09-05,5,,not_collected,
3544130,Soul Chained,2026-08-31,post_launch_reviews_total,2026-09-06,6,,not_collected,
3544130,Soul Chained,2026-08-31,post_launch_reviews_total,2026-09-07,7,,not_collected,
4930230,Soul Stone Defense Demo,2026-07-09,pre_launch_wishlist_rank,2026-07-02,-7,,not_collected,
4930230,Soul Stone Defense Demo,2026-07-09,pre_launch_wishlist_rank,2026-07-03,-6,,not_in_captured_wishlist_ranking,
4930230,Soul Stone Defense Demo,2026-07-09,pre_launch_wishlist_rank,2026-07-04,-5,,not_in_captured_wishlist_ranking,
4930230,Soul Stone Defense Demo,2026-07-09,pre_launch_wishlist_rank,2026-07-05,-4,,not_in_captured_wishlist_ranking,
4930230,Soul Stone Defense Demo,2026-07-09,pre_launch_wishlist_rank,2026-07-06,-3,,not_in_captured_wishlist_ranking,
4930230,Soul Stone Defense Demo,2026-07-09,pre_launch_wishlist_rank,2026-07-07,-2,,not_in_captured_wishlist_ranking,
4930230,Soul Stone Defense Demo,2026-07-09,pre_launch_wishlist_rank,2026-07-08,-1,,not_in_captured_wishlist_ranking,
4930230,Soul Stone Defense Demo,2026-07-09,post_launch_reviews_total,2026-07-09,0,0,ok,2026-07-09T05:46:21.155Z
4930230,Soul Stone Defense Demo,2026-07-09,post_launch_reviews_total,2026-07-10,1,,not_collected,
4930230,Soul Stone Defense Demo,2026-07-09,post_launch_reviews_total,2026-07-11,2,,not_collected,
4930230,Soul Stone Defense Demo,2026-07-09,post_launch_reviews_total,2026-07-12,3,,not_collected,
4930230,Soul Stone Defense Demo,2026-07-09,post_launch_reviews_total,2026-07-13,4,,not_collected,
4930230,Soul Stone Defense Demo,2026-07-09,post_launch_reviews_total,2026-07-14,5,,not_collected,
4930230,Soul Stone Defense Demo,2026-07-09,post_launch_reviews_total,2026-07-15,6,,not_collected,
4930230,Soul Stone Defense Demo,2026-07-09,post_launch_reviews_total,2026-07-16,7,,not_collected,
4369490,Soulbound: Online,2026-07-21,pre_launch_wishlist_rank,2026-07-14,-7,452,ok,2026-07-14T04:32:48.120Z
4369490,Soulbound: Online,2026-07-21,pre_launch_wishlist_rank,2026-07-15,-6,437,ok,2026-07-15T04:32:45.763Z
4369490,Soulbound: Online,2026-07-21,pre_launch_wishlist_rank,2026-07-16,-5,423,ok,2026-07-16T04:42:31.378Z
4369490,Soulbound: Online,2026-07-21,pre_launch_wishlist_rank,2026-07-17,-4,405,ok,2026-07-17T04:45:39.030Z
4369490,Soulbound: Online,2026-07-21,pre_launch_wishlist_rank,2026-07-18,-3,389,ok,2026-07-18T04:29:54.503Z
4369490,Soulbound: Online,2026-07-21,pre_launch_wishlist_rank,2026-07-19,-2,362,ok,2026-07-19T04:54:49.781Z
4369490,Soulbound: Online,2026-07-21,pre_launch_wishlist_rank,2026-07-20,-1,329,ok,2026-07-20T05:09:45.900Z
4369490,Soulbound: Online,2026-07-21,post_launch_reviews_total,2026-07-21,0,0,ok,2026-07-21T04:50:39.944Z
4369490,Soulbound: Online,2026-07-21,post_launch_reviews_total,2026-07-22,1,,not_collected,
4369490,Soulbound: Online,2026-07-21,post_launch_reviews_total,2026-07-23,2,,not_collected,
4369490,Soulbound: Online,2026-07-21,post_launch_reviews_total,2026-07-24,3,,not_collected,
4369490,Soulbound: Online,2026-07-21,post_launch_reviews_total,2026-07-25,4,,not_collected,
4369490,Soulbound: Online,2026-07-21,post_launch_reviews_total,2026-07-26,5,,not_collected,
4369490,Soulbound: Online,2026-07-21,post_launch_reviews_total,2026-07-27,6,,not_collected,
4369490,Soulbound: Online,2026-07-21,post_launch_reviews_total,2026-07-28,7,,not_collected,
3839250,Soulforge Lost Path,2026-07-13,pre_launch_wishlist_rank,2026-07-06,-7,,not_in_captured_wishlist_ranking,
3839250,Soulforge Lost Path,2026-07-13,pre_launch_wishlist_rank,2026-07-07,-6,,not_in_captured_wishlist_ranking,
3839250,Soulforge Lost Path,2026-07-13,pre_launch_wishlist_rank,2026-07-08,-5,,not_in_captured_wishlist_ranking,
3839250,Soulforge Lost Path,2026-07-13,pre_launch_wishlist_rank,2026-07-09,-4,,not_in_captured_wishlist_ranking,
3839250,Soulforge Lost Path,2026-07-13,pre_launch_wishlist_rank,2026-07-10,-3,,not_in_captured_wishlist_ranking,
3839250,Soulforge Lost Path,2026-07-13,pre_launch_wishlist_rank,2026-07-11,-2,,not_in_captured_wishlist_ranking,
3839250,Soulforge Lost Path,2026-07-13,pre_launch_wishlist_rank,2026-07-12,-1,,not_in_captured_wishlist_ranking,
3839250,Soulforge Lost Path,2026-07-13,post_launch_reviews_total,2026-07-13,0,0,ok,2026-07-13T05:04:37.802Z
3839250,Soulforge Lost Path,2026-07-13,post_launch_reviews_total,2026-07-14,1,,not_collected,
3839250,Soulforge Lost Path,2026-07-13,post_launch_reviews_total,2026-07-15,2,,not_collected,
3839250,Soulforge Lost Path,2026-07-13,post_launch_reviews_total,2026-07-16,3,,not_collected,
3839250,Soulforge Lost Path,2026-07-13,post_launch_reviews_total,2026-07-17,4,,not_collected,
3839250,Soulforge Lost Path,2026-07-13,post_launch_reviews_total,2026-07-18,5,,not_collected,
3839250,Soulforge Lost Path,2026-07-13,post_launch_reviews_total,2026-07-19,6,,not_collected,
3839250,Soulforge Lost Path,2026-07-13,post_launch_reviews_total,2026-07-20,7,,not_collected,
4113940,Sovereign Tower,2026-08-06,pre_launch_wishlist_rank,2026-07-30,-7,460,ok,2026-07-30T04:38:29.620Z
4113940,Sovereign Tower,2026-08-06,pre_launch_wishlist_rank,2026-07-31,-6,454,ok,2026-07-31T05:04:54.532Z
4113940,Sovereign Tower,2026-08-06,pre_launch_wishlist_rank,2026-08-01,-5,452,ok,2026-08-01T04:58:14.130Z
4113940,Sovereign Tower,2026-08-06,pre_launch_wishlist_rank,2026-08-02,-4,446,ok,2026-08-02T04:58:24.052Z
4113940,Sovereign Tower,2026-08-06,pre_launch_wishlist_rank,2026-08-03,-3,433,ok,2026-08-03T05:07:42.912Z
4113940,Sovereign Tower,2026-08-06,pre_launch_wishlist_rank,2026-08-04,-2,420,ok,2026-08-04T04:47:02.633Z
4113940,Sovereign Tower,2026-08-06,pre_launch_wishlist_rank,2026-08-05,-1,406,ok,2026-08-05T04:46:35.103Z
4113940,Sovereign Tower,2026-08-06,post_launch_reviews_total,2026-08-06,0,0,ok,2026-08-06T04:47:09.485Z
4113940,Sovereign Tower,2026-08-06,post_launch_reviews_total,2026-08-07,1,,not_collected,
4113940,Sovereign Tower,2026-08-06,post_launch_reviews_total,2026-08-08,2,,not_collected,
4113940,Sovereign Tower,2026-08-06,post_launch_reviews_total,2026-08-09,3,,not_collected,
4113940,Sovereign Tower,2026-08-06,post_launch_reviews_total,2026-08-10,4,,not_collected,
4113940,Sovereign Tower,2026-08-06,post_launch_reviews_total,2026-08-11,5,,not_collected,
4113940,Sovereign Tower,2026-08-06,post_launch_reviews_total,2026-08-12,6,,not_collected,
4113940,Sovereign Tower,2026-08-06,post_launch_reviews_total,2026-08-13,7,,not_collected,
4641620,Space Fleet Logistics,2026-07-05,pre_launch_wishlist_rank,2026-06-28,-7,,not_collected,
4641620,Space Fleet Logistics,2026-07-05,pre_launch_wishlist_rank,2026-06-29,-6,,not_collected,
4641620,Space Fleet Logistics,2026-07-05,pre_launch_wishlist_rank,2026-06-30,-5,,not_collected,
4641620,Space Fleet Logistics,2026-07-05,pre_launch_wishlist_rank,2026-07-01,-4,,not_collected,
4641620,Space Fleet Logistics,2026-07-05,pre_launch_wishlist_rank,2026-07-02,-3,,not_collected,
4641620,Space Fleet Logistics,2026-07-05,pre_launch_wishlist_rank,2026-07-03,-2,,not_in_captured_wishlist_ranking,
4641620,Space Fleet Logistics,2026-07-05,pre_launch_wishlist_rank,2026-07-04,-1,,not_in_captured_wishlist_ranking,
4641620,Space Fleet Logistics,2026-07-05,post_launch_reviews_total,2026-07-05,0,0,ok,2026-07-05T05:38:17.292Z
4641620,Space Fleet Logistics,2026-07-05,post_launch_reviews_total,2026-07-06,1,,not_collected,
4641620,Space Fleet Logistics,2026-07-05,post_launch_reviews_total,2026-07-07,2,,not_collected,
4641620,Space Fleet Logistics,2026-07-05,post_launch_reviews_total,2026-07-08,3,,not_collected,
4641620,Space Fleet Logistics,2026-07-05,post_launch_reviews_total,2026-07-09,4,,not_collected,
4641620,Space Fleet Logistics,2026-07-05,post_launch_reviews_total,2026-07-10,5,,not_collected,
4641620,Space Fleet Logistics,2026-07-05,post_launch_reviews_total,2026-07-11,6,,not_collected,
4641620,Space Fleet Logistics,2026-07-05,post_launch_reviews_total,2026-07-12,7,,not_collected,
4831230,Special Bloodline Lawyer: Fallen Angel's Container,2026-07-08,pre_launch_wishlist_rank,2026-07-01,-7,,not_collected,
4831230,Special Bloodline Lawyer: Fallen Angel's Container,2026-07-08,pre_launch_wishlist_rank,2026-07-02,-6,,not_collected,
4831230,Special Bloodline Lawyer: Fallen Angel's Container,2026-07-08,pre_launch_wishlist_rank,2026-07-03,-5,,not_in_captured_wishlist_ranking,
4831230,Special Bloodline Lawyer: Fallen Angel's Container,2026-07-08,pre_launch_wishlist_rank,2026-07-04,-4,,not_in_captured_wishlist_ranking,
4831230,Special Bloodline Lawyer: Fallen Angel's Container,2026-07-08,pre_launch_wishlist_rank,2026-07-05,-3,,not_in_captured_wishlist_ranking,
4831230,Special Bloodline Lawyer: Fallen Angel's Container,2026-07-08,pre_launch_wishlist_rank,2026-07-06,-2,,not_in_captured_wishlist_ranking,
4831230,Special Bloodline Lawyer: Fallen Angel's Container,2026-07-08,pre_launch_wishlist_rank,2026-07-07,-1,,not_in_captured_wishlist_ranking,
4831230,Special Bloodline Lawyer: Fallen Angel's Container,2026-07-08,post_launch_reviews_total,2026-07-08,0,0,ok,2026-07-08T04:50:41.299Z
4831230,Special Bloodline Lawyer: Fallen Angel's Container,2026-07-08,post_launch_reviews_total,2026-07-09,1,,not_collected,
4831230,Special Bloodline Lawyer: Fallen Angel's Container,2026-07-08,post_launch_reviews_total,2026-07-10,2,,not_collected,
4831230,Special Bloodline Lawyer: Fallen Angel's Container,2026-07-08,post_launch_reviews_total,2026-07-11,3,,not_collected,
4831230,Special Bloodline Lawyer: Fallen Angel's Container,2026-07-08,post_launch_reviews_total,2026-07-12,4,,not_collected,
4831230,Special Bloodline Lawyer: Fallen Angel's Container,2026-07-08,post_launch_reviews_total,2026-07-13,5,,not_collected,
4831230,Special Bloodline Lawyer: Fallen Angel's Container,2026-07-08,post_launch_reviews_total,2026-07-14,6,,not_collected,
4831230,Special Bloodline Lawyer: Fallen Angel's Container,2026-07-08,post_launch_reviews_total,2026-07-15,7,,not_collected,
3183760,SpeedRunners 2: King of Speed,2026-09-03,pre_launch_wishlist_rank,2026-08-27,-7,238,ok,2026-08-27T11:57:45.810Z
3183760,SpeedRunners 2: King of Speed,2026-09-03,pre_launch_wishlist_rank,2026-08-28,-6,235,ok,2026-08-28T13:19:41.332Z
3183760,SpeedRunners 2: King of Speed,2026-09-03,pre_launch_wishlist_rank,2026-08-29,-5,234,ok,2026-08-29T08:16:08.181Z
3183760,SpeedRunners 2: King of Speed,2026-09-03,pre_launch_wishlist_rank,2026-08-30,-4,231,ok,2026-08-30T07:17:27.365Z
3183760,SpeedRunners 2: King of Speed,2026-09-03,pre_launch_wishlist_rank,2026-08-31,-3,226,ok,2026-08-31T07:32:46.352Z
3183760,SpeedRunners 2: King of Speed,2026-09-03,pre_launch_wishlist_rank,2026-09-01,-2,220,ok,2026-09-01T06:43:33.167Z
3183760,SpeedRunners 2: King of Speed,2026-09-03,pre_launch_wishlist_rank,2026-09-02,-1,213,ok,2026-09-02T06:21:55.398Z
3183760,SpeedRunners 2: King of Speed,2026-09-03,post_launch_reviews_total,2026-09-03,0,0,ok,2026-09-03T06:24:29.914Z
3183760,SpeedRunners 2: King of Speed,2026-09-03,post_launch_reviews_total,2026-09-04,1,,not_collected,
3183760,SpeedRunners 2: King of Speed,2026-09-03,post_launch_reviews_total,2026-09-05,2,,not_collected,
3183760,SpeedRunners 2: King of Speed,2026-09-03,post_launch_reviews_total,2026-09-06,3,,not_collected,
3183760,SpeedRunners 2: King of Speed,2026-09-03,post_launch_reviews_total,2026-09-07,4,,not_collected,
3183760,SpeedRunners 2: King of Speed,2026-09-03,post_launch_reviews_total,2026-09-08,5,,not_collected,
3183760,SpeedRunners 2: King of Speed,2026-09-03,post_launch_reviews_total,2026-09-09,6,,not_collected,
3183760,SpeedRunners 2: King of Speed,2026-09-03,post_launch_reviews_total,2026-09-10,7,,not_collected,
3501540,Spiritstead,2026-08-06,pre_launch_wishlist_rank,2026-07-30,-7,1097,ok,2026-07-30T04:38:29.620Z
3501540,Spiritstead,2026-08-06,pre_launch_wishlist_rank,2026-07-31,-6,1078,ok,2026-07-31T05:04:54.532Z
3501540,Spiritstead,2026-08-06,pre_launch_wishlist_rank,2026-08-01,-5,1072,ok,2026-08-01T04:58:14.130Z
3501540,Spiritstead,2026-08-06,pre_launch_wishlist_rank,2026-08-02,-4,1058,ok,2026-08-02T04:58:24.052Z
3501540,Spiritstead,2026-08-06,pre_launch_wishlist_rank,2026-08-03,-3,1031,ok,2026-08-03T05:07:42.912Z
3501540,Spiritstead,2026-08-06,pre_launch_wishlist_rank,2026-08-04,-2,1015,ok,2026-08-04T04:47:02.633Z
3501540,Spiritstead,2026-08-06,pre_launch_wishlist_rank,2026-08-05,-1,997,ok,2026-08-05T04:46:35.103Z
3501540,Spiritstead,2026-08-06,post_launch_reviews_total,2026-08-06,0,0,ok,2026-08-06T04:47:09.485Z
3501540,Spiritstead,2026-08-06,post_launch_reviews_total,2026-08-07,1,,not_collected,
3501540,Spiritstead,2026-08-06,post_launch_reviews_total,2026-08-08,2,,not_collected,
3501540,Spiritstead,2026-08-06,post_launch_reviews_total,2026-08-09,3,,not_collected,
3501540,Spiritstead,2026-08-06,post_launch_reviews_total,2026-08-10,4,,not_collected,
3501540,Spiritstead,2026-08-06,post_launch_reviews_total,2026-08-11,5,,not_collected,
3501540,Spiritstead,2026-08-06,post_launch_reviews_total,2026-08-12,6,,not_collected,
3501540,Spiritstead,2026-08-06,post_launch_reviews_total,2026-08-13,7,,not_collected,
3767850,SpiritVale,2026-07-15,pre_launch_wishlist_rank,2026-07-08,-7,702,ok,2026-07-08T04:50:41.299Z
3767850,SpiritVale,2026-07-15,pre_launch_wishlist_rank,2026-07-09,-6,695,ok,2026-07-09T05:46:21.155Z
3767850,SpiritVale,2026-07-15,pre_launch_wishlist_rank,2026-07-10,-5,682,ok,2026-07-10T05:43:57.377Z
3767850,SpiritVale,2026-07-15,pre_launch_wishlist_rank,2026-07-11,-4,673,ok,2026-07-11T04:45:57.358Z
3767850,SpiritVale,2026-07-15,pre_launch_wishlist_rank,2026-07-12,-3,657,ok,2026-07-12T04:57:39.930Z
3767850,SpiritVale,2026-07-15,pre_launch_wishlist_rank,2026-07-13,-2,638,ok,2026-07-13T05:04:37.802Z
3767850,SpiritVale,2026-07-15,pre_launch_wishlist_rank,2026-07-14,-1,605,ok,2026-07-14T04:32:48.120Z
3767850,SpiritVale,2026-07-15,post_launch_reviews_total,2026-07-15,0,0,ok,2026-07-15T04:32:45.763Z
3767850,SpiritVale,2026-07-15,post_launch_reviews_total,2026-07-16,1,,not_collected,
3767850,SpiritVale,2026-07-15,post_launch_reviews_total,2026-07-17,2,,not_collected,
3767850,SpiritVale,2026-07-15,post_launch_reviews_total,2026-07-18,3,,not_collected,
3767850,SpiritVale,2026-07-15,post_launch_reviews_total,2026-07-19,4,,not_collected,
3767850,SpiritVale,2026-07-15,post_launch_reviews_total,2026-07-20,5,,not_collected,
3767850,SpiritVale,2026-07-15,post_launch_reviews_total,2026-07-21,6,,not_collected,
3767850,SpiritVale,2026-07-15,post_launch_reviews_total,2026-07-22,7,,not_collected,
2657560,Sponge Break,2026-07-30,pre_launch_wishlist_rank,2026-07-23,-7,,not_in_captured_wishlist_ranking,
2657560,Sponge Break,2026-07-30,pre_launch_wishlist_rank,2026-07-24,-6,,not_in_captured_wishlist_ranking,
2657560,Sponge Break,2026-07-30,pre_launch_wishlist_rank,2026-07-25,-5,,not_in_captured_wishlist_ranking,
2657560,Sponge Break,2026-07-30,pre_launch_wishlist_rank,2026-07-26,-4,,not_in_captured_wishlist_ranking,
2657560,Sponge Break,2026-07-30,pre_launch_wishlist_rank,2026-07-27,-3,,not_in_captured_wishlist_ranking,
2657560,Sponge Break,2026-07-30,pre_launch_wishlist_rank,2026-07-28,-2,,not_in_captured_wishlist_ranking,
2657560,Sponge Break,2026-07-30,pre_launch_wishlist_rank,2026-07-29,-1,,not_in_captured_wishlist_ranking,
2657560,Sponge Break,2026-07-30,post_launch_reviews_total,2026-07-30,0,0,ok,2026-07-30T04:38:29.620Z
2657560,Sponge Break,2026-07-30,post_launch_reviews_total,2026-07-31,1,,not_collected,
2657560,Sponge Break,2026-07-30,post_launch_reviews_total,2026-08-01,2,,not_collected,
2657560,Sponge Break,2026-07-30,post_launch_reviews_total,2026-08-02,3,,not_collected,
2657560,Sponge Break,2026-07-30,post_launch_reviews_total,2026-08-03,4,,not_collected,
2657560,Sponge Break,2026-07-30,post_launch_reviews_total,2026-08-04,5,,not_collected,
2657560,Sponge Break,2026-07-30,post_launch_reviews_total,2026-08-05,6,,not_collected,
2657560,Sponge Break,2026-07-30,post_launch_reviews_total,2026-08-06,7,,not_collected,
3729550,Stackmon,2026-08-18,pre_launch_wishlist_rank,2026-08-11,-7,,not_in_captured_wishlist_ranking,
3729550,Stackmon,2026-08-18,pre_launch_wishlist_rank,2026-08-12,-6,,not_in_captured_wishlist_ranking,
3729550,Stackmon,2026-08-18,pre_launch_wishlist_rank,2026-08-13,-5,,not_in_captured_wishlist_ranking,
3729550,Stackmon,2026-08-18,pre_launch_wishlist_rank,2026-08-14,-4,,not_in_captured_wishlist_ranking,
3729550,Stackmon,2026-08-18,pre_launch_wishlist_rank,2026-08-15,-3,,not_in_captured_wishlist_ranking,
3729550,Stackmon,2026-08-18,pre_launch_wishlist_rank,2026-08-16,-2,,not_in_captured_wishlist_ranking,
3729550,Stackmon,2026-08-18,pre_launch_wishlist_rank,2026-08-17,-1,,not_in_captured_wishlist_ranking,
3729550,Stackmon,2026-08-18,post_launch_reviews_total,2026-08-18,0,0,ok,2026-08-18T02:39:27.140Z
3729550,Stackmon,2026-08-18,post_launch_reviews_total,2026-08-19,1,,not_collected,
3729550,Stackmon,2026-08-18,post_launch_reviews_total,2026-08-20,2,,not_collected,
3729550,Stackmon,2026-08-18,post_launch_reviews_total,2026-08-21,3,,not_collected,
3729550,Stackmon,2026-08-18,post_launch_reviews_total,2026-08-22,4,,not_collected,
3729550,Stackmon,2026-08-18,post_launch_reviews_total,2026-08-23,5,,not_collected,
3729550,Stackmon,2026-08-18,post_launch_reviews_total,2026-08-24,6,,not_collected,
3729550,Stackmon,2026-08-18,post_launch_reviews_total,2026-08-25,7,,not_collected,
2075800,STAR WARS Zero Company™,2026-08-27,pre_launch_wishlist_rank,2026-08-20,-7,27,ok,2026-08-20T02:40:42.136Z
2075800,STAR WARS Zero Company™,2026-08-27,pre_launch_wishlist_rank,2026-08-21,-6,26,ok,2026-08-21T02:47:33.763Z
2075800,STAR WARS Zero Company™,2026-08-27,pre_launch_wishlist_rank,2026-08-22,-5,26,ok,2026-08-22T02:38:05.157Z
2075800,STAR WARS Zero Company™,2026-08-27,pre_launch_wishlist_rank,2026-08-23,-4,26,ok,2026-08-23T02:47:54.993Z
2075800,STAR WARS Zero Company™,2026-08-27,pre_launch_wishlist_rank,2026-08-24,-3,26,ok,2026-08-24T02:48:36.097Z
2075800,STAR WARS Zero Company™,2026-08-27,pre_launch_wishlist_rank,2026-08-25,-2,26,ok,2026-08-25T02:42:46.392Z
2075800,STAR WARS Zero Company™,2026-08-27,pre_launch_wishlist_rank,2026-08-26,-1,26,ok,2026-08-26T02:50:15.789Z
2075800,STAR WARS Zero Company™,2026-08-27,post_launch_reviews_total,2026-08-27,0,0,ok,2026-08-27T11:57:45.810Z
2075800,STAR WARS Zero Company™,2026-08-27,post_launch_reviews_total,2026-08-28,1,,not_collected,
2075800,STAR WARS Zero Company™,2026-08-27,post_launch_reviews_total,2026-08-29,2,,not_collected,
2075800,STAR WARS Zero Company™,2026-08-27,post_launch_reviews_total,2026-08-30,3,,not_collected,
2075800,STAR WARS Zero Company™,2026-08-27,post_launch_reviews_total,2026-08-31,4,,not_collected,
2075800,STAR WARS Zero Company™,2026-08-27,post_launch_reviews_total,2026-09-01,5,,not_collected,
2075800,STAR WARS Zero Company™,2026-08-27,post_launch_reviews_total,2026-09-02,6,,not_collected,
2075800,STAR WARS Zero Company™,2026-08-27,post_launch_reviews_total,2026-09-03,7,,not_collected,
1925650,Stars Reach,2026-08-18,pre_launch_wishlist_rank,2026-08-11,-7,641,ok,2026-08-11T03:21:55.619Z
1925650,Stars Reach,2026-08-18,pre_launch_wishlist_rank,2026-08-12,-6,629,ok,2026-08-12T03:40:42.315Z
1925650,Stars Reach,2026-08-18,pre_launch_wishlist_rank,2026-08-13,-5,624,ok,2026-08-13T03:51:51.678Z
1925650,Stars Reach,2026-08-18,pre_launch_wishlist_rank,2026-08-14,-4,605,ok,2026-08-14T03:41:13.555Z
1925650,Stars Reach,2026-08-18,pre_launch_wishlist_rank,2026-08-15,-3,597,ok,2026-08-15T02:36:13.648Z
1925650,Stars Reach,2026-08-18,pre_launch_wishlist_rank,2026-08-16,-2,592,ok,2026-08-16T02:45:28.861Z
1925650,Stars Reach,2026-08-18,pre_launch_wishlist_rank,2026-08-17,-1,586,ok,2026-08-17T02:45:10.258Z
1925650,Stars Reach,2026-08-18,post_launch_reviews_total,2026-08-18,0,0,ok,2026-08-18T02:39:27.140Z
1925650,Stars Reach,2026-08-18,post_launch_reviews_total,2026-08-19,1,,not_collected,
1925650,Stars Reach,2026-08-18,post_launch_reviews_total,2026-08-20,2,,not_collected,
1925650,Stars Reach,2026-08-18,post_launch_reviews_total,2026-08-21,3,,not_collected,
1925650,Stars Reach,2026-08-18,post_launch_reviews_total,2026-08-22,4,,not_collected,
1925650,Stars Reach,2026-08-18,post_launch_reviews_total,2026-08-23,5,,not_collected,
1925650,Stars Reach,2026-08-18,post_launch_reviews_total,2026-08-24,6,,not_collected,
1925650,Stars Reach,2026-08-18,post_launch_reviews_total,2026-08-25,7,,not_collected,
3126500,States of Power,2026-08-26,pre_launch_wishlist_rank,2026-08-19,-7,1856,ok,2026-08-19T02:42:36.358Z
3126500,States of Power,2026-08-26,pre_launch_wishlist_rank,2026-08-20,-6,1834,ok,2026-08-20T02:40:42.136Z
3126500,States of Power,2026-08-26,pre_launch_wishlist_rank,2026-08-21,-5,1787,ok,2026-08-21T02:47:33.763Z
3126500,States of Power,2026-08-26,pre_launch_wishlist_rank,2026-08-22,-4,1754,ok,2026-08-22T02:38:05.157Z
3126500,States of Power,2026-08-26,pre_launch_wishlist_rank,2026-08-23,-3,1713,ok,2026-08-23T02:47:54.993Z
3126500,States of Power,2026-08-26,pre_launch_wishlist_rank,2026-08-24,-2,1651,ok,2026-08-24T02:48:36.097Z
3126500,States of Power,2026-08-26,pre_launch_wishlist_rank,2026-08-25,-1,1573,ok,2026-08-25T02:42:46.392Z
3126500,States of Power,2026-08-26,post_launch_reviews_total,2026-08-26,0,0,ok,2026-08-26T02:50:15.789Z
3126500,States of Power,2026-08-26,post_launch_reviews_total,2026-08-27,1,,not_collected,
3126500,States of Power,2026-08-26,post_launch_reviews_total,2026-08-28,2,,not_collected,
3126500,States of Power,2026-08-26,post_launch_reviews_total,2026-08-29,3,,not_collected,
3126500,States of Power,2026-08-26,post_launch_reviews_total,2026-08-30,4,,not_collected,
3126500,States of Power,2026-08-26,post_launch_reviews_total,2026-08-31,5,,not_collected,
3126500,States of Power,2026-08-26,post_launch_reviews_total,2026-09-01,6,,not_collected,
3126500,States of Power,2026-08-26,post_launch_reviews_total,2026-09-02,7,,not_collected,
4042160,Static Dread: The Submarine,2026-08-14,pre_launch_wishlist_rank,2026-08-07,-7,1023,ok,2026-08-07T04:13:26.771Z
4042160,Static Dread: The Submarine,2026-08-14,pre_launch_wishlist_rank,2026-08-08,-6,1004,ok,2026-08-08T03:11:38.214Z
4042160,Static Dread: The Submarine,2026-08-14,pre_launch_wishlist_rank,2026-08-09,-5,980,ok,2026-08-09T03:19:17.318Z
4042160,Static Dread: The Submarine,2026-08-14,pre_launch_wishlist_rank,2026-08-10,-4,926,ok,2026-08-10T03:29:07.136Z
4042160,Static Dread: The Submarine,2026-08-14,pre_launch_wishlist_rank,2026-08-11,-3,880,ok,2026-08-11T03:21:55.619Z
4042160,Static Dread: The Submarine,2026-08-14,pre_launch_wishlist_rank,2026-08-12,-2,837,ok,2026-08-12T03:40:42.315Z
4042160,Static Dread: The Submarine,2026-08-14,pre_launch_wishlist_rank,2026-08-13,-1,807,ok,2026-08-13T03:51:51.678Z
4042160,Static Dread: The Submarine,2026-08-14,post_launch_reviews_total,2026-08-14,0,0,ok,2026-08-14T03:41:13.555Z
4042160,Static Dread: The Submarine,2026-08-14,post_launch_reviews_total,2026-08-15,1,,not_collected,
4042160,Static Dread: The Submarine,2026-08-14,post_launch_reviews_total,2026-08-16,2,,not_collected,
4042160,Static Dread: The Submarine,2026-08-14,post_launch_reviews_total,2026-08-17,3,,not_collected,
4042160,Static Dread: The Submarine,2026-08-14,post_launch_reviews_total,2026-08-18,4,,not_collected,
4042160,Static Dread: The Submarine,2026-08-14,post_launch_reviews_total,2026-08-19,5,,not_collected,
4042160,Static Dread: The Submarine,2026-08-14,post_launch_reviews_total,2026-08-20,6,,not_collected,
4042160,Static Dread: The Submarine,2026-08-14,post_launch_reviews_total,2026-08-21,7,,not_collected,
4012810,STEINS;GATE RE:BOOT,2026-08-19,pre_launch_wishlist_rank,2026-08-12,-7,161,ok,2026-08-12T03:40:42.315Z
4012810,STEINS;GATE RE:BOOT,2026-08-19,pre_launch_wishlist_rank,2026-08-13,-6,159,ok,2026-08-13T03:51:51.678Z
4012810,STEINS;GATE RE:BOOT,2026-08-19,pre_launch_wishlist_rank,2026-08-14,-5,156,ok,2026-08-14T03:41:13.555Z
4012810,STEINS;GATE RE:BOOT,2026-08-19,pre_launch_wishlist_rank,2026-08-15,-4,155,ok,2026-08-15T02:36:13.648Z
4012810,STEINS;GATE RE:BOOT,2026-08-19,pre_launch_wishlist_rank,2026-08-16,-3,153,ok,2026-08-16T02:45:28.861Z
4012810,STEINS;GATE RE:BOOT,2026-08-19,pre_launch_wishlist_rank,2026-08-17,-2,149,ok,2026-08-17T02:45:10.258Z
4012810,STEINS;GATE RE:BOOT,2026-08-19,pre_launch_wishlist_rank,2026-08-18,-1,147,ok,2026-08-18T02:39:27.140Z
4012810,STEINS;GATE RE:BOOT,2026-08-19,post_launch_reviews_total,2026-08-19,0,0,ok,2026-08-19T02:42:36.358Z
4012810,STEINS;GATE RE:BOOT,2026-08-19,post_launch_reviews_total,2026-08-20,1,,not_collected,
4012810,STEINS;GATE RE:BOOT,2026-08-19,post_launch_reviews_total,2026-08-21,2,,not_collected,
4012810,STEINS;GATE RE:BOOT,2026-08-19,post_launch_reviews_total,2026-08-22,3,,not_collected,
4012810,STEINS;GATE RE:BOOT,2026-08-19,post_launch_reviews_total,2026-08-23,4,,not_collected,
4012810,STEINS;GATE RE:BOOT,2026-08-19,post_launch_reviews_total,2026-08-24,5,,not_collected,
4012810,STEINS;GATE RE:BOOT,2026-08-19,post_launch_reviews_total,2026-08-25,6,,not_collected,
4012810,STEINS;GATE RE:BOOT,2026-08-19,post_launch_reviews_total,2026-08-26,7,,not_collected,
4458310,Stick Scholars,2026-07-10,pre_launch_wishlist_rank,2026-07-03,-7,,not_in_captured_wishlist_ranking,
4458310,Stick Scholars,2026-07-10,pre_launch_wishlist_rank,2026-07-04,-6,,not_in_captured_wishlist_ranking,
4458310,Stick Scholars,2026-07-10,pre_launch_wishlist_rank,2026-07-05,-5,,not_in_captured_wishlist_ranking,
4458310,Stick Scholars,2026-07-10,pre_launch_wishlist_rank,2026-07-06,-4,,not_in_captured_wishlist_ranking,
4458310,Stick Scholars,2026-07-10,pre_launch_wishlist_rank,2026-07-07,-3,,not_in_captured_wishlist_ranking,
4458310,Stick Scholars,2026-07-10,pre_launch_wishlist_rank,2026-07-08,-2,,not_in_captured_wishlist_ranking,
4458310,Stick Scholars,2026-07-10,pre_launch_wishlist_rank,2026-07-09,-1,,not_in_captured_wishlist_ranking,
4458310,Stick Scholars,2026-07-10,post_launch_reviews_total,2026-07-10,0,0,ok,2026-07-10T05:43:57.377Z
4458310,Stick Scholars,2026-07-10,post_launch_reviews_total,2026-07-11,1,,not_collected,
4458310,Stick Scholars,2026-07-10,post_launch_reviews_total,2026-07-12,2,,not_collected,
4458310,Stick Scholars,2026-07-10,post_launch_reviews_total,2026-07-13,3,,not_collected,
4458310,Stick Scholars,2026-07-10,post_launch_reviews_total,2026-07-14,4,,not_collected,
4458310,Stick Scholars,2026-07-10,post_launch_reviews_total,2026-07-15,5,,not_collected,
4458310,Stick Scholars,2026-07-10,post_launch_reviews_total,2026-07-16,6,,not_collected,
4458310,Stick Scholars,2026-07-10,post_launch_reviews_total,2026-07-17,7,,not_collected,
4502710,Stonewards,2026-08-11,pre_launch_wishlist_rank,2026-08-04,-7,571,ok,2026-08-04T04:47:02.633Z
4502710,Stonewards,2026-08-11,pre_launch_wishlist_rank,2026-08-05,-6,565,ok,2026-08-05T04:46:35.103Z
4502710,Stonewards,2026-08-11,pre_launch_wishlist_rank,2026-08-06,-5,552,ok,2026-08-06T04:47:09.485Z
4502710,Stonewards,2026-08-11,pre_launch_wishlist_rank,2026-08-07,-4,541,ok,2026-08-07T04:13:26.771Z
4502710,Stonewards,2026-08-11,pre_launch_wishlist_rank,2026-08-08,-3,538,ok,2026-08-08T03:11:38.214Z
4502710,Stonewards,2026-08-11,pre_launch_wishlist_rank,2026-08-09,-2,531,ok,2026-08-09T03:19:17.318Z
4502710,Stonewards,2026-08-11,pre_launch_wishlist_rank,2026-08-10,-1,518,ok,2026-08-10T03:29:07.136Z
4502710,Stonewards,2026-08-11,post_launch_reviews_total,2026-08-11,0,0,ok,2026-08-11T03:21:55.619Z
4502710,Stonewards,2026-08-11,post_launch_reviews_total,2026-08-12,1,,not_collected,
4502710,Stonewards,2026-08-11,post_launch_reviews_total,2026-08-13,2,,not_collected,
4502710,Stonewards,2026-08-11,post_launch_reviews_total,2026-08-14,3,,not_collected,
4502710,Stonewards,2026-08-11,post_launch_reviews_total,2026-08-15,4,,not_collected,
4502710,Stonewards,2026-08-11,post_launch_reviews_total,2026-08-16,5,,not_collected,
4502710,Stonewards,2026-08-11,post_launch_reviews_total,2026-08-17,6,,not_collected,
4502710,Stonewards,2026-08-11,post_launch_reviews_total,2026-08-18,7,,not_collected,
1952920,Strikers Club,2026-07-17,pre_launch_wishlist_rank,2026-07-10,-7,,not_in_captured_wishlist_ranking,
1952920,Strikers Club,2026-07-17,pre_launch_wishlist_rank,2026-07-11,-6,,not_in_captured_wishlist_ranking,
1952920,Strikers Club,2026-07-17,pre_launch_wishlist_rank,2026-07-12,-5,1986,ok,2026-07-12T04:57:39.930Z
1952920,Strikers Club,2026-07-17,pre_launch_wishlist_rank,2026-07-13,-4,1781,ok,2026-07-13T05:04:37.802Z
1952920,Strikers Club,2026-07-17,pre_launch_wishlist_rank,2026-07-14,-3,1659,ok,2026-07-14T04:32:48.120Z
1952920,Strikers Club,2026-07-17,pre_launch_wishlist_rank,2026-07-15,-2,1565,ok,2026-07-15T04:32:45.763Z
1952920,Strikers Club,2026-07-17,pre_launch_wishlist_rank,2026-07-16,-1,1465,ok,2026-07-16T04:42:31.378Z
1952920,Strikers Club,2026-07-17,post_launch_reviews_total,2026-07-17,0,0,ok,2026-07-17T04:45:39.030Z
1952920,Strikers Club,2026-07-17,post_launch_reviews_total,2026-07-18,1,,not_collected,
1952920,Strikers Club,2026-07-17,post_launch_reviews_total,2026-07-19,2,,not_collected,
1952920,Strikers Club,2026-07-17,post_launch_reviews_total,2026-07-20,3,,not_collected,
1952920,Strikers Club,2026-07-17,post_launch_reviews_total,2026-07-21,4,,not_collected,
1952920,Strikers Club,2026-07-17,post_launch_reviews_total,2026-07-22,5,,not_collected,
1952920,Strikers Club,2026-07-17,post_launch_reviews_total,2026-07-23,6,,not_collected,
1952920,Strikers Club,2026-07-17,post_launch_reviews_total,2026-07-24,7,,not_collected,
2153760,Stronghold 4,2026-01-01,pre_launch_wishlist_rank,2025-12-25,-7,,not_collected,
2153760,Stronghold 4,2026-01-01,pre_launch_wishlist_rank,2025-12-26,-6,,not_collected,
2153760,Stronghold 4,2026-01-01,pre_launch_wishlist_rank,2025-12-27,-5,,not_collected,
2153760,Stronghold 4,2026-01-01,pre_launch_wishlist_rank,2025-12-28,-4,,not_collected,
2153760,Stronghold 4,2026-01-01,pre_launch_wishlist_rank,2025-12-29,-3,,not_collected,
2153760,Stronghold 4,2026-01-01,pre_launch_wishlist_rank,2025-12-30,-2,,not_collected,
2153760,Stronghold 4,2026-01-01,pre_launch_wishlist_rank,2025-12-31,-1,,not_collected,
2153760,Stronghold 4,2026-01-01,post_launch_reviews_total,2026-01-01,0,,not_collected,
2153760,Stronghold 4,2026-01-01,post_launch_reviews_total,2026-01-02,1,,not_collected,
2153760,Stronghold 4,2026-01-01,post_launch_reviews_total,2026-01-03,2,,not_collected,
2153760,Stronghold 4,2026-01-01,post_launch_reviews_total,2026-01-04,3,,not_collected,
2153760,Stronghold 4,2026-01-01,post_launch_reviews_total,2026-01-05,4,,not_collected,
2153760,Stronghold 4,2026-01-01,post_launch_reviews_total,2026-01-06,5,,not_collected,
2153760,Stronghold 4,2026-01-01,post_launch_reviews_total,2026-01-07,6,,not_collected,
2153760,Stronghold 4,2026-01-01,post_launch_reviews_total,2026-01-08,7,,not_collected,
4180620,Submerge,2026-08-17,pre_launch_wishlist_rank,2026-08-10,-7,,not_in_captured_wishlist_ranking,
4180620,Submerge,2026-08-17,pre_launch_wishlist_rank,2026-08-11,-6,,not_in_captured_wishlist_ranking,
4180620,Submerge,2026-08-17,pre_launch_wishlist_rank,2026-08-12,-5,,not_in_captured_wishlist_ranking,
4180620,Submerge,2026-08-17,pre_launch_wishlist_rank,2026-08-13,-4,,not_in_captured_wishlist_ranking,
4180620,Submerge,2026-08-17,pre_launch_wishlist_rank,2026-08-14,-3,,not_in_captured_wishlist_ranking,
4180620,Submerge,2026-08-17,pre_launch_wishlist_rank,2026-08-15,-2,,not_in_captured_wishlist_ranking,
4180620,Submerge,2026-08-17,pre_launch_wishlist_rank,2026-08-16,-1,,not_in_captured_wishlist_ranking,
4180620,Submerge,2026-08-17,post_launch_reviews_total,2026-08-17,0,0,ok,2026-08-17T02:45:10.258Z
4180620,Submerge,2026-08-17,post_launch_reviews_total,2026-08-18,1,,not_collected,
4180620,Submerge,2026-08-17,post_launch_reviews_total,2026-08-19,2,,not_collected,
4180620,Submerge,2026-08-17,post_launch_reviews_total,2026-08-20,3,,not_collected,
4180620,Submerge,2026-08-17,post_launch_reviews_total,2026-08-21,4,,not_collected,
4180620,Submerge,2026-08-17,post_launch_reviews_total,2026-08-22,5,,not_collected,
4180620,Submerge,2026-08-17,post_launch_reviews_total,2026-08-23,6,,not_collected,
4180620,Submerge,2026-08-17,post_launch_reviews_total,2026-08-24,7,,not_collected,
4039140,Subway Builder,2026-07-17,pre_launch_wishlist_rank,2026-07-10,-7,,not_in_captured_wishlist_ranking,
4039140,Subway Builder,2026-07-17,pre_launch_wishlist_rank,2026-07-11,-6,,not_in_captured_wishlist_ranking,
4039140,Subway Builder,2026-07-17,pre_launch_wishlist_rank,2026-07-12,-5,,not_in_captured_wishlist_ranking,
4039140,Subway Builder,2026-07-17,pre_launch_wishlist_rank,2026-07-13,-4,,not_in_captured_wishlist_ranking,
4039140,Subway Builder,2026-07-17,pre_launch_wishlist_rank,2026-07-14,-3,,not_in_captured_wishlist_ranking,
4039140,Subway Builder,2026-07-17,pre_launch_wishlist_rank,2026-07-15,-2,1808,ok,2026-07-15T04:32:45.763Z
4039140,Subway Builder,2026-07-17,pre_launch_wishlist_rank,2026-07-16,-1,1650,ok,2026-07-16T04:42:31.378Z
4039140,Subway Builder,2026-07-17,post_launch_reviews_total,2026-07-17,0,0,ok,2026-07-17T04:45:39.030Z
4039140,Subway Builder,2026-07-17,post_launch_reviews_total,2026-07-18,1,,not_collected,
4039140,Subway Builder,2026-07-17,post_launch_reviews_total,2026-07-19,2,,not_collected,
4039140,Subway Builder,2026-07-17,post_launch_reviews_total,2026-07-20,3,,not_collected,
4039140,Subway Builder,2026-07-17,post_launch_reviews_total,2026-07-21,4,,not_collected,
4039140,Subway Builder,2026-07-17,post_launch_reviews_total,2026-07-22,5,,not_collected,
4039140,Subway Builder,2026-07-17,post_launch_reviews_total,2026-07-23,6,,not_collected,
4039140,Subway Builder,2026-07-17,post_launch_reviews_total,2026-07-24,7,,not_collected,
3848900,Sucker for Love: Crush Landing,2026-08-31,pre_launch_wishlist_rank,2026-08-24,-7,1085,ok,2026-08-24T02:48:36.097Z
3848900,Sucker for Love: Crush Landing,2026-08-31,pre_launch_wishlist_rank,2026-08-25,-6,1068,ok,2026-08-25T02:42:46.392Z
3848900,Sucker for Love: Crush Landing,2026-08-31,pre_launch_wishlist_rank,2026-08-26,-5,1039,ok,2026-08-26T02:50:15.789Z
3848900,Sucker for Love: Crush Landing,2026-08-31,pre_launch_wishlist_rank,2026-08-27,-4,1016,ok,2026-08-27T11:57:45.810Z
3848900,Sucker for Love: Crush Landing,2026-08-31,pre_launch_wishlist_rank,2026-08-28,-3,1005,ok,2026-08-28T13:19:41.332Z
3848900,Sucker for Love: Crush Landing,2026-08-31,pre_launch_wishlist_rank,2026-08-29,-2,975,ok,2026-08-29T08:16:08.181Z
3848900,Sucker for Love: Crush Landing,2026-08-31,pre_launch_wishlist_rank,2026-08-30,-1,953,ok,2026-08-30T07:17:27.365Z
3848900,Sucker for Love: Crush Landing,2026-08-31,post_launch_reviews_total,2026-08-31,0,0,ok,2026-08-31T07:32:46.352Z
3848900,Sucker for Love: Crush Landing,2026-08-31,post_launch_reviews_total,2026-09-01,1,,not_collected,
3848900,Sucker for Love: Crush Landing,2026-08-31,post_launch_reviews_total,2026-09-02,2,,not_collected,
3848900,Sucker for Love: Crush Landing,2026-08-31,post_launch_reviews_total,2026-09-03,3,,not_collected,
3848900,Sucker for Love: Crush Landing,2026-08-31,post_launch_reviews_total,2026-09-04,4,,not_collected,
3848900,Sucker for Love: Crush Landing,2026-08-31,post_launch_reviews_total,2026-09-05,5,,not_collected,
3848900,Sucker for Love: Crush Landing,2026-08-31,post_launch_reviews_total,2026-09-06,6,,not_collected,
3848900,Sucker for Love: Crush Landing,2026-08-31,post_launch_reviews_total,2026-09-07,7,,not_collected,
3576070,Sudden Attack Zero Point,2026-07-29,pre_launch_wishlist_rank,2026-07-22,-7,667,ok,2026-07-22T04:50:32.272Z
3576070,Sudden Attack Zero Point,2026-07-29,pre_launch_wishlist_rank,2026-07-23,-6,655,ok,2026-07-23T04:56:12.842Z
3576070,Sudden Attack Zero Point,2026-07-29,pre_launch_wishlist_rank,2026-07-24,-5,648,ok,2026-07-24T04:51:55.902Z
3576070,Sudden Attack Zero Point,2026-07-29,pre_launch_wishlist_rank,2026-07-25,-4,642,ok,2026-07-25T04:47:58.982Z
3576070,Sudden Attack Zero Point,2026-07-29,pre_launch_wishlist_rank,2026-07-26,-3,638,ok,2026-07-26T05:02:25.100Z
3576070,Sudden Attack Zero Point,2026-07-29,pre_launch_wishlist_rank,2026-07-27,-2,627,ok,2026-07-27T05:28:24.621Z
3576070,Sudden Attack Zero Point,2026-07-29,pre_launch_wishlist_rank,2026-07-28,-1,607,ok,2026-07-28T04:45:52.627Z
3576070,Sudden Attack Zero Point,2026-07-29,post_launch_reviews_total,2026-07-29,0,0,ok,2026-07-29T04:50:58.767Z
3576070,Sudden Attack Zero Point,2026-07-29,post_launch_reviews_total,2026-07-30,1,,not_collected,
3576070,Sudden Attack Zero Point,2026-07-29,post_launch_reviews_total,2026-07-31,2,,not_collected,
3576070,Sudden Attack Zero Point,2026-07-29,post_launch_reviews_total,2026-08-01,3,,not_collected,
3576070,Sudden Attack Zero Point,2026-07-29,post_launch_reviews_total,2026-08-02,4,,not_collected,
3576070,Sudden Attack Zero Point,2026-07-29,post_launch_reviews_total,2026-08-03,5,,not_collected,
3576070,Sudden Attack Zero Point,2026-07-29,post_launch_reviews_total,2026-08-04,6,,not_collected,
3576070,Sudden Attack Zero Point,2026-07-29,post_launch_reviews_total,2026-08-05,7,,not_collected,
3606380,Summer Days in the Joyful Countryside,2026-07-10,pre_launch_wishlist_rank,2026-07-03,-7,,not_in_captured_wishlist_ranking,
3606380,Summer Days in the Joyful Countryside,2026-07-10,pre_launch_wishlist_rank,2026-07-04,-6,,not_in_captured_wishlist_ranking,
3606380,Summer Days in the Joyful Countryside,2026-07-10,pre_launch_wishlist_rank,2026-07-05,-5,,not_in_captured_wishlist_ranking,
3606380,Summer Days in the Joyful Countryside,2026-07-10,pre_launch_wishlist_rank,2026-07-06,-4,,not_in_captured_wishlist_ranking,
3606380,Summer Days in the Joyful Countryside,2026-07-10,pre_launch_wishlist_rank,2026-07-07,-3,,not_in_captured_wishlist_ranking,
3606380,Summer Days in the Joyful Countryside,2026-07-10,pre_launch_wishlist_rank,2026-07-08,-2,,not_in_captured_wishlist_ranking,
3606380,Summer Days in the Joyful Countryside,2026-07-10,pre_launch_wishlist_rank,2026-07-09,-1,,not_in_captured_wishlist_ranking,
3606380,Summer Days in the Joyful Countryside,2026-07-10,post_launch_reviews_total,2026-07-10,0,0,ok,2026-07-10T05:43:57.377Z
3606380,Summer Days in the Joyful Countryside,2026-07-10,post_launch_reviews_total,2026-07-11,1,,not_collected,
3606380,Summer Days in the Joyful Countryside,2026-07-10,post_launch_reviews_total,2026-07-12,2,,not_collected,
3606380,Summer Days in the Joyful Countryside,2026-07-10,post_launch_reviews_total,2026-07-13,3,,not_collected,
3606380,Summer Days in the Joyful Countryside,2026-07-10,post_launch_reviews_total,2026-07-14,4,,not_collected,
3606380,Summer Days in the Joyful Countryside,2026-07-10,post_launch_reviews_total,2026-07-15,5,,not_collected,
3606380,Summer Days in the Joyful Countryside,2026-07-10,post_launch_reviews_total,2026-07-16,6,,not_collected,
3606380,Summer Days in the Joyful Countryside,2026-07-10,post_launch_reviews_total,2026-07-17,7,,not_collected,
4078110,Suncraft,2026-07-28,pre_launch_wishlist_rank,2026-07-21,-7,,not_in_captured_wishlist_ranking,
4078110,Suncraft,2026-07-28,pre_launch_wishlist_rank,2026-07-22,-6,1945,ok,2026-07-22T04:50:32.272Z
4078110,Suncraft,2026-07-28,pre_launch_wishlist_rank,2026-07-23,-5,1901,ok,2026-07-23T04:56:12.842Z
4078110,Suncraft,2026-07-28,pre_launch_wishlist_rank,2026-07-24,-4,1865,ok,2026-07-24T04:51:55.902Z
4078110,Suncraft,2026-07-28,pre_launch_wishlist_rank,2026-07-25,-3,1825,ok,2026-07-25T04:47:58.982Z
4078110,Suncraft,2026-07-28,pre_launch_wishlist_rank,2026-07-26,-2,1781,ok,2026-07-26T05:02:25.100Z
4078110,Suncraft,2026-07-28,pre_launch_wishlist_rank,2026-07-27,-1,1690,ok,2026-07-27T05:28:24.621Z
4078110,Suncraft,2026-07-28,post_launch_reviews_total,2026-07-28,0,0,ok,2026-07-28T04:45:52.627Z
4078110,Suncraft,2026-07-28,post_launch_reviews_total,2026-07-29,1,,not_collected,
4078110,Suncraft,2026-07-28,post_launch_reviews_total,2026-07-30,2,,not_collected,
4078110,Suncraft,2026-07-28,post_launch_reviews_total,2026-07-31,3,,not_collected,
4078110,Suncraft,2026-07-28,post_launch_reviews_total,2026-08-01,4,,not_collected,
4078110,Suncraft,2026-07-28,post_launch_reviews_total,2026-08-02,5,,not_collected,
4078110,Suncraft,2026-07-28,post_launch_reviews_total,2026-08-03,6,,not_collected,
4078110,Suncraft,2026-07-28,post_launch_reviews_total,2026-08-04,7,,not_collected,
3257760,Sunken Dragon,2026-07-06,pre_launch_wishlist_rank,2026-06-29,-7,,not_collected,
3257760,Sunken Dragon,2026-07-06,pre_launch_wishlist_rank,2026-06-30,-6,,not_collected,
3257760,Sunken Dragon,2026-07-06,pre_launch_wishlist_rank,2026-07-01,-5,,not_collected,
3257760,Sunken Dragon,2026-07-06,pre_launch_wishlist_rank,2026-07-02,-4,,not_collected,
3257760,Sunken Dragon,2026-07-06,pre_launch_wishlist_rank,2026-07-03,-3,,not_in_captured_wishlist_ranking,
3257760,Sunken Dragon,2026-07-06,pre_launch_wishlist_rank,2026-07-04,-2,,not_in_captured_wishlist_ranking,
3257760,Sunken Dragon,2026-07-06,pre_launch_wishlist_rank,2026-07-05,-1,,not_in_captured_wishlist_ranking,
3257760,Sunken Dragon,2026-07-06,post_launch_reviews_total,2026-07-06,0,0,ok,2026-07-06T04:31:47.397Z
3257760,Sunken Dragon,2026-07-06,post_launch_reviews_total,2026-07-07,1,,not_collected,
3257760,Sunken Dragon,2026-07-06,post_launch_reviews_total,2026-07-08,2,,not_collected,
3257760,Sunken Dragon,2026-07-06,post_launch_reviews_total,2026-07-09,3,,not_collected,
3257760,Sunken Dragon,2026-07-06,post_launch_reviews_total,2026-07-10,4,,not_collected,
3257760,Sunken Dragon,2026-07-06,post_launch_reviews_total,2026-07-11,5,,not_collected,
3257760,Sunken Dragon,2026-07-06,post_launch_reviews_total,2026-07-12,6,,not_collected,
3257760,Sunken Dragon,2026-07-06,post_launch_reviews_total,2026-07-13,7,,not_collected,
4011300,Super Shout Showdown,2026-08-06,pre_launch_wishlist_rank,2026-07-30,-7,,not_in_captured_wishlist_ranking,
4011300,Super Shout Showdown,2026-08-06,pre_launch_wishlist_rank,2026-07-31,-6,,not_in_captured_wishlist_ranking,
4011300,Super Shout Showdown,2026-08-06,pre_launch_wishlist_rank,2026-08-01,-5,,not_in_captured_wishlist_ranking,
4011300,Super Shout Showdown,2026-08-06,pre_launch_wishlist_rank,2026-08-02,-4,,not_in_captured_wishlist_ranking,
4011300,Super Shout Showdown,2026-08-06,pre_launch_wishlist_rank,2026-08-03,-3,,not_in_captured_wishlist_ranking,
4011300,Super Shout Showdown,2026-08-06,pre_launch_wishlist_rank,2026-08-04,-2,,not_in_captured_wishlist_ranking,
4011300,Super Shout Showdown,2026-08-06,pre_launch_wishlist_rank,2026-08-05,-1,,not_in_captured_wishlist_ranking,
4011300,Super Shout Showdown,2026-08-06,post_launch_reviews_total,2026-08-06,0,0,ok,2026-08-06T04:47:09.485Z
4011300,Super Shout Showdown,2026-08-06,post_launch_reviews_total,2026-08-07,1,,not_collected,
4011300,Super Shout Showdown,2026-08-06,post_launch_reviews_total,2026-08-08,2,,not_collected,
4011300,Super Shout Showdown,2026-08-06,post_launch_reviews_total,2026-08-09,3,,not_collected,
4011300,Super Shout Showdown,2026-08-06,post_launch_reviews_total,2026-08-10,4,,not_collected,
4011300,Super Shout Showdown,2026-08-06,post_launch_reviews_total,2026-08-11,5,,not_collected,
4011300,Super Shout Showdown,2026-08-06,post_launch_reviews_total,2026-08-12,6,,not_collected,
4011300,Super Shout Showdown,2026-08-06,post_launch_reviews_total,2026-08-13,7,,not_collected,
4773850,Surplus Value Simulator,2026-07-07,pre_launch_wishlist_rank,2026-06-30,-7,,not_collected,
4773850,Surplus Value Simulator,2026-07-07,pre_launch_wishlist_rank,2026-07-01,-6,,not_collected,
4773850,Surplus Value Simulator,2026-07-07,pre_launch_wishlist_rank,2026-07-02,-5,,not_collected,
4773850,Surplus Value Simulator,2026-07-07,pre_launch_wishlist_rank,2026-07-03,-4,,not_in_captured_wishlist_ranking,
4773850,Surplus Value Simulator,2026-07-07,pre_launch_wishlist_rank,2026-07-04,-3,,not_in_captured_wishlist_ranking,
4773850,Surplus Value Simulator,2026-07-07,pre_launch_wishlist_rank,2026-07-05,-2,,not_in_captured_wishlist_ranking,
4773850,Surplus Value Simulator,2026-07-07,pre_launch_wishlist_rank,2026-07-06,-1,,not_in_captured_wishlist_ranking,
4773850,Surplus Value Simulator,2026-07-07,post_launch_reviews_total,2026-07-07,0,,not_collected,
4773850,Surplus Value Simulator,2026-07-07,post_launch_reviews_total,2026-07-08,1,0,ok,2026-07-08T04:50:41.299Z
4773850,Surplus Value Simulator,2026-07-07,post_launch_reviews_total,2026-07-09,2,,not_collected,
4773850,Surplus Value Simulator,2026-07-07,post_launch_reviews_total,2026-07-10,3,,not_collected,
4773850,Surplus Value Simulator,2026-07-07,post_launch_reviews_total,2026-07-11,4,,not_collected,
4773850,Surplus Value Simulator,2026-07-07,post_launch_reviews_total,2026-07-12,5,,not_collected,
4773850,Surplus Value Simulator,2026-07-07,post_launch_reviews_total,2026-07-13,6,,not_collected,
4773850,Surplus Value Simulator,2026-07-07,post_launch_reviews_total,2026-07-14,7,,not_collected,
4164790,Survival Log,2026-08-12,pre_launch_wishlist_rank,2026-08-05,-7,1081,ok,2026-08-05T04:46:35.103Z
4164790,Survival Log,2026-08-12,pre_launch_wishlist_rank,2026-08-06,-6,1064,ok,2026-08-06T04:47:09.485Z
4164790,Survival Log,2026-08-12,pre_launch_wishlist_rank,2026-08-07,-5,1033,ok,2026-08-07T04:13:26.771Z
4164790,Survival Log,2026-08-12,pre_launch_wishlist_rank,2026-08-08,-4,1010,ok,2026-08-08T03:11:38.214Z
4164790,Survival Log,2026-08-12,pre_launch_wishlist_rank,2026-08-09,-3,991,ok,2026-08-09T03:19:17.318Z
4164790,Survival Log,2026-08-12,pre_launch_wishlist_rank,2026-08-10,-2,928,ok,2026-08-10T03:29:07.136Z
4164790,Survival Log,2026-08-12,pre_launch_wishlist_rank,2026-08-11,-1,879,ok,2026-08-11T03:21:55.619Z
4164790,Survival Log,2026-08-12,post_launch_reviews_total,2026-08-12,0,0,ok,2026-08-12T03:40:42.315Z
4164790,Survival Log,2026-08-12,post_launch_reviews_total,2026-08-13,1,,not_collected,
4164790,Survival Log,2026-08-12,post_launch_reviews_total,2026-08-14,2,,not_collected,
4164790,Survival Log,2026-08-12,post_launch_reviews_total,2026-08-15,3,,not_collected,
4164790,Survival Log,2026-08-12,post_launch_reviews_total,2026-08-16,4,,not_collected,
4164790,Survival Log,2026-08-12,post_launch_reviews_total,2026-08-17,5,,not_collected,
4164790,Survival Log,2026-08-12,post_launch_reviews_total,2026-08-18,6,,not_collected,
4164790,Survival Log,2026-08-12,post_launch_reviews_total,2026-08-19,7,,not_collected,
4877170,Swarm of the Sea,2026-07-09,pre_launch_wishlist_rank,2026-07-02,-7,,not_collected,
4877170,Swarm of the Sea,2026-07-09,pre_launch_wishlist_rank,2026-07-03,-6,,not_in_captured_wishlist_ranking,
4877170,Swarm of the Sea,2026-07-09,pre_launch_wishlist_rank,2026-07-04,-5,,not_in_captured_wishlist_ranking,
4877170,Swarm of the Sea,2026-07-09,pre_launch_wishlist_rank,2026-07-05,-4,,not_in_captured_wishlist_ranking,
4877170,Swarm of the Sea,2026-07-09,pre_launch_wishlist_rank,2026-07-06,-3,,not_in_captured_wishlist_ranking,
4877170,Swarm of the Sea,2026-07-09,pre_launch_wishlist_rank,2026-07-07,-2,,not_in_captured_wishlist_ranking,
4877170,Swarm of the Sea,2026-07-09,pre_launch_wishlist_rank,2026-07-08,-1,,not_in_captured_wishlist_ranking,
4877170,Swarm of the Sea,2026-07-09,post_launch_reviews_total,2026-07-09,0,0,ok,2026-07-09T05:46:21.155Z
4877170,Swarm of the Sea,2026-07-09,post_launch_reviews_total,2026-07-10,1,,not_collected,
4877170,Swarm of the Sea,2026-07-09,post_launch_reviews_total,2026-07-11,2,,not_collected,
4877170,Swarm of the Sea,2026-07-09,post_launch_reviews_total,2026-07-12,3,,not_collected,
4877170,Swarm of the Sea,2026-07-09,post_launch_reviews_total,2026-07-13,4,,not_collected,
4877170,Swarm of the Sea,2026-07-09,post_launch_reviews_total,2026-07-14,5,,not_collected,
4877170,Swarm of the Sea,2026-07-09,post_launch_reviews_total,2026-07-15,6,,not_collected,
4877170,Swarm of the Sea,2026-07-09,post_launch_reviews_total,2026-07-16,7,,not_collected,
4458840,T.W.I.R.L.,2026-08-10,pre_launch_wishlist_rank,2026-08-03,-7,,not_in_captured_wishlist_ranking,
4458840,T.W.I.R.L.,2026-08-10,pre_launch_wishlist_rank,2026-08-04,-6,,not_in_captured_wishlist_ranking,
4458840,T.W.I.R.L.,2026-08-10,pre_launch_wishlist_rank,2026-08-05,-5,,not_in_captured_wishlist_ranking,
4458840,T.W.I.R.L.,2026-08-10,pre_launch_wishlist_rank,2026-08-06,-4,,not_in_captured_wishlist_ranking,
4458840,T.W.I.R.L.,2026-08-10,pre_launch_wishlist_rank,2026-08-07,-3,,not_in_captured_wishlist_ranking,
4458840,T.W.I.R.L.,2026-08-10,pre_launch_wishlist_rank,2026-08-08,-2,,not_in_captured_wishlist_ranking,
4458840,T.W.I.R.L.,2026-08-10,pre_launch_wishlist_rank,2026-08-09,-1,,not_in_captured_wishlist_ranking,
4458840,T.W.I.R.L.,2026-08-10,post_launch_reviews_total,2026-08-10,0,0,ok,2026-08-10T03:29:07.136Z
4458840,T.W.I.R.L.,2026-08-10,post_launch_reviews_total,2026-08-11,1,,not_collected,
4458840,T.W.I.R.L.,2026-08-10,post_launch_reviews_total,2026-08-12,2,,not_collected,
4458840,T.W.I.R.L.,2026-08-10,post_launch_reviews_total,2026-08-13,3,,not_collected,
4458840,T.W.I.R.L.,2026-08-10,post_launch_reviews_total,2026-08-14,4,,not_collected,
4458840,T.W.I.R.L.,2026-08-10,post_launch_reviews_total,2026-08-15,5,,not_collected,
4458840,T.W.I.R.L.,2026-08-10,post_launch_reviews_total,2026-08-16,6,,not_collected,
4458840,T.W.I.R.L.,2026-08-10,post_launch_reviews_total,2026-08-17,7,,not_collected,
3152750,Taival,2026-07-14,pre_launch_wishlist_rank,2026-07-07,-7,,not_in_captured_wishlist_ranking,
3152750,Taival,2026-07-14,pre_launch_wishlist_rank,2026-07-08,-6,,not_in_captured_wishlist_ranking,
3152750,Taival,2026-07-14,pre_launch_wishlist_rank,2026-07-09,-5,,not_in_captured_wishlist_ranking,
3152750,Taival,2026-07-14,pre_launch_wishlist_rank,2026-07-10,-4,,not_in_captured_wishlist_ranking,
3152750,Taival,2026-07-14,pre_launch_wishlist_rank,2026-07-11,-3,1929,ok,2026-07-11T04:45:57.358Z
3152750,Taival,2026-07-14,pre_launch_wishlist_rank,2026-07-12,-2,1803,ok,2026-07-12T04:57:39.930Z
3152750,Taival,2026-07-14,pre_launch_wishlist_rank,2026-07-13,-1,1553,ok,2026-07-13T05:04:37.802Z
3152750,Taival,2026-07-14,post_launch_reviews_total,2026-07-14,0,0,ok,2026-07-14T04:32:48.120Z
3152750,Taival,2026-07-14,post_launch_reviews_total,2026-07-15,1,,not_collected,
3152750,Taival,2026-07-14,post_launch_reviews_total,2026-07-16,2,,not_collected,
3152750,Taival,2026-07-14,post_launch_reviews_total,2026-07-17,3,,not_collected,
3152750,Taival,2026-07-14,post_launch_reviews_total,2026-07-18,4,,not_collected,
3152750,Taival,2026-07-14,post_launch_reviews_total,2026-07-19,5,,not_collected,
3152750,Taival,2026-07-14,post_launch_reviews_total,2026-07-20,6,,not_collected,
3152750,Taival,2026-07-14,post_launch_reviews_total,2026-07-21,7,,not_collected,
4820140,TAKE CARE OF THE DOG,2026-07-09,pre_launch_wishlist_rank,2026-07-02,-7,,not_collected,
4820140,TAKE CARE OF THE DOG,2026-07-09,pre_launch_wishlist_rank,2026-07-03,-6,,not_in_captured_wishlist_ranking,
4820140,TAKE CARE OF THE DOG,2026-07-09,pre_launch_wishlist_rank,2026-07-04,-5,,not_in_captured_wishlist_ranking,
4820140,TAKE CARE OF THE DOG,2026-07-09,pre_launch_wishlist_rank,2026-07-05,-4,,not_in_captured_wishlist_ranking,
4820140,TAKE CARE OF THE DOG,2026-07-09,pre_launch_wishlist_rank,2026-07-06,-3,,not_in_captured_wishlist_ranking,
4820140,TAKE CARE OF THE DOG,2026-07-09,pre_launch_wishlist_rank,2026-07-07,-2,,not_in_captured_wishlist_ranking,
4820140,TAKE CARE OF THE DOG,2026-07-09,pre_launch_wishlist_rank,2026-07-08,-1,,not_in_captured_wishlist_ranking,
4820140,TAKE CARE OF THE DOG,2026-07-09,post_launch_reviews_total,2026-07-09,0,0,ok,2026-07-09T05:46:21.155Z
4820140,TAKE CARE OF THE DOG,2026-07-09,post_launch_reviews_total,2026-07-10,1,0,ok,2026-07-10T05:43:57.377Z
4820140,TAKE CARE OF THE DOG,2026-07-09,post_launch_reviews_total,2026-07-11,2,,not_collected,
4820140,TAKE CARE OF THE DOG,2026-07-09,post_launch_reviews_total,2026-07-12,3,,not_collected,
4820140,TAKE CARE OF THE DOG,2026-07-09,post_launch_reviews_total,2026-07-13,4,,not_collected,
4820140,TAKE CARE OF THE DOG,2026-07-09,post_launch_reviews_total,2026-07-14,5,,not_collected,
4820140,TAKE CARE OF THE DOG,2026-07-09,post_launch_reviews_total,2026-07-15,6,,not_collected,
4820140,TAKE CARE OF THE DOG,2026-07-09,post_launch_reviews_total,2026-07-16,7,,not_collected,
4601840,Tales from the Other Side: Beneath the Roots,2026-07-08,pre_launch_wishlist_rank,2026-07-01,-7,,not_collected,
4601840,Tales from the Other Side: Beneath the Roots,2026-07-08,pre_launch_wishlist_rank,2026-07-02,-6,,not_collected,
4601840,Tales from the Other Side: Beneath the Roots,2026-07-08,pre_launch_wishlist_rank,2026-07-03,-5,,not_in_captured_wishlist_ranking,
4601840,Tales from the Other Side: Beneath the Roots,2026-07-08,pre_launch_wishlist_rank,2026-07-04,-4,,not_in_captured_wishlist_ranking,
4601840,Tales from the Other Side: Beneath the Roots,2026-07-08,pre_launch_wishlist_rank,2026-07-05,-3,,not_in_captured_wishlist_ranking,
4601840,Tales from the Other Side: Beneath the Roots,2026-07-08,pre_launch_wishlist_rank,2026-07-06,-2,,not_in_captured_wishlist_ranking,
4601840,Tales from the Other Side: Beneath the Roots,2026-07-08,pre_launch_wishlist_rank,2026-07-07,-1,,not_in_captured_wishlist_ranking,
4601840,Tales from the Other Side: Beneath the Roots,2026-07-08,post_launch_reviews_total,2026-07-08,0,0,ok,2026-07-08T04:50:41.299Z
4601840,Tales from the Other Side: Beneath the Roots,2026-07-08,post_launch_reviews_total,2026-07-09,1,,not_collected,
4601840,Tales from the Other Side: Beneath the Roots,2026-07-08,post_launch_reviews_total,2026-07-10,2,,not_collected,
4601840,Tales from the Other Side: Beneath the Roots,2026-07-08,post_launch_reviews_total,2026-07-11,3,,not_collected,
4601840,Tales from the Other Side: Beneath the Roots,2026-07-08,post_launch_reviews_total,2026-07-12,4,,not_collected,
4601840,Tales from the Other Side: Beneath the Roots,2026-07-08,post_launch_reviews_total,2026-07-13,5,,not_collected,
4601840,Tales from the Other Side: Beneath the Roots,2026-07-08,post_launch_reviews_total,2026-07-14,6,,not_collected,
4601840,Tales from the Other Side: Beneath the Roots,2026-07-08,post_launch_reviews_total,2026-07-15,7,,not_collected,
4830880,Task Bar of Ragnalis,2026-07-31,pre_launch_wishlist_rank,2026-07-24,-7,,not_in_captured_wishlist_ranking,
4830880,Task Bar of Ragnalis,2026-07-31,pre_launch_wishlist_rank,2026-07-25,-6,,not_in_captured_wishlist_ranking,
4830880,Task Bar of Ragnalis,2026-07-31,pre_launch_wishlist_rank,2026-07-26,-5,,not_in_captured_wishlist_ranking,
4830880,Task Bar of Ragnalis,2026-07-31,pre_launch_wishlist_rank,2026-07-27,-4,,not_in_captured_wishlist_ranking,
4830880,Task Bar of Ragnalis,2026-07-31,pre_launch_wishlist_rank,2026-07-28,-3,,not_in_captured_wishlist_ranking,
4830880,Task Bar of Ragnalis,2026-07-31,pre_launch_wishlist_rank,2026-07-29,-2,,not_in_captured_wishlist_ranking,
4830880,Task Bar of Ragnalis,2026-07-31,pre_launch_wishlist_rank,2026-07-30,-1,,not_in_captured_wishlist_ranking,
4830880,Task Bar of Ragnalis,2026-07-31,post_launch_reviews_total,2026-07-31,0,,not_collected,
4830880,Task Bar of Ragnalis,2026-07-31,post_launch_reviews_total,2026-08-01,1,,not_collected,
4830880,Task Bar of Ragnalis,2026-07-31,post_launch_reviews_total,2026-08-02,2,,not_collected,
4830880,Task Bar of Ragnalis,2026-07-31,post_launch_reviews_total,2026-08-03,3,,not_collected,
4830880,Task Bar of Ragnalis,2026-07-31,post_launch_reviews_total,2026-08-04,4,,not_collected,
4830880,Task Bar of Ragnalis,2026-07-31,post_launch_reviews_total,2026-08-05,5,,not_collected,
4830880,Task Bar of Ragnalis,2026-07-31,post_launch_reviews_total,2026-08-06,6,,not_collected,
4830880,Task Bar of Ragnalis,2026-07-31,post_launch_reviews_total,2026-08-07,7,,not_collected,
3222890,Taste of the Wind,2026-08-21,pre_launch_wishlist_rank,2026-08-14,-7,1896,ok,2026-08-14T03:41:13.555Z
3222890,Taste of the Wind,2026-08-21,pre_launch_wishlist_rank,2026-08-15,-6,1867,ok,2026-08-15T02:36:13.648Z
3222890,Taste of the Wind,2026-08-21,pre_launch_wishlist_rank,2026-08-16,-5,1850,ok,2026-08-16T02:45:28.861Z
3222890,Taste of the Wind,2026-08-21,pre_launch_wishlist_rank,2026-08-17,-4,1797,ok,2026-08-17T02:45:10.258Z
3222890,Taste of the Wind,2026-08-21,pre_launch_wishlist_rank,2026-08-18,-3,1749,ok,2026-08-18T02:39:27.140Z
3222890,Taste of the Wind,2026-08-21,pre_launch_wishlist_rank,2026-08-19,-2,1703,ok,2026-08-19T02:42:36.358Z
3222890,Taste of the Wind,2026-08-21,pre_launch_wishlist_rank,2026-08-20,-1,1671,ok,2026-08-20T02:40:42.136Z
3222890,Taste of the Wind,2026-08-21,post_launch_reviews_total,2026-08-21,0,0,ok,2026-08-21T02:47:33.763Z
3222890,Taste of the Wind,2026-08-21,post_launch_reviews_total,2026-08-22,1,,not_collected,
3222890,Taste of the Wind,2026-08-21,post_launch_reviews_total,2026-08-23,2,,not_collected,
3222890,Taste of the Wind,2026-08-21,post_launch_reviews_total,2026-08-24,3,,not_collected,
3222890,Taste of the Wind,2026-08-21,post_launch_reviews_total,2026-08-25,4,,not_collected,
3222890,Taste of the Wind,2026-08-21,post_launch_reviews_total,2026-08-26,5,,not_collected,
3222890,Taste of the Wind,2026-08-21,post_launch_reviews_total,2026-08-27,6,,not_collected,
3222890,Taste of the Wind,2026-08-21,post_launch_reviews_total,2026-08-28,7,,not_collected,
1913120,Tears of Metal,2026-07-22,pre_launch_wishlist_rank,2026-07-15,-7,91,ok,2026-07-15T04:32:45.763Z
1913120,Tears of Metal,2026-07-22,pre_launch_wishlist_rank,2026-07-16,-6,90,ok,2026-07-16T04:42:31.378Z
1913120,Tears of Metal,2026-07-22,pre_launch_wishlist_rank,2026-07-17,-5,88,ok,2026-07-17T04:45:39.030Z
1913120,Tears of Metal,2026-07-22,pre_launch_wishlist_rank,2026-07-18,-4,88,ok,2026-07-18T04:29:54.503Z
1913120,Tears of Metal,2026-07-22,pre_launch_wishlist_rank,2026-07-19,-3,87,ok,2026-07-19T04:54:49.781Z
1913120,Tears of Metal,2026-07-22,pre_launch_wishlist_rank,2026-07-20,-2,82,ok,2026-07-20T05:09:45.900Z
1913120,Tears of Metal,2026-07-22,pre_launch_wishlist_rank,2026-07-21,-1,81,ok,2026-07-21T04:50:39.944Z
1913120,Tears of Metal,2026-07-22,post_launch_reviews_total,2026-07-22,0,0,ok,2026-07-22T04:50:32.272Z
1913120,Tears of Metal,2026-07-22,post_launch_reviews_total,2026-07-23,1,,not_collected,
1913120,Tears of Metal,2026-07-22,post_launch_reviews_total,2026-07-24,2,,not_collected,
1913120,Tears of Metal,2026-07-22,post_launch_reviews_total,2026-07-25,3,,not_collected,
1913120,Tears of Metal,2026-07-22,post_launch_reviews_total,2026-07-26,4,,not_collected,
1913120,Tears of Metal,2026-07-22,post_launch_reviews_total,2026-07-27,5,,not_collected,
1913120,Tears of Metal,2026-07-22,post_launch_reviews_total,2026-07-28,6,,not_collected,
1913120,Tears of Metal,2026-07-22,post_launch_reviews_total,2026-07-29,7,,not_collected,
4856190,Tech Store & Repair Simulator,2026-07-03,pre_launch_wishlist_rank,2026-06-26,-7,,not_collected,
4856190,Tech Store & Repair Simulator,2026-07-03,pre_launch_wishlist_rank,2026-06-27,-6,,not_collected,
4856190,Tech Store & Repair Simulator,2026-07-03,pre_launch_wishlist_rank,2026-06-28,-5,,not_collected,
4856190,Tech Store & Repair Simulator,2026-07-03,pre_launch_wishlist_rank,2026-06-29,-4,,not_collected,
4856190,Tech Store & Repair Simulator,2026-07-03,pre_launch_wishlist_rank,2026-06-30,-3,,not_collected,
4856190,Tech Store & Repair Simulator,2026-07-03,pre_launch_wishlist_rank,2026-07-01,-2,,not_collected,
4856190,Tech Store & Repair Simulator,2026-07-03,pre_launch_wishlist_rank,2026-07-02,-1,,not_collected,
4856190,Tech Store & Repair Simulator,2026-07-03,post_launch_reviews_total,2026-07-03,0,0,ok,2026-07-03T04:27:24.412Z
4856190,Tech Store & Repair Simulator,2026-07-03,post_launch_reviews_total,2026-07-04,1,,not_collected,
4856190,Tech Store & Repair Simulator,2026-07-03,post_launch_reviews_total,2026-07-05,2,,not_collected,
4856190,Tech Store & Repair Simulator,2026-07-03,post_launch_reviews_total,2026-07-06,3,,not_collected,
4856190,Tech Store & Repair Simulator,2026-07-03,post_launch_reviews_total,2026-07-07,4,,not_collected,
4856190,Tech Store & Repair Simulator,2026-07-03,post_launch_reviews_total,2026-07-08,5,,not_collected,
4856190,Tech Store & Repair Simulator,2026-07-03,post_launch_reviews_total,2026-07-09,6,,not_collected,
4856190,Tech Store & Repair Simulator,2026-07-03,post_launch_reviews_total,2026-07-10,7,,not_collected,
3237520,The Alters: Last Variable,2026-07-13,pre_launch_wishlist_rank,2026-07-06,-7,1653,ok,2026-07-06T04:31:47.397Z
3237520,The Alters: Last Variable,2026-07-13,pre_launch_wishlist_rank,2026-07-07,-6,1626,ok,2026-07-07T05:48:04.813Z
3237520,The Alters: Last Variable,2026-07-13,pre_launch_wishlist_rank,2026-07-08,-5,1606,ok,2026-07-08T04:50:41.299Z
3237520,The Alters: Last Variable,2026-07-13,pre_launch_wishlist_rank,2026-07-09,-4,1582,ok,2026-07-09T05:46:21.155Z
3237520,The Alters: Last Variable,2026-07-13,pre_launch_wishlist_rank,2026-07-10,-3,1564,ok,2026-07-10T05:43:57.377Z
3237520,The Alters: Last Variable,2026-07-13,pre_launch_wishlist_rank,2026-07-11,-2,1539,ok,2026-07-11T04:45:57.358Z
3237520,The Alters: Last Variable,2026-07-13,pre_launch_wishlist_rank,2026-07-12,-1,1517,ok,2026-07-12T04:57:39.930Z
3237520,The Alters: Last Variable,2026-07-13,post_launch_reviews_total,2026-07-13,0,0,ok,2026-07-13T05:04:37.802Z
3237520,The Alters: Last Variable,2026-07-13,post_launch_reviews_total,2026-07-14,1,,not_collected,
3237520,The Alters: Last Variable,2026-07-13,post_launch_reviews_total,2026-07-15,2,,not_collected,
3237520,The Alters: Last Variable,2026-07-13,post_launch_reviews_total,2026-07-16,3,,not_collected,
3237520,The Alters: Last Variable,2026-07-13,post_launch_reviews_total,2026-07-17,4,,not_collected,
3237520,The Alters: Last Variable,2026-07-13,post_launch_reviews_total,2026-07-18,5,,not_collected,
3237520,The Alters: Last Variable,2026-07-13,post_launch_reviews_total,2026-07-19,6,,not_collected,
3237520,The Alters: Last Variable,2026-07-13,post_launch_reviews_total,2026-07-20,7,,not_collected,
3751260,The Blood of Dawnwalker,2026-09-02,pre_launch_wishlist_rank,2026-08-26,-7,10,ok,2026-08-26T02:50:15.789Z
3751260,The Blood of Dawnwalker,2026-09-02,pre_launch_wishlist_rank,2026-08-27,-6,9,ok,2026-08-27T11:57:45.810Z
3751260,The Blood of Dawnwalker,2026-09-02,pre_launch_wishlist_rank,2026-08-28,-5,9,ok,2026-08-28T13:19:41.332Z
3751260,The Blood of Dawnwalker,2026-09-02,pre_launch_wishlist_rank,2026-08-29,-4,9,ok,2026-08-29T08:16:08.181Z
3751260,The Blood of Dawnwalker,2026-09-02,pre_launch_wishlist_rank,2026-08-30,-3,9,ok,2026-08-30T07:17:27.365Z
3751260,The Blood of Dawnwalker,2026-09-02,pre_launch_wishlist_rank,2026-08-31,-2,9,ok,2026-08-31T07:32:46.352Z
3751260,The Blood of Dawnwalker,2026-09-02,pre_launch_wishlist_rank,2026-09-01,-1,8,ok,2026-09-01T06:43:33.167Z
3751260,The Blood of Dawnwalker,2026-09-02,post_launch_reviews_total,2026-09-02,0,0,ok,2026-09-02T06:21:55.398Z
3751260,The Blood of Dawnwalker,2026-09-02,post_launch_reviews_total,2026-09-03,1,,not_collected,
3751260,The Blood of Dawnwalker,2026-09-02,post_launch_reviews_total,2026-09-04,2,,not_collected,
3751260,The Blood of Dawnwalker,2026-09-02,post_launch_reviews_total,2026-09-05,3,,not_collected,
3751260,The Blood of Dawnwalker,2026-09-02,post_launch_reviews_total,2026-09-06,4,,not_collected,
3751260,The Blood of Dawnwalker,2026-09-02,post_launch_reviews_total,2026-09-07,5,,not_collected,
3751260,The Blood of Dawnwalker,2026-09-02,post_launch_reviews_total,2026-09-08,6,,not_collected,
3751260,The Blood of Dawnwalker,2026-09-02,post_launch_reviews_total,2026-09-09,7,,not_collected,
4406280,the cabin game,2026-08-27,pre_launch_wishlist_rank,2026-08-20,-7,,not_in_captured_wishlist_ranking,
4406280,the cabin game,2026-08-27,pre_launch_wishlist_rank,2026-08-21,-6,1964,ok,2026-08-21T02:47:33.763Z
4406280,the cabin game,2026-08-27,pre_launch_wishlist_rank,2026-08-22,-5,1927,ok,2026-08-22T02:38:05.157Z
4406280,the cabin game,2026-08-27,pre_launch_wishlist_rank,2026-08-23,-4,1896,ok,2026-08-23T02:47:54.993Z
4406280,the cabin game,2026-08-27,pre_launch_wishlist_rank,2026-08-24,-3,1845,ok,2026-08-24T02:48:36.097Z
4406280,the cabin game,2026-08-27,pre_launch_wishlist_rank,2026-08-25,-2,1776,ok,2026-08-25T02:42:46.392Z
4406280,the cabin game,2026-08-27,pre_launch_wishlist_rank,2026-08-26,-1,1733,ok,2026-08-26T02:50:15.789Z
4406280,the cabin game,2026-08-27,post_launch_reviews_total,2026-08-27,0,0,ok,2026-08-27T11:57:45.810Z
4406280,the cabin game,2026-08-27,post_launch_reviews_total,2026-08-28,1,,not_collected,
4406280,the cabin game,2026-08-27,post_launch_reviews_total,2026-08-29,2,,not_collected,
4406280,the cabin game,2026-08-27,post_launch_reviews_total,2026-08-30,3,,not_collected,
4406280,the cabin game,2026-08-27,post_launch_reviews_total,2026-08-31,4,,not_collected,
4406280,the cabin game,2026-08-27,post_launch_reviews_total,2026-09-01,5,,not_collected,
4406280,the cabin game,2026-08-27,post_launch_reviews_total,2026-09-02,6,,not_collected,
4406280,the cabin game,2026-08-27,post_launch_reviews_total,2026-09-03,7,,not_collected,
4315550,The Carcass,2026-08-11,pre_launch_wishlist_rank,2026-08-04,-7,1514,ok,2026-08-04T04:47:02.633Z
4315550,The Carcass,2026-08-11,pre_launch_wishlist_rank,2026-08-05,-6,1459,ok,2026-08-05T04:46:35.103Z
4315550,The Carcass,2026-08-11,pre_launch_wishlist_rank,2026-08-06,-5,1415,ok,2026-08-06T04:47:09.485Z
4315550,The Carcass,2026-08-11,pre_launch_wishlist_rank,2026-08-07,-4,1372,ok,2026-08-07T04:13:26.771Z
4315550,The Carcass,2026-08-11,pre_launch_wishlist_rank,2026-08-08,-3,1345,ok,2026-08-08T03:11:38.214Z
4315550,The Carcass,2026-08-11,pre_launch_wishlist_rank,2026-08-09,-2,1308,ok,2026-08-09T03:19:17.318Z
4315550,The Carcass,2026-08-11,pre_launch_wishlist_rank,2026-08-10,-1,1222,ok,2026-08-10T03:29:07.136Z
4315550,The Carcass,2026-08-11,post_launch_reviews_total,2026-08-11,0,0,ok,2026-08-11T03:21:55.619Z
4315550,The Carcass,2026-08-11,post_launch_reviews_total,2026-08-12,1,,not_collected,
4315550,The Carcass,2026-08-11,post_launch_reviews_total,2026-08-13,2,,not_collected,
4315550,The Carcass,2026-08-11,post_launch_reviews_total,2026-08-14,3,,not_collected,
4315550,The Carcass,2026-08-11,post_launch_reviews_total,2026-08-15,4,,not_collected,
4315550,The Carcass,2026-08-11,post_launch_reviews_total,2026-08-16,5,,not_collected,
4315550,The Carcass,2026-08-11,post_launch_reviews_total,2026-08-17,6,,not_collected,
4315550,The Carcass,2026-08-11,post_launch_reviews_total,2026-08-18,7,,not_collected,
3004390,The Cave Diver,2026-08-12,pre_launch_wishlist_rank,2026-08-05,-7,1544,ok,2026-08-05T04:46:35.103Z
3004390,The Cave Diver,2026-08-12,pre_launch_wishlist_rank,2026-08-06,-6,1511,ok,2026-08-06T04:47:09.485Z
3004390,The Cave Diver,2026-08-12,pre_launch_wishlist_rank,2026-08-07,-5,1481,ok,2026-08-07T04:13:26.771Z
3004390,The Cave Diver,2026-08-12,pre_launch_wishlist_rank,2026-08-08,-4,1461,ok,2026-08-08T03:11:38.214Z
3004390,The Cave Diver,2026-08-12,pre_launch_wishlist_rank,2026-08-09,-3,1444,ok,2026-08-09T03:19:17.318Z
3004390,The Cave Diver,2026-08-12,pre_launch_wishlist_rank,2026-08-10,-2,1372,ok,2026-08-10T03:29:07.136Z
3004390,The Cave Diver,2026-08-12,pre_launch_wishlist_rank,2026-08-11,-1,1311,ok,2026-08-11T03:21:55.619Z
3004390,The Cave Diver,2026-08-12,post_launch_reviews_total,2026-08-12,0,0,ok,2026-08-12T03:40:42.315Z
3004390,The Cave Diver,2026-08-12,post_launch_reviews_total,2026-08-13,1,,not_collected,
3004390,The Cave Diver,2026-08-12,post_launch_reviews_total,2026-08-14,2,,not_collected,
3004390,The Cave Diver,2026-08-12,post_launch_reviews_total,2026-08-15,3,,not_collected,
3004390,The Cave Diver,2026-08-12,post_launch_reviews_total,2026-08-16,4,,not_collected,
3004390,The Cave Diver,2026-08-12,post_launch_reviews_total,2026-08-17,5,,not_collected,
3004390,The Cave Diver,2026-08-12,post_launch_reviews_total,2026-08-18,6,,not_collected,
3004390,The Cave Diver,2026-08-12,post_launch_reviews_total,2026-08-19,7,,not_collected,
2695260,The Crimson Maid,2026-07-14,pre_launch_wishlist_rank,2026-07-07,-7,,not_in_captured_wishlist_ranking,
2695260,The Crimson Maid,2026-07-14,pre_launch_wishlist_rank,2026-07-08,-6,,not_in_captured_wishlist_ranking,
2695260,The Crimson Maid,2026-07-14,pre_launch_wishlist_rank,2026-07-09,-5,,not_in_captured_wishlist_ranking,
2695260,The Crimson Maid,2026-07-14,pre_launch_wishlist_rank,2026-07-10,-4,,not_in_captured_wishlist_ranking,
2695260,The Crimson Maid,2026-07-14,pre_launch_wishlist_rank,2026-07-11,-3,,not_in_captured_wishlist_ranking,
2695260,The Crimson Maid,2026-07-14,pre_launch_wishlist_rank,2026-07-12,-2,,not_in_captured_wishlist_ranking,
2695260,The Crimson Maid,2026-07-14,pre_launch_wishlist_rank,2026-07-13,-1,,not_in_captured_wishlist_ranking,
2695260,The Crimson Maid,2026-07-14,post_launch_reviews_total,2026-07-14,0,0,ok,2026-07-14T04:32:48.120Z
2695260,The Crimson Maid,2026-07-14,post_launch_reviews_total,2026-07-15,1,,not_collected,
2695260,The Crimson Maid,2026-07-14,post_launch_reviews_total,2026-07-16,2,,not_collected,
2695260,The Crimson Maid,2026-07-14,post_launch_reviews_total,2026-07-17,3,,not_collected,
2695260,The Crimson Maid,2026-07-14,post_launch_reviews_total,2026-07-18,4,,not_collected,
2695260,The Crimson Maid,2026-07-14,post_launch_reviews_total,2026-07-19,5,,not_collected,
2695260,The Crimson Maid,2026-07-14,post_launch_reviews_total,2026-07-20,6,,not_collected,
2695260,The Crimson Maid,2026-07-14,post_launch_reviews_total,2026-07-21,7,,not_collected,
4890760,THE DEAD WE KNEW: Open World Survival,2026-09-17,pre_launch_wishlist_rank,2026-09-10,-7,,not_collected,
4890760,THE DEAD WE KNEW: Open World Survival,2026-09-17,pre_launch_wishlist_rank,2026-09-11,-6,,not_collected,
4890760,THE DEAD WE KNEW: Open World Survival,2026-09-17,pre_launch_wishlist_rank,2026-09-12,-5,,not_collected,
4890760,THE DEAD WE KNEW: Open World Survival,2026-09-17,pre_launch_wishlist_rank,2026-09-13,-4,,not_collected,
4890760,THE DEAD WE KNEW: Open World Survival,2026-09-17,pre_launch_wishlist_rank,2026-09-14,-3,,not_collected,
4890760,THE DEAD WE KNEW: Open World Survival,2026-09-17,pre_launch_wishlist_rank,2026-09-15,-2,,not_collected,
4890760,THE DEAD WE KNEW: Open World Survival,2026-09-17,pre_launch_wishlist_rank,2026-09-16,-1,,not_collected,
4890760,THE DEAD WE KNEW: Open World Survival,2026-09-17,post_launch_reviews_total,2026-09-17,0,,not_collected,
4890760,THE DEAD WE KNEW: Open World Survival,2026-09-17,post_launch_reviews_total,2026-09-18,1,,not_collected,
4890760,THE DEAD WE KNEW: Open World Survival,2026-09-17,post_launch_reviews_total,2026-09-19,2,,not_collected,
4890760,THE DEAD WE KNEW: Open World Survival,2026-09-17,post_launch_reviews_total,2026-09-20,3,,not_collected,
4890760,THE DEAD WE KNEW: Open World Survival,2026-09-17,post_launch_reviews_total,2026-09-21,4,,not_collected,
4890760,THE DEAD WE KNEW: Open World Survival,2026-09-17,post_launch_reviews_total,2026-09-22,5,,not_collected,
4890760,THE DEAD WE KNEW: Open World Survival,2026-09-17,post_launch_reviews_total,2026-09-23,6,,not_collected,
4890760,THE DEAD WE KNEW: Open World Survival,2026-09-17,post_launch_reviews_total,2026-09-24,7,,not_collected,
5044770,The Death Game Report,2026-09-01,pre_launch_wishlist_rank,2026-08-25,-7,,not_in_captured_wishlist_ranking,
5044770,The Death Game Report,2026-09-01,pre_launch_wishlist_rank,2026-08-26,-6,,not_in_captured_wishlist_ranking,
5044770,The Death Game Report,2026-09-01,pre_launch_wishlist_rank,2026-08-27,-5,,not_in_captured_wishlist_ranking,
5044770,The Death Game Report,2026-09-01,pre_launch_wishlist_rank,2026-08-28,-4,,not_in_captured_wishlist_ranking,
5044770,The Death Game Report,2026-09-01,pre_launch_wishlist_rank,2026-08-29,-3,,not_in_captured_wishlist_ranking,
5044770,The Death Game Report,2026-09-01,pre_launch_wishlist_rank,2026-08-30,-2,,not_in_captured_wishlist_ranking,
5044770,The Death Game Report,2026-09-01,pre_launch_wishlist_rank,2026-08-31,-1,1816,ok,2026-08-31T07:32:46.352Z
5044770,The Death Game Report,2026-09-01,post_launch_reviews_total,2026-09-01,0,0,ok,2026-09-01T06:43:33.167Z
5044770,The Death Game Report,2026-09-01,post_launch_reviews_total,2026-09-02,1,,not_collected,
5044770,The Death Game Report,2026-09-01,post_launch_reviews_total,2026-09-03,2,,not_collected,
5044770,The Death Game Report,2026-09-01,post_launch_reviews_total,2026-09-04,3,,not_collected,
5044770,The Death Game Report,2026-09-01,post_launch_reviews_total,2026-09-05,4,,not_collected,
5044770,The Death Game Report,2026-09-01,post_launch_reviews_total,2026-09-06,5,,not_collected,
5044770,The Death Game Report,2026-09-01,post_launch_reviews_total,2026-09-07,6,,not_collected,
5044770,The Death Game Report,2026-09-01,post_launch_reviews_total,2026-09-08,7,,not_collected,
3749720,The Division Resurgence,2026-08-05,pre_launch_wishlist_rank,2026-07-29,-7,1003,ok,2026-07-29T04:50:58.767Z
3749720,The Division Resurgence,2026-08-05,pre_launch_wishlist_rank,2026-07-30,-6,981,ok,2026-07-30T04:38:29.620Z
3749720,The Division Resurgence,2026-08-05,pre_launch_wishlist_rank,2026-07-31,-5,936,ok,2026-07-31T05:04:54.532Z
3749720,The Division Resurgence,2026-08-05,pre_launch_wishlist_rank,2026-08-01,-4,838,ok,2026-08-01T04:58:14.130Z
3749720,The Division Resurgence,2026-08-05,pre_launch_wishlist_rank,2026-08-02,-3,720,ok,2026-08-02T04:58:24.052Z
3749720,The Division Resurgence,2026-08-05,pre_launch_wishlist_rank,2026-08-03,-2,583,ok,2026-08-03T05:07:42.912Z
3749720,The Division Resurgence,2026-08-05,pre_launch_wishlist_rank,2026-08-04,-1,505,ok,2026-08-04T04:47:02.633Z
3749720,The Division Resurgence,2026-08-05,post_launch_reviews_total,2026-08-05,0,0,ok,2026-08-05T04:46:35.103Z
3749720,The Division Resurgence,2026-08-05,post_launch_reviews_total,2026-08-06,1,,not_collected,
3749720,The Division Resurgence,2026-08-05,post_launch_reviews_total,2026-08-07,2,,not_collected,
3749720,The Division Resurgence,2026-08-05,post_launch_reviews_total,2026-08-08,3,,not_collected,
3749720,The Division Resurgence,2026-08-05,post_launch_reviews_total,2026-08-09,4,,not_collected,
3749720,The Division Resurgence,2026-08-05,post_launch_reviews_total,2026-08-10,5,,not_collected,
3749720,The Division Resurgence,2026-08-05,post_launch_reviews_total,2026-08-11,6,,not_collected,
3749720,The Division Resurgence,2026-08-05,post_launch_reviews_total,2026-08-12,7,,not_collected,
4700560,The Girl in the Window,2026-08-31,pre_launch_wishlist_rank,2026-08-24,-7,,not_in_captured_wishlist_ranking,
4700560,The Girl in the Window,2026-08-31,pre_launch_wishlist_rank,2026-08-25,-6,,not_in_captured_wishlist_ranking,
4700560,The Girl in the Window,2026-08-31,pre_launch_wishlist_rank,2026-08-26,-5,,not_in_captured_wishlist_ranking,
4700560,The Girl in the Window,2026-08-31,pre_launch_wishlist_rank,2026-08-27,-4,,not_in_captured_wishlist_ranking,
4700560,The Girl in the Window,2026-08-31,pre_launch_wishlist_rank,2026-08-28,-3,,not_in_captured_wishlist_ranking,
4700560,The Girl in the Window,2026-08-31,pre_launch_wishlist_rank,2026-08-29,-2,,not_in_captured_wishlist_ranking,
4700560,The Girl in the Window,2026-08-31,pre_launch_wishlist_rank,2026-08-30,-1,1945,ok,2026-08-30T07:17:27.365Z
4700560,The Girl in the Window,2026-08-31,post_launch_reviews_total,2026-08-31,0,0,ok,2026-08-31T07:32:46.352Z
4700560,The Girl in the Window,2026-08-31,post_launch_reviews_total,2026-09-01,1,,not_collected,
4700560,The Girl in the Window,2026-08-31,post_launch_reviews_total,2026-09-02,2,,not_collected,
4700560,The Girl in the Window,2026-08-31,post_launch_reviews_total,2026-09-03,3,,not_collected,
4700560,The Girl in the Window,2026-08-31,post_launch_reviews_total,2026-09-04,4,,not_collected,
4700560,The Girl in the Window,2026-08-31,post_launch_reviews_total,2026-09-05,5,,not_collected,
4700560,The Girl in the Window,2026-08-31,post_launch_reviews_total,2026-09-06,6,,not_collected,
4700560,The Girl in the Window,2026-08-31,post_launch_reviews_total,2026-09-07,7,,not_collected,
2977260,The Guild - Europa 1410,2026-07-16,pre_launch_wishlist_rank,2026-07-09,-7,201,ok,2026-07-09T05:46:21.155Z
2977260,The Guild - Europa 1410,2026-07-16,pre_launch_wishlist_rank,2026-07-10,-6,198,ok,2026-07-10T05:43:57.377Z
2977260,The Guild - Europa 1410,2026-07-16,pre_launch_wishlist_rank,2026-07-11,-5,199,ok,2026-07-11T04:45:57.358Z
2977260,The Guild - Europa 1410,2026-07-16,pre_launch_wishlist_rank,2026-07-12,-4,199,ok,2026-07-12T04:57:39.930Z
2977260,The Guild - Europa 1410,2026-07-16,pre_launch_wishlist_rank,2026-07-13,-3,199,ok,2026-07-13T05:04:37.802Z
2977260,The Guild - Europa 1410,2026-07-16,pre_launch_wishlist_rank,2026-07-14,-2,200,ok,2026-07-14T04:32:48.120Z
2977260,The Guild - Europa 1410,2026-07-16,pre_launch_wishlist_rank,2026-07-15,-1,203,ok,2026-07-15T04:32:45.763Z
2977260,The Guild - Europa 1410,2026-07-16,post_launch_reviews_total,2026-07-16,0,,not_collected,
2977260,The Guild - Europa 1410,2026-07-16,post_launch_reviews_total,2026-07-17,1,,not_collected,
2977260,The Guild - Europa 1410,2026-07-16,post_launch_reviews_total,2026-07-18,2,,not_collected,
2977260,The Guild - Europa 1410,2026-07-16,post_launch_reviews_total,2026-07-19,3,,not_collected,
2977260,The Guild - Europa 1410,2026-07-16,post_launch_reviews_total,2026-07-20,4,,not_collected,
2977260,The Guild - Europa 1410,2026-07-16,post_launch_reviews_total,2026-07-21,5,,not_collected,
2977260,The Guild - Europa 1410,2026-07-16,post_launch_reviews_total,2026-07-22,6,,not_collected,
2977260,The Guild - Europa 1410,2026-07-16,post_launch_reviews_total,2026-07-23,7,,not_collected,
4851270,The Hollow House,2026-07-07,pre_launch_wishlist_rank,2026-06-30,-7,,not_collected,
4851270,The Hollow House,2026-07-07,pre_launch_wishlist_rank,2026-07-01,-6,,not_collected,
4851270,The Hollow House,2026-07-07,pre_launch_wishlist_rank,2026-07-02,-5,,not_collected,
4851270,The Hollow House,2026-07-07,pre_launch_wishlist_rank,2026-07-03,-4,,not_in_captured_wishlist_ranking,
4851270,The Hollow House,2026-07-07,pre_launch_wishlist_rank,2026-07-04,-3,,not_in_captured_wishlist_ranking,
4851270,The Hollow House,2026-07-07,pre_launch_wishlist_rank,2026-07-05,-2,,not_in_captured_wishlist_ranking,
4851270,The Hollow House,2026-07-07,pre_launch_wishlist_rank,2026-07-06,-1,,not_in_captured_wishlist_ranking,
4851270,The Hollow House,2026-07-07,post_launch_reviews_total,2026-07-07,0,0,ok,2026-07-07T05:48:04.813Z
4851270,The Hollow House,2026-07-07,post_launch_reviews_total,2026-07-08,1,,not_collected,
4851270,The Hollow House,2026-07-07,post_launch_reviews_total,2026-07-09,2,,not_collected,
4851270,The Hollow House,2026-07-07,post_launch_reviews_total,2026-07-10,3,,not_collected,
4851270,The Hollow House,2026-07-07,post_launch_reviews_total,2026-07-11,4,,not_collected,
4851270,The Hollow House,2026-07-07,post_launch_reviews_total,2026-07-12,5,,not_collected,
4851270,The Hollow House,2026-07-07,post_launch_reviews_total,2026-07-13,6,,not_collected,
4851270,The Hollow House,2026-07-07,post_launch_reviews_total,2026-07-14,7,,not_collected,
3641000,The Incident at Galley House,2026-07-14,pre_launch_wishlist_rank,2026-07-07,-7,685,ok,2026-07-07T05:48:04.813Z
3641000,The Incident at Galley House,2026-07-14,pre_launch_wishlist_rank,2026-07-08,-6,684,ok,2026-07-08T04:50:41.299Z
3641000,The Incident at Galley House,2026-07-14,pre_launch_wishlist_rank,2026-07-09,-5,677,ok,2026-07-09T05:46:21.155Z
3641000,The Incident at Galley House,2026-07-14,pre_launch_wishlist_rank,2026-07-10,-4,661,ok,2026-07-10T05:43:57.377Z
3641000,The Incident at Galley House,2026-07-14,pre_launch_wishlist_rank,2026-07-11,-3,656,ok,2026-07-11T04:45:57.358Z
3641000,The Incident at Galley House,2026-07-14,pre_launch_wishlist_rank,2026-07-12,-2,644,ok,2026-07-12T04:57:39.930Z
3641000,The Incident at Galley House,2026-07-14,pre_launch_wishlist_rank,2026-07-13,-1,617,ok,2026-07-13T05:04:37.802Z
3641000,The Incident at Galley House,2026-07-14,post_launch_reviews_total,2026-07-14,0,0,ok,2026-07-14T04:32:48.120Z
3641000,The Incident at Galley House,2026-07-14,post_launch_reviews_total,2026-07-15,1,,not_collected,
3641000,The Incident at Galley House,2026-07-14,post_launch_reviews_total,2026-07-16,2,,not_collected,
3641000,The Incident at Galley House,2026-07-14,post_launch_reviews_total,2026-07-17,3,,not_collected,
3641000,The Incident at Galley House,2026-07-14,post_launch_reviews_total,2026-07-18,4,,not_collected,
3641000,The Incident at Galley House,2026-07-14,post_launch_reviews_total,2026-07-19,5,,not_collected,
3641000,The Incident at Galley House,2026-07-14,post_launch_reviews_total,2026-07-20,6,,not_collected,
3641000,The Incident at Galley House,2026-07-14,post_launch_reviews_total,2026-07-21,7,,not_collected,
1776200,The Inn Between,2026-08-31,pre_launch_wishlist_rank,2026-08-24,-7,1659,ok,2026-08-24T02:48:36.097Z
1776200,The Inn Between,2026-08-31,pre_launch_wishlist_rank,2026-08-25,-6,1624,ok,2026-08-25T02:42:46.392Z
1776200,The Inn Between,2026-08-31,pre_launch_wishlist_rank,2026-08-26,-5,1606,ok,2026-08-26T02:50:15.789Z
1776200,The Inn Between,2026-08-31,pre_launch_wishlist_rank,2026-08-27,-4,1590,ok,2026-08-27T11:57:45.810Z
1776200,The Inn Between,2026-08-31,pre_launch_wishlist_rank,2026-08-28,-3,1578,ok,2026-08-28T13:19:41.332Z
1776200,The Inn Between,2026-08-31,pre_launch_wishlist_rank,2026-08-29,-2,1565,ok,2026-08-29T08:16:08.181Z
1776200,The Inn Between,2026-08-31,pre_launch_wishlist_rank,2026-08-30,-1,1550,ok,2026-08-30T07:17:27.365Z
1776200,The Inn Between,2026-08-31,post_launch_reviews_total,2026-08-31,0,0,ok,2026-08-31T07:32:46.352Z
1776200,The Inn Between,2026-08-31,post_launch_reviews_total,2026-09-01,1,,not_collected,
1776200,The Inn Between,2026-08-31,post_launch_reviews_total,2026-09-02,2,,not_collected,
1776200,The Inn Between,2026-08-31,post_launch_reviews_total,2026-09-03,3,,not_collected,
1776200,The Inn Between,2026-08-31,post_launch_reviews_total,2026-09-04,4,,not_collected,
1776200,The Inn Between,2026-08-31,post_launch_reviews_total,2026-09-05,5,,not_collected,
1776200,The Inn Between,2026-08-31,post_launch_reviews_total,2026-09-06,6,,not_collected,
1776200,The Inn Between,2026-08-31,post_launch_reviews_total,2026-09-07,7,,not_collected,
4729160,The Kuon Island Nursery Rhyme Murders: Case Notes,2026-07-28,pre_launch_wishlist_rank,2026-07-21,-7,,not_in_captured_wishlist_ranking,
4729160,The Kuon Island Nursery Rhyme Murders: Case Notes,2026-07-28,pre_launch_wishlist_rank,2026-07-22,-6,,not_in_captured_wishlist_ranking,
4729160,The Kuon Island Nursery Rhyme Murders: Case Notes,2026-07-28,pre_launch_wishlist_rank,2026-07-23,-5,,not_in_captured_wishlist_ranking,
4729160,The Kuon Island Nursery Rhyme Murders: Case Notes,2026-07-28,pre_launch_wishlist_rank,2026-07-24,-4,,not_in_captured_wishlist_ranking,
4729160,The Kuon Island Nursery Rhyme Murders: Case Notes,2026-07-28,pre_launch_wishlist_rank,2026-07-25,-3,,not_in_captured_wishlist_ranking,
4729160,The Kuon Island Nursery Rhyme Murders: Case Notes,2026-07-28,pre_launch_wishlist_rank,2026-07-26,-2,,not_in_captured_wishlist_ranking,
4729160,The Kuon Island Nursery Rhyme Murders: Case Notes,2026-07-28,pre_launch_wishlist_rank,2026-07-27,-1,,not_in_captured_wishlist_ranking,
4729160,The Kuon Island Nursery Rhyme Murders: Case Notes,2026-07-28,post_launch_reviews_total,2026-07-28,0,0,ok,2026-07-28T04:45:52.627Z
4729160,The Kuon Island Nursery Rhyme Murders: Case Notes,2026-07-28,post_launch_reviews_total,2026-07-29,1,,not_collected,
4729160,The Kuon Island Nursery Rhyme Murders: Case Notes,2026-07-28,post_launch_reviews_total,2026-07-30,2,,not_collected,
4729160,The Kuon Island Nursery Rhyme Murders: Case Notes,2026-07-28,post_launch_reviews_total,2026-07-31,3,,not_collected,
4729160,The Kuon Island Nursery Rhyme Murders: Case Notes,2026-07-28,post_launch_reviews_total,2026-08-01,4,,not_collected,
4729160,The Kuon Island Nursery Rhyme Murders: Case Notes,2026-07-28,post_launch_reviews_total,2026-08-02,5,,not_collected,
4729160,The Kuon Island Nursery Rhyme Murders: Case Notes,2026-07-28,post_launch_reviews_total,2026-08-03,6,,not_collected,
4729160,The Kuon Island Nursery Rhyme Murders: Case Notes,2026-07-28,post_launch_reviews_total,2026-08-04,7,,not_collected,
3849000,The Lantern of the Laughless Saint,2026-08-17,pre_launch_wishlist_rank,2026-08-10,-7,313,ok,2026-08-10T03:29:07.136Z
3849000,The Lantern of the Laughless Saint,2026-08-17,pre_launch_wishlist_rank,2026-08-11,-6,305,ok,2026-08-11T03:21:55.619Z
3849000,The Lantern of the Laughless Saint,2026-08-17,pre_launch_wishlist_rank,2026-08-12,-5,297,ok,2026-08-12T03:40:42.315Z
3849000,The Lantern of the Laughless Saint,2026-08-17,pre_launch_wishlist_rank,2026-08-13,-4,294,ok,2026-08-13T03:51:51.678Z
3849000,The Lantern of the Laughless Saint,2026-08-17,pre_launch_wishlist_rank,2026-08-14,-3,285,ok,2026-08-14T03:41:13.555Z
3849000,The Lantern of the Laughless Saint,2026-08-17,pre_launch_wishlist_rank,2026-08-15,-2,279,ok,2026-08-15T02:36:13.648Z
3849000,The Lantern of the Laughless Saint,2026-08-17,pre_launch_wishlist_rank,2026-08-16,-1,273,ok,2026-08-16T02:45:28.861Z
3849000,The Lantern of the Laughless Saint,2026-08-17,post_launch_reviews_total,2026-08-17,0,0,ok,2026-08-17T02:45:10.258Z
3849000,The Lantern of the Laughless Saint,2026-08-17,post_launch_reviews_total,2026-08-18,1,,not_collected,
3849000,The Lantern of the Laughless Saint,2026-08-17,post_launch_reviews_total,2026-08-19,2,,not_collected,
3849000,The Lantern of the Laughless Saint,2026-08-17,post_launch_reviews_total,2026-08-20,3,,not_collected,
3849000,The Lantern of the Laughless Saint,2026-08-17,post_launch_reviews_total,2026-08-21,4,,not_collected,
3849000,The Lantern of the Laughless Saint,2026-08-17,post_launch_reviews_total,2026-08-22,5,,not_collected,
3849000,The Lantern of the Laughless Saint,2026-08-17,post_launch_reviews_total,2026-08-23,6,,not_collected,
3849000,The Lantern of the Laughless Saint,2026-08-17,post_launch_reviews_total,2026-08-24,7,,not_collected,
1843400,The Last Disease Z,2026-08-21,pre_launch_wishlist_rank,2026-08-14,-7,,not_in_captured_wishlist_ranking,
1843400,The Last Disease Z,2026-08-21,pre_launch_wishlist_rank,2026-08-15,-6,,not_in_captured_wishlist_ranking,
1843400,The Last Disease Z,2026-08-21,pre_launch_wishlist_rank,2026-08-16,-5,,not_in_captured_wishlist_ranking,
1843400,The Last Disease Z,2026-08-21,pre_launch_wishlist_rank,2026-08-17,-4,,not_in_captured_wishlist_ranking,
1843400,The Last Disease Z,2026-08-21,pre_launch_wishlist_rank,2026-08-18,-3,1846,ok,2026-08-18T02:39:27.140Z
1843400,The Last Disease Z,2026-08-21,pre_launch_wishlist_rank,2026-08-19,-2,1720,ok,2026-08-19T02:42:36.358Z
1843400,The Last Disease Z,2026-08-21,pre_launch_wishlist_rank,2026-08-20,-1,1616,ok,2026-08-20T02:40:42.136Z
1843400,The Last Disease Z,2026-08-21,post_launch_reviews_total,2026-08-21,0,0,ok,2026-08-21T02:47:33.763Z
1843400,The Last Disease Z,2026-08-21,post_launch_reviews_total,2026-08-22,1,,not_collected,
1843400,The Last Disease Z,2026-08-21,post_launch_reviews_total,2026-08-23,2,,not_collected,
1843400,The Last Disease Z,2026-08-21,post_launch_reviews_total,2026-08-24,3,,not_collected,
1843400,The Last Disease Z,2026-08-21,post_launch_reviews_total,2026-08-25,4,,not_collected,
1843400,The Last Disease Z,2026-08-21,post_launch_reviews_total,2026-08-26,5,,not_collected,
1843400,The Last Disease Z,2026-08-21,post_launch_reviews_total,2026-08-27,6,,not_collected,
1843400,The Last Disease Z,2026-08-21,post_launch_reviews_total,2026-08-28,7,,not_collected,
4849960,The Laws of Probability,2026-07-03,pre_launch_wishlist_rank,2026-06-26,-7,,not_collected,
4849960,The Laws of Probability,2026-07-03,pre_launch_wishlist_rank,2026-06-27,-6,,not_collected,
4849960,The Laws of Probability,2026-07-03,pre_launch_wishlist_rank,2026-06-28,-5,,not_collected,
4849960,The Laws of Probability,2026-07-03,pre_launch_wishlist_rank,2026-06-29,-4,,not_collected,
4849960,The Laws of Probability,2026-07-03,pre_launch_wishlist_rank,2026-06-30,-3,,not_collected,
4849960,The Laws of Probability,2026-07-03,pre_launch_wishlist_rank,2026-07-01,-2,,not_collected,
4849960,The Laws of Probability,2026-07-03,pre_launch_wishlist_rank,2026-07-02,-1,,not_collected,
4849960,The Laws of Probability,2026-07-03,post_launch_reviews_total,2026-07-03,0,0,ok,2026-07-03T04:27:24.412Z
4849960,The Laws of Probability,2026-07-03,post_launch_reviews_total,2026-07-04,1,,not_collected,
4849960,The Laws of Probability,2026-07-03,post_launch_reviews_total,2026-07-05,2,,not_collected,
4849960,The Laws of Probability,2026-07-03,post_launch_reviews_total,2026-07-06,3,,not_collected,
4849960,The Laws of Probability,2026-07-03,post_launch_reviews_total,2026-07-07,4,,not_collected,
4849960,The Laws of Probability,2026-07-03,post_launch_reviews_total,2026-07-08,5,,not_collected,
4849960,The Laws of Probability,2026-07-03,post_launch_reviews_total,2026-07-09,6,,not_collected,
4849960,The Laws of Probability,2026-07-03,post_launch_reviews_total,2026-07-10,7,,not_collected,
2433630,The Left Behind,2026-07-27,pre_launch_wishlist_rank,2026-07-20,-7,1124,ok,2026-07-20T05:09:45.900Z
2433630,The Left Behind,2026-07-27,pre_launch_wishlist_rank,2026-07-21,-6,1053,ok,2026-07-21T04:50:39.944Z
2433630,The Left Behind,2026-07-27,pre_launch_wishlist_rank,2026-07-22,-5,996,ok,2026-07-22T04:50:32.272Z
2433630,The Left Behind,2026-07-27,pre_launch_wishlist_rank,2026-07-23,-4,930,ok,2026-07-23T04:56:12.842Z
2433630,The Left Behind,2026-07-27,pre_launch_wishlist_rank,2026-07-24,-3,861,ok,2026-07-24T04:51:55.902Z
2433630,The Left Behind,2026-07-27,pre_launch_wishlist_rank,2026-07-25,-2,788,ok,2026-07-25T04:47:58.982Z
2433630,The Left Behind,2026-07-27,pre_launch_wishlist_rank,2026-07-26,-1,703,ok,2026-07-26T05:02:25.100Z
2433630,The Left Behind,2026-07-27,post_launch_reviews_total,2026-07-27,0,0,ok,2026-07-27T05:28:24.621Z
2433630,The Left Behind,2026-07-27,post_launch_reviews_total,2026-07-28,1,,not_collected,
2433630,The Left Behind,2026-07-27,post_launch_reviews_total,2026-07-29,2,,not_collected,
2433630,The Left Behind,2026-07-27,post_launch_reviews_total,2026-07-30,3,,not_collected,
2433630,The Left Behind,2026-07-27,post_launch_reviews_total,2026-07-31,4,,not_collected,
2433630,The Left Behind,2026-07-27,post_launch_reviews_total,2026-08-01,5,,not_collected,
2433630,The Left Behind,2026-07-27,post_launch_reviews_total,2026-08-02,6,,not_collected,
2433630,The Left Behind,2026-07-27,post_launch_reviews_total,2026-08-03,7,,not_collected,
4787190,The Legend of Mala Tokmachka,2026-08-13,pre_launch_wishlist_rank,2026-08-06,-7,1624,ok,2026-08-06T04:47:09.485Z
4787190,The Legend of Mala Tokmachka,2026-08-13,pre_launch_wishlist_rank,2026-08-07,-6,1581,ok,2026-08-07T04:13:26.771Z
4787190,The Legend of Mala Tokmachka,2026-08-13,pre_launch_wishlist_rank,2026-08-08,-5,1558,ok,2026-08-08T03:11:38.214Z
4787190,The Legend of Mala Tokmachka,2026-08-13,pre_launch_wishlist_rank,2026-08-09,-4,1534,ok,2026-08-09T03:19:17.318Z
4787190,The Legend of Mala Tokmachka,2026-08-13,pre_launch_wishlist_rank,2026-08-10,-3,1464,ok,2026-08-10T03:29:07.136Z
4787190,The Legend of Mala Tokmachka,2026-08-13,pre_launch_wishlist_rank,2026-08-11,-2,1411,ok,2026-08-11T03:21:55.619Z
4787190,The Legend of Mala Tokmachka,2026-08-13,pre_launch_wishlist_rank,2026-08-12,-1,1356,ok,2026-08-12T03:40:42.315Z
4787190,The Legend of Mala Tokmachka,2026-08-13,post_launch_reviews_total,2026-08-13,0,0,ok,2026-08-13T03:51:51.678Z
4787190,The Legend of Mala Tokmachka,2026-08-13,post_launch_reviews_total,2026-08-14,1,,not_collected,
4787190,The Legend of Mala Tokmachka,2026-08-13,post_launch_reviews_total,2026-08-15,2,,not_collected,
4787190,The Legend of Mala Tokmachka,2026-08-13,post_launch_reviews_total,2026-08-16,3,,not_collected,
4787190,The Legend of Mala Tokmachka,2026-08-13,post_launch_reviews_total,2026-08-17,4,,not_collected,
4787190,The Legend of Mala Tokmachka,2026-08-13,post_launch_reviews_total,2026-08-18,5,,not_collected,
4787190,The Legend of Mala Tokmachka,2026-08-13,post_launch_reviews_total,2026-08-19,6,,not_collected,
4787190,The Legend of Mala Tokmachka,2026-08-13,post_launch_reviews_total,2026-08-20,7,,not_collected,
2936290,The Life and Suffering of Prince Jerian,2026-07-20,pre_launch_wishlist_rank,2026-07-13,-7,573,ok,2026-07-13T05:04:37.802Z
2936290,The Life and Suffering of Prince Jerian,2026-07-20,pre_launch_wishlist_rank,2026-07-14,-6,564,ok,2026-07-14T04:32:48.120Z
2936290,The Life and Suffering of Prince Jerian,2026-07-20,pre_launch_wishlist_rank,2026-07-15,-5,557,ok,2026-07-15T04:32:45.763Z
2936290,The Life and Suffering of Prince Jerian,2026-07-20,pre_launch_wishlist_rank,2026-07-16,-4,549,ok,2026-07-16T04:42:31.378Z
2936290,The Life and Suffering of Prince Jerian,2026-07-20,pre_launch_wishlist_rank,2026-07-17,-3,539,ok,2026-07-17T04:45:39.030Z
2936290,The Life and Suffering of Prince Jerian,2026-07-20,pre_launch_wishlist_rank,2026-07-18,-2,516,ok,2026-07-18T04:29:54.503Z
2936290,The Life and Suffering of Prince Jerian,2026-07-20,pre_launch_wishlist_rank,2026-07-19,-1,476,ok,2026-07-19T04:54:49.781Z
2936290,The Life and Suffering of Prince Jerian,2026-07-20,post_launch_reviews_total,2026-07-20,0,0,ok,2026-07-20T05:09:45.900Z
2936290,The Life and Suffering of Prince Jerian,2026-07-20,post_launch_reviews_total,2026-07-21,1,,not_collected,
2936290,The Life and Suffering of Prince Jerian,2026-07-20,post_launch_reviews_total,2026-07-22,2,,not_collected,
2936290,The Life and Suffering of Prince Jerian,2026-07-20,post_launch_reviews_total,2026-07-23,3,,not_collected,
2936290,The Life and Suffering of Prince Jerian,2026-07-20,post_launch_reviews_total,2026-07-24,4,,not_collected,
2936290,The Life and Suffering of Prince Jerian,2026-07-20,post_launch_reviews_total,2026-07-25,5,,not_collected,
2936290,The Life and Suffering of Prince Jerian,2026-07-20,post_launch_reviews_total,2026-07-26,6,,not_collected,
2936290,The Life and Suffering of Prince Jerian,2026-07-20,post_launch_reviews_total,2026-07-27,7,,not_collected,
1696770,The Mermaid Mask,2026-07-16,pre_launch_wishlist_rank,2026-07-09,-7,589,ok,2026-07-09T05:46:21.155Z
1696770,The Mermaid Mask,2026-07-16,pre_launch_wishlist_rank,2026-07-10,-6,582,ok,2026-07-10T05:43:57.377Z
1696770,The Mermaid Mask,2026-07-16,pre_launch_wishlist_rank,2026-07-11,-5,579,ok,2026-07-11T04:45:57.358Z
1696770,The Mermaid Mask,2026-07-16,pre_launch_wishlist_rank,2026-07-12,-4,575,ok,2026-07-12T04:57:39.930Z
1696770,The Mermaid Mask,2026-07-16,pre_launch_wishlist_rank,2026-07-13,-3,564,ok,2026-07-13T05:04:37.802Z
1696770,The Mermaid Mask,2026-07-16,pre_launch_wishlist_rank,2026-07-14,-2,553,ok,2026-07-14T04:32:48.120Z
1696770,The Mermaid Mask,2026-07-16,pre_launch_wishlist_rank,2026-07-15,-1,544,ok,2026-07-15T04:32:45.763Z
1696770,The Mermaid Mask,2026-07-16,post_launch_reviews_total,2026-07-16,0,0,ok,2026-07-16T04:42:31.378Z
1696770,The Mermaid Mask,2026-07-16,post_launch_reviews_total,2026-07-17,1,,not_collected,
1696770,The Mermaid Mask,2026-07-16,post_launch_reviews_total,2026-07-18,2,,not_collected,
1696770,The Mermaid Mask,2026-07-16,post_launch_reviews_total,2026-07-19,3,,not_collected,
1696770,The Mermaid Mask,2026-07-16,post_launch_reviews_total,2026-07-20,4,,not_collected,
1696770,The Mermaid Mask,2026-07-16,post_launch_reviews_total,2026-07-21,5,,not_collected,
1696770,The Mermaid Mask,2026-07-16,post_launch_reviews_total,2026-07-22,6,,not_collected,
1696770,The Mermaid Mask,2026-07-16,post_launch_reviews_total,2026-07-23,7,,not_collected,
3802740,The Mine Room,2026-07-03,pre_launch_wishlist_rank,2026-06-26,-7,,not_collected,
3802740,The Mine Room,2026-07-03,pre_launch_wishlist_rank,2026-06-27,-6,,not_collected,
3802740,The Mine Room,2026-07-03,pre_launch_wishlist_rank,2026-06-28,-5,,not_collected,
3802740,The Mine Room,2026-07-03,pre_launch_wishlist_rank,2026-06-29,-4,,not_collected,
3802740,The Mine Room,2026-07-03,pre_launch_wishlist_rank,2026-06-30,-3,,not_collected,
3802740,The Mine Room,2026-07-03,pre_launch_wishlist_rank,2026-07-01,-2,,not_collected,
3802740,The Mine Room,2026-07-03,pre_launch_wishlist_rank,2026-07-02,-1,,not_collected,
3802740,The Mine Room,2026-07-03,post_launch_reviews_total,2026-07-03,0,0,ok,2026-07-03T04:27:24.412Z
3802740,The Mine Room,2026-07-03,post_launch_reviews_total,2026-07-04,1,,not_collected,
3802740,The Mine Room,2026-07-03,post_launch_reviews_total,2026-07-05,2,,not_collected,
3802740,The Mine Room,2026-07-03,post_launch_reviews_total,2026-07-06,3,,not_collected,
3802740,The Mine Room,2026-07-03,post_launch_reviews_total,2026-07-07,4,,not_collected,
3802740,The Mine Room,2026-07-03,post_launch_reviews_total,2026-07-08,5,,not_collected,
3802740,The Mine Room,2026-07-03,post_launch_reviews_total,2026-07-09,6,,not_collected,
3802740,The Mine Room,2026-07-03,post_launch_reviews_total,2026-07-10,7,,not_collected,
2569760,The Mound: Omen of Cthulhu,2026-07-15,pre_launch_wishlist_rank,2026-07-08,-7,43,ok,2026-07-08T04:50:41.299Z
2569760,The Mound: Omen of Cthulhu,2026-07-15,pre_launch_wishlist_rank,2026-07-09,-6,42,ok,2026-07-09T05:46:21.155Z
2569760,The Mound: Omen of Cthulhu,2026-07-15,pre_launch_wishlist_rank,2026-07-10,-5,38,ok,2026-07-10T05:43:57.377Z
2569760,The Mound: Omen of Cthulhu,2026-07-15,pre_launch_wishlist_rank,2026-07-11,-4,38,ok,2026-07-11T04:45:57.358Z
2569760,The Mound: Omen of Cthulhu,2026-07-15,pre_launch_wishlist_rank,2026-07-12,-3,37,ok,2026-07-12T04:57:39.930Z
2569760,The Mound: Omen of Cthulhu,2026-07-15,pre_launch_wishlist_rank,2026-07-13,-2,34,ok,2026-07-13T05:04:37.802Z
2569760,The Mound: Omen of Cthulhu,2026-07-15,pre_launch_wishlist_rank,2026-07-14,-1,33,ok,2026-07-14T04:32:48.120Z
2569760,The Mound: Omen of Cthulhu,2026-07-15,post_launch_reviews_total,2026-07-15,0,0,ok,2026-07-15T04:32:45.763Z
2569760,The Mound: Omen of Cthulhu,2026-07-15,post_launch_reviews_total,2026-07-16,1,,not_collected,
2569760,The Mound: Omen of Cthulhu,2026-07-15,post_launch_reviews_total,2026-07-17,2,,not_collected,
2569760,The Mound: Omen of Cthulhu,2026-07-15,post_launch_reviews_total,2026-07-18,3,,not_collected,
2569760,The Mound: Omen of Cthulhu,2026-07-15,post_launch_reviews_total,2026-07-19,4,,not_collected,
2569760,The Mound: Omen of Cthulhu,2026-07-15,post_launch_reviews_total,2026-07-20,5,,not_collected,
2569760,The Mound: Omen of Cthulhu,2026-07-15,post_launch_reviews_total,2026-07-21,6,,not_collected,
2569760,The Mound: Omen of Cthulhu,2026-07-15,post_launch_reviews_total,2026-07-22,7,,not_collected,
4643090,The NOexistenceN of Lilith,2026-07-16,pre_launch_wishlist_rank,2026-07-09,-7,1830,ok,2026-07-09T05:46:21.155Z
4643090,The NOexistenceN of Lilith,2026-07-16,pre_launch_wishlist_rank,2026-07-10,-6,1756,ok,2026-07-10T05:43:57.377Z
4643090,The NOexistenceN of Lilith,2026-07-16,pre_launch_wishlist_rank,2026-07-11,-5,1644,ok,2026-07-11T04:45:57.358Z
4643090,The NOexistenceN of Lilith,2026-07-16,pre_launch_wishlist_rank,2026-07-12,-4,1553,ok,2026-07-12T04:57:39.930Z
4643090,The NOexistenceN of Lilith,2026-07-16,pre_launch_wishlist_rank,2026-07-13,-3,1401,ok,2026-07-13T05:04:37.802Z
4643090,The NOexistenceN of Lilith,2026-07-16,pre_launch_wishlist_rank,2026-07-14,-2,1292,ok,2026-07-14T04:32:48.120Z
4643090,The NOexistenceN of Lilith,2026-07-16,pre_launch_wishlist_rank,2026-07-15,-1,1219,ok,2026-07-15T04:32:45.763Z
4643090,The NOexistenceN of Lilith,2026-07-16,post_launch_reviews_total,2026-07-16,0,0,ok,2026-07-16T04:42:31.378Z
4643090,The NOexistenceN of Lilith,2026-07-16,post_launch_reviews_total,2026-07-17,1,,not_collected,
4643090,The NOexistenceN of Lilith,2026-07-16,post_launch_reviews_total,2026-07-18,2,,not_collected,
4643090,The NOexistenceN of Lilith,2026-07-16,post_launch_reviews_total,2026-07-19,3,,not_collected,
4643090,The NOexistenceN of Lilith,2026-07-16,post_launch_reviews_total,2026-07-20,4,,not_collected,
4643090,The NOexistenceN of Lilith,2026-07-16,post_launch_reviews_total,2026-07-21,5,,not_collected,
4643090,The NOexistenceN of Lilith,2026-07-16,post_launch_reviews_total,2026-07-22,6,,not_collected,
4643090,The NOexistenceN of Lilith,2026-07-16,post_launch_reviews_total,2026-07-23,7,,not_collected,
4883580,The One Fish,2026-08-12,pre_launch_wishlist_rank,2026-08-05,-7,,not_in_captured_wishlist_ranking,
4883580,The One Fish,2026-08-12,pre_launch_wishlist_rank,2026-08-06,-6,,not_in_captured_wishlist_ranking,
4883580,The One Fish,2026-08-12,pre_launch_wishlist_rank,2026-08-07,-5,,not_in_captured_wishlist_ranking,
4883580,The One Fish,2026-08-12,pre_launch_wishlist_rank,2026-08-08,-4,,not_in_captured_wishlist_ranking,
4883580,The One Fish,2026-08-12,pre_launch_wishlist_rank,2026-08-09,-3,,not_in_captured_wishlist_ranking,
4883580,The One Fish,2026-08-12,pre_launch_wishlist_rank,2026-08-10,-2,1871,ok,2026-08-10T03:29:07.136Z
4883580,The One Fish,2026-08-12,pre_launch_wishlist_rank,2026-08-11,-1,1649,ok,2026-08-11T03:21:55.619Z
4883580,The One Fish,2026-08-12,post_launch_reviews_total,2026-08-12,0,0,ok,2026-08-12T03:40:42.315Z
4883580,The One Fish,2026-08-12,post_launch_reviews_total,2026-08-13,1,,not_collected,
4883580,The One Fish,2026-08-12,post_launch_reviews_total,2026-08-14,2,,not_collected,
4883580,The One Fish,2026-08-12,post_launch_reviews_total,2026-08-15,3,,not_collected,
4883580,The One Fish,2026-08-12,post_launch_reviews_total,2026-08-16,4,,not_collected,
4883580,The One Fish,2026-08-12,post_launch_reviews_total,2026-08-17,5,,not_collected,
4883580,The One Fish,2026-08-12,post_launch_reviews_total,2026-08-18,6,,not_collected,
4883580,The One Fish,2026-08-12,post_launch_reviews_total,2026-08-19,7,,not_collected,
4415740,The Pale Mimic,2026-08-17,pre_launch_wishlist_rank,2026-08-10,-7,,not_in_captured_wishlist_ranking,
4415740,The Pale Mimic,2026-08-17,pre_launch_wishlist_rank,2026-08-11,-6,,not_in_captured_wishlist_ranking,
4415740,The Pale Mimic,2026-08-17,pre_launch_wishlist_rank,2026-08-12,-5,,not_in_captured_wishlist_ranking,
4415740,The Pale Mimic,2026-08-17,pre_launch_wishlist_rank,2026-08-13,-4,,not_in_captured_wishlist_ranking,
4415740,The Pale Mimic,2026-08-17,pre_launch_wishlist_rank,2026-08-14,-3,,not_in_captured_wishlist_ranking,
4415740,The Pale Mimic,2026-08-17,pre_launch_wishlist_rank,2026-08-15,-2,,not_in_captured_wishlist_ranking,
4415740,The Pale Mimic,2026-08-17,pre_launch_wishlist_rank,2026-08-16,-1,,not_in_captured_wishlist_ranking,
4415740,The Pale Mimic,2026-08-17,post_launch_reviews_total,2026-08-17,0,0,ok,2026-08-17T02:45:10.258Z
4415740,The Pale Mimic,2026-08-17,post_launch_reviews_total,2026-08-18,1,,not_collected,
4415740,The Pale Mimic,2026-08-17,post_launch_reviews_total,2026-08-19,2,,not_collected,
4415740,The Pale Mimic,2026-08-17,post_launch_reviews_total,2026-08-20,3,,not_collected,
4415740,The Pale Mimic,2026-08-17,post_launch_reviews_total,2026-08-21,4,,not_collected,
4415740,The Pale Mimic,2026-08-17,post_launch_reviews_total,2026-08-22,5,,not_collected,
4415740,The Pale Mimic,2026-08-17,post_launch_reviews_total,2026-08-23,6,,not_collected,
4415740,The Pale Mimic,2026-08-17,post_launch_reviews_total,2026-08-24,7,,not_collected,
1501310,The Ranchers,2026-07-30,pre_launch_wishlist_rank,2026-07-23,-7,146,ok,2026-07-23T04:56:12.842Z
1501310,The Ranchers,2026-07-30,pre_launch_wishlist_rank,2026-07-24,-6,144,ok,2026-07-24T04:51:55.902Z
1501310,The Ranchers,2026-07-30,pre_launch_wishlist_rank,2026-07-25,-5,143,ok,2026-07-25T04:47:58.982Z
1501310,The Ranchers,2026-07-30,pre_launch_wishlist_rank,2026-07-26,-4,143,ok,2026-07-26T05:02:25.100Z
1501310,The Ranchers,2026-07-30,pre_launch_wishlist_rank,2026-07-27,-3,143,ok,2026-07-27T05:28:24.621Z
1501310,The Ranchers,2026-07-30,pre_launch_wishlist_rank,2026-07-28,-2,138,ok,2026-07-28T04:45:52.627Z
1501310,The Ranchers,2026-07-30,pre_launch_wishlist_rank,2026-07-29,-1,133,ok,2026-07-29T04:50:58.767Z
1501310,The Ranchers,2026-07-30,post_launch_reviews_total,2026-07-30,0,0,ok,2026-07-30T04:38:29.620Z
1501310,The Ranchers,2026-07-30,post_launch_reviews_total,2026-07-31,1,,not_collected,
1501310,The Ranchers,2026-07-30,post_launch_reviews_total,2026-08-01,2,,not_collected,
1501310,The Ranchers,2026-07-30,post_launch_reviews_total,2026-08-02,3,,not_collected,
1501310,The Ranchers,2026-07-30,post_launch_reviews_total,2026-08-03,4,,not_collected,
1501310,The Ranchers,2026-07-30,post_launch_reviews_total,2026-08-04,5,,not_collected,
1501310,The Ranchers,2026-07-30,post_launch_reviews_total,2026-08-05,6,,not_collected,
1501310,The Ranchers,2026-07-30,post_launch_reviews_total,2026-08-06,7,,not_collected,
2827820,The Relic: First Guardian,2026-07-31,pre_launch_wishlist_rank,2026-07-24,-7,340,ok,2026-07-24T04:51:55.902Z
2827820,The Relic: First Guardian,2026-07-31,pre_launch_wishlist_rank,2026-07-25,-6,332,ok,2026-07-25T04:47:58.982Z
2827820,The Relic: First Guardian,2026-07-31,pre_launch_wishlist_rank,2026-07-26,-5,329,ok,2026-07-26T05:02:25.100Z
2827820,The Relic: First Guardian,2026-07-31,pre_launch_wishlist_rank,2026-07-27,-4,320,ok,2026-07-27T05:28:24.621Z
2827820,The Relic: First Guardian,2026-07-31,pre_launch_wishlist_rank,2026-07-28,-3,307,ok,2026-07-28T04:45:52.627Z
2827820,The Relic: First Guardian,2026-07-31,pre_launch_wishlist_rank,2026-07-29,-2,295,ok,2026-07-29T04:50:58.767Z
2827820,The Relic: First Guardian,2026-07-31,pre_launch_wishlist_rank,2026-07-30,-1,283,ok,2026-07-30T04:38:29.620Z
2827820,The Relic: First Guardian,2026-07-31,post_launch_reviews_total,2026-07-31,0,,not_collected,
2827820,The Relic: First Guardian,2026-07-31,post_launch_reviews_total,2026-08-01,1,,not_collected,
2827820,The Relic: First Guardian,2026-07-31,post_launch_reviews_total,2026-08-02,2,,not_collected,
2827820,The Relic: First Guardian,2026-07-31,post_launch_reviews_total,2026-08-03,3,,not_collected,
2827820,The Relic: First Guardian,2026-07-31,post_launch_reviews_total,2026-08-04,4,,not_collected,
2827820,The Relic: First Guardian,2026-07-31,post_launch_reviews_total,2026-08-05,5,,not_collected,
2827820,The Relic: First Guardian,2026-07-31,post_launch_reviews_total,2026-08-06,6,,not_collected,
2827820,The Relic: First Guardian,2026-07-31,post_launch_reviews_total,2026-08-07,7,,not_collected,
3755930,The Severed Gods,2026-08-10,pre_launch_wishlist_rank,2026-08-03,-7,1750,ok,2026-08-03T05:07:42.912Z
3755930,The Severed Gods,2026-08-10,pre_launch_wishlist_rank,2026-08-04,-6,1669,ok,2026-08-04T04:47:02.633Z
3755930,The Severed Gods,2026-08-10,pre_launch_wishlist_rank,2026-08-05,-5,1588,ok,2026-08-05T04:46:35.103Z
3755930,The Severed Gods,2026-08-10,pre_launch_wishlist_rank,2026-08-06,-4,1537,ok,2026-08-06T04:47:09.485Z
3755930,The Severed Gods,2026-08-10,pre_launch_wishlist_rank,2026-08-07,-3,1449,ok,2026-08-07T04:13:26.771Z
3755930,The Severed Gods,2026-08-10,pre_launch_wishlist_rank,2026-08-08,-2,1379,ok,2026-08-08T03:11:38.214Z
3755930,The Severed Gods,2026-08-10,pre_launch_wishlist_rank,2026-08-09,-1,1309,ok,2026-08-09T03:19:17.318Z
3755930,The Severed Gods,2026-08-10,post_launch_reviews_total,2026-08-10,0,0,ok,2026-08-10T03:29:07.136Z
3755930,The Severed Gods,2026-08-10,post_launch_reviews_total,2026-08-11,1,,not_collected,
3755930,The Severed Gods,2026-08-10,post_launch_reviews_total,2026-08-12,2,,not_collected,
3755930,The Severed Gods,2026-08-10,post_launch_reviews_total,2026-08-13,3,,not_collected,
3755930,The Severed Gods,2026-08-10,post_launch_reviews_total,2026-08-14,4,,not_collected,
3755930,The Severed Gods,2026-08-10,post_launch_reviews_total,2026-08-15,5,,not_collected,
3755930,The Severed Gods,2026-08-10,post_launch_reviews_total,2026-08-16,6,,not_collected,
3755930,The Severed Gods,2026-08-10,post_launch_reviews_total,2026-08-17,7,,not_collected,
2825860,The Sinking City 2,2026-08-18,pre_launch_wishlist_rank,2026-08-11,-7,197,ok,2026-08-11T03:21:55.619Z
2825860,The Sinking City 2,2026-08-18,pre_launch_wishlist_rank,2026-08-12,-6,196,ok,2026-08-12T03:40:42.315Z
2825860,The Sinking City 2,2026-08-18,pre_launch_wishlist_rank,2026-08-13,-5,191,ok,2026-08-13T03:51:51.678Z
2825860,The Sinking City 2,2026-08-18,pre_launch_wishlist_rank,2026-08-14,-4,188,ok,2026-08-14T03:41:13.555Z
2825860,The Sinking City 2,2026-08-18,pre_launch_wishlist_rank,2026-08-15,-3,188,ok,2026-08-15T02:36:13.648Z
2825860,The Sinking City 2,2026-08-18,pre_launch_wishlist_rank,2026-08-16,-2,187,ok,2026-08-16T02:45:28.861Z
2825860,The Sinking City 2,2026-08-18,pre_launch_wishlist_rank,2026-08-17,-1,181,ok,2026-08-17T02:45:10.258Z
2825860,The Sinking City 2,2026-08-18,post_launch_reviews_total,2026-08-18,0,176,ok,2026-08-18T02:39:27.140Z
2825860,The Sinking City 2,2026-08-18,post_launch_reviews_total,2026-08-19,1,,not_collected,
2825860,The Sinking City 2,2026-08-18,post_launch_reviews_total,2026-08-20,2,,not_collected,
2825860,The Sinking City 2,2026-08-18,post_launch_reviews_total,2026-08-21,3,,not_collected,
2825860,The Sinking City 2,2026-08-18,post_launch_reviews_total,2026-08-22,4,,not_collected,
2825860,The Sinking City 2,2026-08-18,post_launch_reviews_total,2026-08-23,5,,not_collected,
2825860,The Sinking City 2,2026-08-18,post_launch_reviews_total,2026-08-24,6,,not_collected,
2825860,The Sinking City 2,2026-08-18,post_launch_reviews_total,2026-08-25,7,,not_collected,
4310610,The Skin Stapler,2026-08-06,pre_launch_wishlist_rank,2026-07-30,-7,1591,ok,2026-07-30T04:38:29.620Z
4310610,The Skin Stapler,2026-08-06,pre_launch_wishlist_rank,2026-07-31,-6,1580,ok,2026-07-31T05:04:54.532Z
4310610,The Skin Stapler,2026-08-06,pre_launch_wishlist_rank,2026-08-01,-5,1572,ok,2026-08-01T04:58:14.130Z
4310610,The Skin Stapler,2026-08-06,pre_launch_wishlist_rank,2026-08-02,-4,1563,ok,2026-08-02T04:58:24.052Z
4310610,The Skin Stapler,2026-08-06,pre_launch_wishlist_rank,2026-08-03,-3,1541,ok,2026-08-03T05:07:42.912Z
4310610,The Skin Stapler,2026-08-06,pre_launch_wishlist_rank,2026-08-04,-2,1527,ok,2026-08-04T04:47:02.633Z
4310610,The Skin Stapler,2026-08-06,pre_launch_wishlist_rank,2026-08-05,-1,1495,ok,2026-08-05T04:46:35.103Z
4310610,The Skin Stapler,2026-08-06,post_launch_reviews_total,2026-08-06,0,0,ok,2026-08-06T04:47:09.485Z
4310610,The Skin Stapler,2026-08-06,post_launch_reviews_total,2026-08-07,1,,not_collected,
4310610,The Skin Stapler,2026-08-06,post_launch_reviews_total,2026-08-08,2,,not_collected,
4310610,The Skin Stapler,2026-08-06,post_launch_reviews_total,2026-08-09,3,,not_collected,
4310610,The Skin Stapler,2026-08-06,post_launch_reviews_total,2026-08-10,4,,not_collected,
4310610,The Skin Stapler,2026-08-06,post_launch_reviews_total,2026-08-11,5,,not_collected,
4310610,The Skin Stapler,2026-08-06,post_launch_reviews_total,2026-08-12,6,,not_collected,
4310610,The Skin Stapler,2026-08-06,post_launch_reviews_total,2026-08-13,7,,not_collected,
4120790,The Sorting Bureau,2026-08-21,pre_launch_wishlist_rank,2026-08-14,-7,1231,ok,2026-08-14T03:41:13.555Z
4120790,The Sorting Bureau,2026-08-21,pre_launch_wishlist_rank,2026-08-15,-6,1195,ok,2026-08-15T02:36:13.648Z
4120790,The Sorting Bureau,2026-08-21,pre_launch_wishlist_rank,2026-08-16,-5,1141,ok,2026-08-16T02:45:28.861Z
4120790,The Sorting Bureau,2026-08-21,pre_launch_wishlist_rank,2026-08-17,-4,1075,ok,2026-08-17T02:45:10.258Z
4120790,The Sorting Bureau,2026-08-21,pre_launch_wishlist_rank,2026-08-18,-3,1011,ok,2026-08-18T02:39:27.140Z
4120790,The Sorting Bureau,2026-08-21,pre_launch_wishlist_rank,2026-08-19,-2,948,ok,2026-08-19T02:42:36.358Z
4120790,The Sorting Bureau,2026-08-21,pre_launch_wishlist_rank,2026-08-20,-1,906,ok,2026-08-20T02:40:42.136Z
4120790,The Sorting Bureau,2026-08-21,post_launch_reviews_total,2026-08-21,0,0,ok,2026-08-21T02:47:33.763Z
4120790,The Sorting Bureau,2026-08-21,post_launch_reviews_total,2026-08-22,1,,not_collected,
4120790,The Sorting Bureau,2026-08-21,post_launch_reviews_total,2026-08-23,2,,not_collected,
4120790,The Sorting Bureau,2026-08-21,post_launch_reviews_total,2026-08-24,3,,not_collected,
4120790,The Sorting Bureau,2026-08-21,post_launch_reviews_total,2026-08-25,4,,not_collected,
4120790,The Sorting Bureau,2026-08-21,post_launch_reviews_total,2026-08-26,5,,not_collected,
4120790,The Sorting Bureau,2026-08-21,post_launch_reviews_total,2026-08-27,6,,not_collected,
4120790,The Sorting Bureau,2026-08-21,post_launch_reviews_total,2026-08-28,7,,not_collected,
4483210,The Too-Cute Girl Who Moved in Next Door,2026-08-27,pre_launch_wishlist_rank,2026-08-20,-7,1853,ok,2026-08-20T02:40:42.136Z
4483210,The Too-Cute Girl Who Moved in Next Door,2026-08-27,pre_launch_wishlist_rank,2026-08-21,-6,1821,ok,2026-08-21T02:47:33.763Z
4483210,The Too-Cute Girl Who Moved in Next Door,2026-08-27,pre_launch_wishlist_rank,2026-08-22,-5,1785,ok,2026-08-22T02:38:05.157Z
4483210,The Too-Cute Girl Who Moved in Next Door,2026-08-27,pre_launch_wishlist_rank,2026-08-23,-4,1759,ok,2026-08-23T02:47:54.993Z
4483210,The Too-Cute Girl Who Moved in Next Door,2026-08-27,pre_launch_wishlist_rank,2026-08-24,-3,1695,ok,2026-08-24T02:48:36.097Z
4483210,The Too-Cute Girl Who Moved in Next Door,2026-08-27,pre_launch_wishlist_rank,2026-08-25,-2,1646,ok,2026-08-25T02:42:46.392Z
4483210,The Too-Cute Girl Who Moved in Next Door,2026-08-27,pre_launch_wishlist_rank,2026-08-26,-1,1589,ok,2026-08-26T02:50:15.789Z
4483210,The Too-Cute Girl Who Moved in Next Door,2026-08-27,post_launch_reviews_total,2026-08-27,0,0,ok,2026-08-27T11:57:45.810Z
4483210,The Too-Cute Girl Who Moved in Next Door,2026-08-27,post_launch_reviews_total,2026-08-28,1,,not_collected,
4483210,The Too-Cute Girl Who Moved in Next Door,2026-08-27,post_launch_reviews_total,2026-08-29,2,,not_collected,
4483210,The Too-Cute Girl Who Moved in Next Door,2026-08-27,post_launch_reviews_total,2026-08-30,3,,not_collected,
4483210,The Too-Cute Girl Who Moved in Next Door,2026-08-27,post_launch_reviews_total,2026-08-31,4,,not_collected,
4483210,The Too-Cute Girl Who Moved in Next Door,2026-08-27,post_launch_reviews_total,2026-09-01,5,,not_collected,
4483210,The Too-Cute Girl Who Moved in Next Door,2026-08-27,post_launch_reviews_total,2026-09-02,6,,not_collected,
4483210,The Too-Cute Girl Who Moved in Next Door,2026-08-27,post_launch_reviews_total,2026-09-03,7,,not_collected,
4514930,The Undercut: Racing Manager,2026-09-03,pre_launch_wishlist_rank,2026-08-27,-7,,not_in_captured_wishlist_ranking,
4514930,The Undercut: Racing Manager,2026-09-03,pre_launch_wishlist_rank,2026-08-28,-6,,not_in_captured_wishlist_ranking,
4514930,The Undercut: Racing Manager,2026-09-03,pre_launch_wishlist_rank,2026-08-29,-5,,not_in_captured_wishlist_ranking,
4514930,The Undercut: Racing Manager,2026-09-03,pre_launch_wishlist_rank,2026-08-30,-4,,not_in_captured_wishlist_ranking,
4514930,The Undercut: Racing Manager,2026-09-03,pre_launch_wishlist_rank,2026-08-31,-3,,not_in_captured_wishlist_ranking,
4514930,The Undercut: Racing Manager,2026-09-03,pre_launch_wishlist_rank,2026-09-01,-2,,not_in_captured_wishlist_ranking,
4514930,The Undercut: Racing Manager,2026-09-03,pre_launch_wishlist_rank,2026-09-02,-1,,not_in_captured_wishlist_ranking,
4514930,The Undercut: Racing Manager,2026-09-03,post_launch_reviews_total,2026-09-03,0,0,ok,2026-09-03T06:24:29.914Z
4514930,The Undercut: Racing Manager,2026-09-03,post_launch_reviews_total,2026-09-04,1,,not_collected,
4514930,The Undercut: Racing Manager,2026-09-03,post_launch_reviews_total,2026-09-05,2,,not_collected,
4514930,The Undercut: Racing Manager,2026-09-03,post_launch_reviews_total,2026-09-06,3,,not_collected,
4514930,The Undercut: Racing Manager,2026-09-03,post_launch_reviews_total,2026-09-07,4,,not_collected,
4514930,The Undercut: Racing Manager,2026-09-03,post_launch_reviews_total,2026-09-08,5,,not_collected,
4514930,The Undercut: Racing Manager,2026-09-03,post_launch_reviews_total,2026-09-09,6,,not_collected,
4514930,The Undercut: Racing Manager,2026-09-03,post_launch_reviews_total,2026-09-10,7,,not_collected,
4872610,The World Below - A Call Within,2026-07-09,pre_launch_wishlist_rank,2026-07-02,-7,,not_collected,
4872610,The World Below - A Call Within,2026-07-09,pre_launch_wishlist_rank,2026-07-03,-6,,not_in_captured_wishlist_ranking,
4872610,The World Below - A Call Within,2026-07-09,pre_launch_wishlist_rank,2026-07-04,-5,,not_in_captured_wishlist_ranking,
4872610,The World Below - A Call Within,2026-07-09,pre_launch_wishlist_rank,2026-07-05,-4,,not_in_captured_wishlist_ranking,
4872610,The World Below - A Call Within,2026-07-09,pre_launch_wishlist_rank,2026-07-06,-3,,not_in_captured_wishlist_ranking,
4872610,The World Below - A Call Within,2026-07-09,pre_launch_wishlist_rank,2026-07-07,-2,,not_in_captured_wishlist_ranking,
4872610,The World Below - A Call Within,2026-07-09,pre_launch_wishlist_rank,2026-07-08,-1,,not_in_captured_wishlist_ranking,
4872610,The World Below - A Call Within,2026-07-09,post_launch_reviews_total,2026-07-09,0,,not_collected,
4872610,The World Below - A Call Within,2026-07-09,post_launch_reviews_total,2026-07-10,1,0,ok,2026-07-10T05:43:57.377Z
4872610,The World Below - A Call Within,2026-07-09,post_launch_reviews_total,2026-07-11,2,,not_collected,
4872610,The World Below - A Call Within,2026-07-09,post_launch_reviews_total,2026-07-12,3,,not_collected,
4872610,The World Below - A Call Within,2026-07-09,post_launch_reviews_total,2026-07-13,4,,not_collected,
4872610,The World Below - A Call Within,2026-07-09,post_launch_reviews_total,2026-07-14,5,,not_collected,
4872610,The World Below - A Call Within,2026-07-09,post_launch_reviews_total,2026-07-15,6,,not_collected,
4872610,The World Below - A Call Within,2026-07-09,post_launch_reviews_total,2026-07-16,7,,not_collected,
2648900,The World Well: Blood of Caro,2026-08-17,pre_launch_wishlist_rank,2026-08-10,-7,1550,ok,2026-08-10T03:29:07.136Z
2648900,The World Well: Blood of Caro,2026-08-17,pre_launch_wishlist_rank,2026-08-11,-6,1518,ok,2026-08-11T03:21:55.619Z
2648900,The World Well: Blood of Caro,2026-08-17,pre_launch_wishlist_rank,2026-08-12,-5,1486,ok,2026-08-12T03:40:42.315Z
2648900,The World Well: Blood of Caro,2026-08-17,pre_launch_wishlist_rank,2026-08-13,-4,1460,ok,2026-08-13T03:51:51.678Z
2648900,The World Well: Blood of Caro,2026-08-17,pre_launch_wishlist_rank,2026-08-14,-3,1413,ok,2026-08-14T03:41:13.555Z
2648900,The World Well: Blood of Caro,2026-08-17,pre_launch_wishlist_rank,2026-08-15,-2,1379,ok,2026-08-15T02:36:13.648Z
2648900,The World Well: Blood of Caro,2026-08-17,pre_launch_wishlist_rank,2026-08-16,-1,1339,ok,2026-08-16T02:45:28.861Z
2648900,The World Well: Blood of Caro,2026-08-17,post_launch_reviews_total,2026-08-17,0,0,ok,2026-08-17T02:45:10.258Z
2648900,The World Well: Blood of Caro,2026-08-17,post_launch_reviews_total,2026-08-18,1,,not_collected,
2648900,The World Well: Blood of Caro,2026-08-17,post_launch_reviews_total,2026-08-19,2,,not_collected,
2648900,The World Well: Blood of Caro,2026-08-17,post_launch_reviews_total,2026-08-20,3,,not_collected,
2648900,The World Well: Blood of Caro,2026-08-17,post_launch_reviews_total,2026-08-21,4,,not_collected,
2648900,The World Well: Blood of Caro,2026-08-17,post_launch_reviews_total,2026-08-22,5,,not_collected,
2648900,The World Well: Blood of Caro,2026-08-17,post_launch_reviews_total,2026-08-23,6,,not_collected,
2648900,The World Well: Blood of Caro,2026-08-17,post_launch_reviews_total,2026-08-24,7,,not_collected,
4950470,Tidy Up Together,2026-08-14,pre_launch_wishlist_rank,2026-08-07,-7,1923,ok,2026-08-07T04:13:26.771Z
4950470,Tidy Up Together,2026-08-14,pre_launch_wishlist_rank,2026-08-08,-6,1816,ok,2026-08-08T03:11:38.214Z
4950470,Tidy Up Together,2026-08-14,pre_launch_wishlist_rank,2026-08-09,-5,1712,ok,2026-08-09T03:19:17.318Z
4950470,Tidy Up Together,2026-08-14,pre_launch_wishlist_rank,2026-08-10,-4,1602,ok,2026-08-10T03:29:07.136Z
4950470,Tidy Up Together,2026-08-14,pre_launch_wishlist_rank,2026-08-11,-3,1505,ok,2026-08-11T03:21:55.619Z
4950470,Tidy Up Together,2026-08-14,pre_launch_wishlist_rank,2026-08-12,-2,1422,ok,2026-08-12T03:40:42.315Z
4950470,Tidy Up Together,2026-08-14,pre_launch_wishlist_rank,2026-08-13,-1,1355,ok,2026-08-13T03:51:51.678Z
4950470,Tidy Up Together,2026-08-14,post_launch_reviews_total,2026-08-14,0,0,ok,2026-08-14T03:41:13.555Z
4950470,Tidy Up Together,2026-08-14,post_launch_reviews_total,2026-08-15,1,,not_collected,
4950470,Tidy Up Together,2026-08-14,post_launch_reviews_total,2026-08-16,2,,not_collected,
4950470,Tidy Up Together,2026-08-14,post_launch_reviews_total,2026-08-17,3,,not_collected,
4950470,Tidy Up Together,2026-08-14,post_launch_reviews_total,2026-08-18,4,,not_collected,
4950470,Tidy Up Together,2026-08-14,post_launch_reviews_total,2026-08-19,5,,not_collected,
4950470,Tidy Up Together,2026-08-14,post_launch_reviews_total,2026-08-20,6,,not_collected,
4950470,Tidy Up Together,2026-08-14,post_launch_reviews_total,2026-08-21,7,,not_collected,
3375110,Tiny Eden,2026-09-07,pre_launch_wishlist_rank,2026-08-31,-7,644,ok,2026-08-31T07:32:46.352Z
3375110,Tiny Eden,2026-09-07,pre_launch_wishlist_rank,2026-09-01,-6,626,ok,2026-09-01T06:43:33.167Z
3375110,Tiny Eden,2026-09-07,pre_launch_wishlist_rank,2026-09-02,-5,594,ok,2026-09-02T06:21:55.398Z
3375110,Tiny Eden,2026-09-07,pre_launch_wishlist_rank,2026-09-03,-4,575,ok,2026-09-03T06:24:29.914Z
3375110,Tiny Eden,2026-09-07,pre_launch_wishlist_rank,2026-09-04,-3,,not_collected,
3375110,Tiny Eden,2026-09-07,pre_launch_wishlist_rank,2026-09-05,-2,,not_collected,
3375110,Tiny Eden,2026-09-07,pre_launch_wishlist_rank,2026-09-06,-1,,not_collected,
3375110,Tiny Eden,2026-09-07,post_launch_reviews_total,2026-09-07,0,,not_collected,
3375110,Tiny Eden,2026-09-07,post_launch_reviews_total,2026-09-08,1,,not_collected,
3375110,Tiny Eden,2026-09-07,post_launch_reviews_total,2026-09-09,2,,not_collected,
3375110,Tiny Eden,2026-09-07,post_launch_reviews_total,2026-09-10,3,,not_collected,
3375110,Tiny Eden,2026-09-07,post_launch_reviews_total,2026-09-11,4,,not_collected,
3375110,Tiny Eden,2026-09-07,post_launch_reviews_total,2026-09-12,5,,not_collected,
3375110,Tiny Eden,2026-09-07,post_launch_reviews_total,2026-09-13,6,,not_collected,
3375110,Tiny Eden,2026-09-07,post_launch_reviews_total,2026-09-14,7,,not_collected,
4645360,Titanic Escape Simulator™,2026-08-24,pre_launch_wishlist_rank,2026-08-17,-7,1408,ok,2026-08-17T02:45:10.258Z
4645360,Titanic Escape Simulator™,2026-08-24,pre_launch_wishlist_rank,2026-08-18,-6,1327,ok,2026-08-18T02:39:27.140Z
4645360,Titanic Escape Simulator™,2026-08-24,pre_launch_wishlist_rank,2026-08-19,-5,1248,ok,2026-08-19T02:42:36.358Z
4645360,Titanic Escape Simulator™,2026-08-24,pre_launch_wishlist_rank,2026-08-20,-4,1181,ok,2026-08-20T02:40:42.136Z
4645360,Titanic Escape Simulator™,2026-08-24,pre_launch_wishlist_rank,2026-08-21,-3,1098,ok,2026-08-21T02:47:33.763Z
4645360,Titanic Escape Simulator™,2026-08-24,pre_launch_wishlist_rank,2026-08-22,-2,1019,ok,2026-08-22T02:38:05.157Z
4645360,Titanic Escape Simulator™,2026-08-24,pre_launch_wishlist_rank,2026-08-23,-1,928,ok,2026-08-23T02:47:54.993Z
4645360,Titanic Escape Simulator™,2026-08-24,post_launch_reviews_total,2026-08-24,0,0,ok,2026-08-24T02:48:36.097Z
4645360,Titanic Escape Simulator™,2026-08-24,post_launch_reviews_total,2026-08-25,1,,not_collected,
4645360,Titanic Escape Simulator™,2026-08-24,post_launch_reviews_total,2026-08-26,2,,not_collected,
4645360,Titanic Escape Simulator™,2026-08-24,post_launch_reviews_total,2026-08-27,3,,not_collected,
4645360,Titanic Escape Simulator™,2026-08-24,post_launch_reviews_total,2026-08-28,4,,not_collected,
4645360,Titanic Escape Simulator™,2026-08-24,post_launch_reviews_total,2026-08-29,5,,not_collected,
4645360,Titanic Escape Simulator™,2026-08-24,post_launch_reviews_total,2026-08-30,6,,not_collected,
4645360,Titanic Escape Simulator™,2026-08-24,post_launch_reviews_total,2026-08-31,7,,not_collected,
4093240,Tokyo Valkyries,2026-07-08,pre_launch_wishlist_rank,2026-07-01,-7,,not_collected,
4093240,Tokyo Valkyries,2026-07-08,pre_launch_wishlist_rank,2026-07-02,-6,,not_collected,
4093240,Tokyo Valkyries,2026-07-08,pre_launch_wishlist_rank,2026-07-03,-5,,not_in_captured_wishlist_ranking,
4093240,Tokyo Valkyries,2026-07-08,pre_launch_wishlist_rank,2026-07-04,-4,,not_in_captured_wishlist_ranking,
4093240,Tokyo Valkyries,2026-07-08,pre_launch_wishlist_rank,2026-07-05,-3,,not_in_captured_wishlist_ranking,
4093240,Tokyo Valkyries,2026-07-08,pre_launch_wishlist_rank,2026-07-06,-2,,not_in_captured_wishlist_ranking,
4093240,Tokyo Valkyries,2026-07-08,pre_launch_wishlist_rank,2026-07-07,-1,,not_in_captured_wishlist_ranking,
4093240,Tokyo Valkyries,2026-07-08,post_launch_reviews_total,2026-07-08,0,0,ok,2026-07-08T04:50:41.299Z
4093240,Tokyo Valkyries,2026-07-08,post_launch_reviews_total,2026-07-09,1,,not_collected,
4093240,Tokyo Valkyries,2026-07-08,post_launch_reviews_total,2026-07-10,2,,not_collected,
4093240,Tokyo Valkyries,2026-07-08,post_launch_reviews_total,2026-07-11,3,,not_collected,
4093240,Tokyo Valkyries,2026-07-08,post_launch_reviews_total,2026-07-12,4,,not_collected,
4093240,Tokyo Valkyries,2026-07-08,post_launch_reviews_total,2026-07-13,5,,not_collected,
4093240,Tokyo Valkyries,2026-07-08,post_launch_reviews_total,2026-07-14,6,,not_collected,
4093240,Tokyo Valkyries,2026-07-08,post_launch_reviews_total,2026-07-15,7,,not_collected,
5028390,Too Many Toys!,2026-08-28,pre_launch_wishlist_rank,2026-08-21,-7,,not_in_captured_wishlist_ranking,
5028390,Too Many Toys!,2026-08-28,pre_launch_wishlist_rank,2026-08-22,-6,,not_in_captured_wishlist_ranking,
5028390,Too Many Toys!,2026-08-28,pre_launch_wishlist_rank,2026-08-23,-5,,not_in_captured_wishlist_ranking,
5028390,Too Many Toys!,2026-08-28,pre_launch_wishlist_rank,2026-08-24,-4,,not_in_captured_wishlist_ranking,
5028390,Too Many Toys!,2026-08-28,pre_launch_wishlist_rank,2026-08-25,-3,,not_in_captured_wishlist_ranking,
5028390,Too Many Toys!,2026-08-28,pre_launch_wishlist_rank,2026-08-26,-2,,not_in_captured_wishlist_ranking,
5028390,Too Many Toys!,2026-08-28,pre_launch_wishlist_rank,2026-08-27,-1,,not_in_captured_wishlist_ranking,
5028390,Too Many Toys!,2026-08-28,post_launch_reviews_total,2026-08-28,0,0,ok,2026-08-28T13:19:41.332Z
5028390,Too Many Toys!,2026-08-28,post_launch_reviews_total,2026-08-29,1,,not_collected,
5028390,Too Many Toys!,2026-08-28,post_launch_reviews_total,2026-08-30,2,,not_collected,
5028390,Too Many Toys!,2026-08-28,post_launch_reviews_total,2026-08-31,3,,not_collected,
5028390,Too Many Toys!,2026-08-28,post_launch_reviews_total,2026-09-01,4,,not_collected,
5028390,Too Many Toys!,2026-08-28,post_launch_reviews_total,2026-09-02,5,,not_collected,
5028390,Too Many Toys!,2026-08-28,post_launch_reviews_total,2026-09-03,6,,not_collected,
5028390,Too Many Toys!,2026-08-28,post_launch_reviews_total,2026-09-04,7,,not_collected,
2143690,TooneQuest,2026-07-10,pre_launch_wishlist_rank,2026-07-03,-7,,not_in_captured_wishlist_ranking,
2143690,TooneQuest,2026-07-10,pre_launch_wishlist_rank,2026-07-04,-6,,not_in_captured_wishlist_ranking,
2143690,TooneQuest,2026-07-10,pre_launch_wishlist_rank,2026-07-05,-5,,not_in_captured_wishlist_ranking,
2143690,TooneQuest,2026-07-10,pre_launch_wishlist_rank,2026-07-06,-4,,not_in_captured_wishlist_ranking,
2143690,TooneQuest,2026-07-10,pre_launch_wishlist_rank,2026-07-07,-3,,not_in_captured_wishlist_ranking,
2143690,TooneQuest,2026-07-10,pre_launch_wishlist_rank,2026-07-08,-2,,not_in_captured_wishlist_ranking,
2143690,TooneQuest,2026-07-10,pre_launch_wishlist_rank,2026-07-09,-1,,not_in_captured_wishlist_ranking,
2143690,TooneQuest,2026-07-10,post_launch_reviews_total,2026-07-10,0,,not_collected,
2143690,TooneQuest,2026-07-10,post_launch_reviews_total,2026-07-11,1,0,ok,2026-07-11T04:45:57.358Z
2143690,TooneQuest,2026-07-10,post_launch_reviews_total,2026-07-12,2,,not_collected,
2143690,TooneQuest,2026-07-10,post_launch_reviews_total,2026-07-13,3,,not_collected,
2143690,TooneQuest,2026-07-10,post_launch_reviews_total,2026-07-14,4,,not_collected,
2143690,TooneQuest,2026-07-10,post_launch_reviews_total,2026-07-15,5,,not_collected,
2143690,TooneQuest,2026-07-10,post_launch_reviews_total,2026-07-16,6,,not_collected,
2143690,TooneQuest,2026-07-10,post_launch_reviews_total,2026-07-17,7,,not_collected,
931060,Tormentum II,2026-07-23,pre_launch_wishlist_rank,2026-07-16,-7,1780,ok,2026-07-16T04:42:31.378Z
931060,Tormentum II,2026-07-23,pre_launch_wishlist_rank,2026-07-17,-6,1750,ok,2026-07-17T04:45:39.030Z
931060,Tormentum II,2026-07-23,pre_launch_wishlist_rank,2026-07-18,-5,1725,ok,2026-07-18T04:29:54.503Z
931060,Tormentum II,2026-07-23,pre_launch_wishlist_rank,2026-07-19,-4,1699,ok,2026-07-19T04:54:49.781Z
931060,Tormentum II,2026-07-23,pre_launch_wishlist_rank,2026-07-20,-3,1657,ok,2026-07-20T05:09:45.900Z
931060,Tormentum II,2026-07-23,pre_launch_wishlist_rank,2026-07-21,-2,1615,ok,2026-07-21T04:50:39.944Z
931060,Tormentum II,2026-07-23,pre_launch_wishlist_rank,2026-07-22,-1,1581,ok,2026-07-22T04:50:32.272Z
931060,Tormentum II,2026-07-23,post_launch_reviews_total,2026-07-23,0,0,ok,2026-07-23T04:56:12.842Z
931060,Tormentum II,2026-07-23,post_launch_reviews_total,2026-07-24,1,,not_collected,
931060,Tormentum II,2026-07-23,post_launch_reviews_total,2026-07-25,2,,not_collected,
931060,Tormentum II,2026-07-23,post_launch_reviews_total,2026-07-26,3,,not_collected,
931060,Tormentum II,2026-07-23,post_launch_reviews_total,2026-07-27,4,,not_collected,
931060,Tormentum II,2026-07-23,post_launch_reviews_total,2026-07-28,5,,not_collected,
931060,Tormentum II,2026-07-23,post_launch_reviews_total,2026-07-29,6,,not_collected,
931060,Tormentum II,2026-07-23,post_launch_reviews_total,2026-07-30,7,,not_collected,
4486220,Touhou Brawl,2026-07-23,pre_launch_wishlist_rank,2026-07-16,-7,,not_in_captured_wishlist_ranking,
4486220,Touhou Brawl,2026-07-23,pre_launch_wishlist_rank,2026-07-17,-6,,not_in_captured_wishlist_ranking,
4486220,Touhou Brawl,2026-07-23,pre_launch_wishlist_rank,2026-07-18,-5,,not_in_captured_wishlist_ranking,
4486220,Touhou Brawl,2026-07-23,pre_launch_wishlist_rank,2026-07-19,-4,,not_in_captured_wishlist_ranking,
4486220,Touhou Brawl,2026-07-23,pre_launch_wishlist_rank,2026-07-20,-3,,not_in_captured_wishlist_ranking,
4486220,Touhou Brawl,2026-07-23,pre_launch_wishlist_rank,2026-07-21,-2,,not_in_captured_wishlist_ranking,
4486220,Touhou Brawl,2026-07-23,pre_launch_wishlist_rank,2026-07-22,-1,,not_in_captured_wishlist_ranking,
4486220,Touhou Brawl,2026-07-23,post_launch_reviews_total,2026-07-23,0,0,ok,2026-07-23T04:56:12.842Z
4486220,Touhou Brawl,2026-07-23,post_launch_reviews_total,2026-07-24,1,,not_collected,
4486220,Touhou Brawl,2026-07-23,post_launch_reviews_total,2026-07-25,2,,not_collected,
4486220,Touhou Brawl,2026-07-23,post_launch_reviews_total,2026-07-26,3,,not_collected,
4486220,Touhou Brawl,2026-07-23,post_launch_reviews_total,2026-07-27,4,,not_collected,
4486220,Touhou Brawl,2026-07-23,post_launch_reviews_total,2026-07-28,5,,not_collected,
4486220,Touhou Brawl,2026-07-23,post_launch_reviews_total,2026-07-29,6,,not_collected,
4486220,Touhou Brawl,2026-07-23,post_launch_reviews_total,2026-07-30,7,,not_collected,
4659620,Touhou Koumakyou: New Classic - the Embodiment of Scarlet Devil,2026-09-09,pre_launch_wishlist_rank,2026-09-02,-7,336,ok,2026-09-02T06:21:55.398Z
4659620,Touhou Koumakyou: New Classic - the Embodiment of Scarlet Devil,2026-09-09,pre_launch_wishlist_rank,2026-09-03,-6,330,ok,2026-09-03T06:24:29.914Z
4659620,Touhou Koumakyou: New Classic - the Embodiment of Scarlet Devil,2026-09-09,pre_launch_wishlist_rank,2026-09-04,-5,,not_collected,
4659620,Touhou Koumakyou: New Classic - the Embodiment of Scarlet Devil,2026-09-09,pre_launch_wishlist_rank,2026-09-05,-4,,not_collected,
4659620,Touhou Koumakyou: New Classic - the Embodiment of Scarlet Devil,2026-09-09,pre_launch_wishlist_rank,2026-09-06,-3,,not_collected,
4659620,Touhou Koumakyou: New Classic - the Embodiment of Scarlet Devil,2026-09-09,pre_launch_wishlist_rank,2026-09-07,-2,,not_collected,
4659620,Touhou Koumakyou: New Classic - the Embodiment of Scarlet Devil,2026-09-09,pre_launch_wishlist_rank,2026-09-08,-1,,not_collected,
4659620,Touhou Koumakyou: New Classic - the Embodiment of Scarlet Devil,2026-09-09,post_launch_reviews_total,2026-09-09,0,,not_collected,
4659620,Touhou Koumakyou: New Classic - the Embodiment of Scarlet Devil,2026-09-09,post_launch_reviews_total,2026-09-10,1,,not_collected,
4659620,Touhou Koumakyou: New Classic - the Embodiment of Scarlet Devil,2026-09-09,post_launch_reviews_total,2026-09-11,2,,not_collected,
4659620,Touhou Koumakyou: New Classic - the Embodiment of Scarlet Devil,2026-09-09,post_launch_reviews_total,2026-09-12,3,,not_collected,
4659620,Touhou Koumakyou: New Classic - the Embodiment of Scarlet Devil,2026-09-09,post_launch_reviews_total,2026-09-13,4,,not_collected,
4659620,Touhou Koumakyou: New Classic - the Embodiment of Scarlet Devil,2026-09-09,post_launch_reviews_total,2026-09-14,5,,not_collected,
4659620,Touhou Koumakyou: New Classic - the Embodiment of Scarlet Devil,2026-09-09,post_launch_reviews_total,2026-09-15,6,,not_collected,
4659620,Touhou Koumakyou: New Classic - the Embodiment of Scarlet Devil,2026-09-09,post_launch_reviews_total,2026-09-16,7,,not_collected,
3406890,Touhou: Divine Land -Majesty in Game-,2026-07-16,pre_launch_wishlist_rank,2026-07-09,-7,,not_in_captured_wishlist_ranking,
3406890,Touhou: Divine Land -Majesty in Game-,2026-07-16,pre_launch_wishlist_rank,2026-07-10,-6,,not_in_captured_wishlist_ranking,
3406890,Touhou: Divine Land -Majesty in Game-,2026-07-16,pre_launch_wishlist_rank,2026-07-11,-5,,not_in_captured_wishlist_ranking,
3406890,Touhou: Divine Land -Majesty in Game-,2026-07-16,pre_launch_wishlist_rank,2026-07-12,-4,,not_in_captured_wishlist_ranking,
3406890,Touhou: Divine Land -Majesty in Game-,2026-07-16,pre_launch_wishlist_rank,2026-07-13,-3,,not_in_captured_wishlist_ranking,
3406890,Touhou: Divine Land -Majesty in Game-,2026-07-16,pre_launch_wishlist_rank,2026-07-14,-2,,not_in_captured_wishlist_ranking,
3406890,Touhou: Divine Land -Majesty in Game-,2026-07-16,pre_launch_wishlist_rank,2026-07-15,-1,,not_in_captured_wishlist_ranking,
3406890,Touhou: Divine Land -Majesty in Game-,2026-07-16,post_launch_reviews_total,2026-07-16,0,,not_collected,
3406890,Touhou: Divine Land -Majesty in Game-,2026-07-16,post_launch_reviews_total,2026-07-17,1,0,ok,2026-07-17T04:45:39.030Z
3406890,Touhou: Divine Land -Majesty in Game-,2026-07-16,post_launch_reviews_total,2026-07-18,2,,not_collected,
3406890,Touhou: Divine Land -Majesty in Game-,2026-07-16,post_launch_reviews_total,2026-07-19,3,,not_collected,
3406890,Touhou: Divine Land -Majesty in Game-,2026-07-16,post_launch_reviews_total,2026-07-20,4,,not_collected,
3406890,Touhou: Divine Land -Majesty in Game-,2026-07-16,post_launch_reviews_total,2026-07-21,5,,not_collected,
3406890,Touhou: Divine Land -Majesty in Game-,2026-07-16,post_launch_reviews_total,2026-07-22,6,,not_collected,
3406890,Touhou: Divine Land -Majesty in Game-,2026-07-16,post_launch_reviews_total,2026-07-23,7,,not_collected,
3084810,Tower Lab,2026-09-07,pre_launch_wishlist_rank,2026-08-31,-7,1015,ok,2026-08-31T07:32:46.352Z
3084810,Tower Lab,2026-09-07,pre_launch_wishlist_rank,2026-09-01,-6,980,ok,2026-09-01T06:43:33.167Z
3084810,Tower Lab,2026-09-07,pre_launch_wishlist_rank,2026-09-02,-5,959,ok,2026-09-02T06:21:55.398Z
3084810,Tower Lab,2026-09-07,pre_launch_wishlist_rank,2026-09-03,-4,935,ok,2026-09-03T06:24:29.914Z
3084810,Tower Lab,2026-09-07,pre_launch_wishlist_rank,2026-09-04,-3,,not_collected,
3084810,Tower Lab,2026-09-07,pre_launch_wishlist_rank,2026-09-05,-2,,not_collected,
3084810,Tower Lab,2026-09-07,pre_launch_wishlist_rank,2026-09-06,-1,,not_collected,
3084810,Tower Lab,2026-09-07,post_launch_reviews_total,2026-09-07,0,,not_collected,
3084810,Tower Lab,2026-09-07,post_launch_reviews_total,2026-09-08,1,,not_collected,
3084810,Tower Lab,2026-09-07,post_launch_reviews_total,2026-09-09,2,,not_collected,
3084810,Tower Lab,2026-09-07,post_launch_reviews_total,2026-09-10,3,,not_collected,
3084810,Tower Lab,2026-09-07,post_launch_reviews_total,2026-09-11,4,,not_collected,
3084810,Tower Lab,2026-09-07,post_launch_reviews_total,2026-09-12,5,,not_collected,
3084810,Tower Lab,2026-09-07,post_launch_reviews_total,2026-09-13,6,,not_collected,
3084810,Tower Lab,2026-09-07,post_launch_reviews_total,2026-09-14,7,,not_collected,
4867330,Toy Keeper,2026-07-17,pre_launch_wishlist_rank,2026-07-10,-7,,not_in_captured_wishlist_ranking,
4867330,Toy Keeper,2026-07-17,pre_launch_wishlist_rank,2026-07-11,-6,,not_in_captured_wishlist_ranking,
4867330,Toy Keeper,2026-07-17,pre_launch_wishlist_rank,2026-07-12,-5,,not_in_captured_wishlist_ranking,
4867330,Toy Keeper,2026-07-17,pre_launch_wishlist_rank,2026-07-13,-4,,not_in_captured_wishlist_ranking,
4867330,Toy Keeper,2026-07-17,pre_launch_wishlist_rank,2026-07-14,-3,,not_in_captured_wishlist_ranking,
4867330,Toy Keeper,2026-07-17,pre_launch_wishlist_rank,2026-07-15,-2,,not_in_captured_wishlist_ranking,
4867330,Toy Keeper,2026-07-17,pre_launch_wishlist_rank,2026-07-16,-1,,not_in_captured_wishlist_ranking,
4867330,Toy Keeper,2026-07-17,post_launch_reviews_total,2026-07-17,0,0,ok,2026-07-17T04:45:39.030Z
4867330,Toy Keeper,2026-07-17,post_launch_reviews_total,2026-07-18,1,,not_collected,
4867330,Toy Keeper,2026-07-17,post_launch_reviews_total,2026-07-19,2,,not_collected,
4867330,Toy Keeper,2026-07-17,post_launch_reviews_total,2026-07-20,3,,not_collected,
4867330,Toy Keeper,2026-07-17,post_launch_reviews_total,2026-07-21,4,,not_collected,
4867330,Toy Keeper,2026-07-17,post_launch_reviews_total,2026-07-22,5,,not_collected,
4867330,Toy Keeper,2026-07-17,post_launch_reviews_total,2026-07-23,6,,not_collected,
4867330,Toy Keeper,2026-07-17,post_launch_reviews_total,2026-07-24,7,,not_collected,
4914830,Toy Shop Tidy Up,2026-08-07,pre_launch_wishlist_rank,2026-07-31,-7,,not_in_captured_wishlist_ranking,
4914830,Toy Shop Tidy Up,2026-08-07,pre_launch_wishlist_rank,2026-08-01,-6,,not_in_captured_wishlist_ranking,
4914830,Toy Shop Tidy Up,2026-08-07,pre_launch_wishlist_rank,2026-08-02,-5,,not_in_captured_wishlist_ranking,
4914830,Toy Shop Tidy Up,2026-08-07,pre_launch_wishlist_rank,2026-08-03,-4,,not_in_captured_wishlist_ranking,
4914830,Toy Shop Tidy Up,2026-08-07,pre_launch_wishlist_rank,2026-08-04,-3,,not_in_captured_wishlist_ranking,
4914830,Toy Shop Tidy Up,2026-08-07,pre_launch_wishlist_rank,2026-08-05,-2,,not_in_captured_wishlist_ranking,
4914830,Toy Shop Tidy Up,2026-08-07,pre_launch_wishlist_rank,2026-08-06,-1,,not_in_captured_wishlist_ranking,
4914830,Toy Shop Tidy Up,2026-08-07,post_launch_reviews_total,2026-08-07,0,0,ok,2026-08-07T04:13:26.771Z
4914830,Toy Shop Tidy Up,2026-08-07,post_launch_reviews_total,2026-08-08,1,,not_collected,
4914830,Toy Shop Tidy Up,2026-08-07,post_launch_reviews_total,2026-08-09,2,,not_collected,
4914830,Toy Shop Tidy Up,2026-08-07,post_launch_reviews_total,2026-08-10,3,,not_collected,
4914830,Toy Shop Tidy Up,2026-08-07,post_launch_reviews_total,2026-08-11,4,,not_collected,
4914830,Toy Shop Tidy Up,2026-08-07,post_launch_reviews_total,2026-08-12,5,,not_collected,
4914830,Toy Shop Tidy Up,2026-08-07,post_launch_reviews_total,2026-08-13,6,,not_collected,
4914830,Toy Shop Tidy Up,2026-08-07,post_launch_reviews_total,2026-08-14,7,,not_collected,
4225980,Trails in the Sky 2nd Chapter,2026-09-16,pre_launch_wishlist_rank,2026-09-09,-7,,not_collected,
4225980,Trails in the Sky 2nd Chapter,2026-09-16,pre_launch_wishlist_rank,2026-09-10,-6,,not_collected,
4225980,Trails in the Sky 2nd Chapter,2026-09-16,pre_launch_wishlist_rank,2026-09-11,-5,,not_collected,
4225980,Trails in the Sky 2nd Chapter,2026-09-16,pre_launch_wishlist_rank,2026-09-12,-4,,not_collected,
4225980,Trails in the Sky 2nd Chapter,2026-09-16,pre_launch_wishlist_rank,2026-09-13,-3,,not_collected,
4225980,Trails in the Sky 2nd Chapter,2026-09-16,pre_launch_wishlist_rank,2026-09-14,-2,,not_collected,
4225980,Trails in the Sky 2nd Chapter,2026-09-16,pre_launch_wishlist_rank,2026-09-15,-1,,not_collected,
4225980,Trails in the Sky 2nd Chapter,2026-09-16,post_launch_reviews_total,2026-09-16,0,,not_collected,
4225980,Trails in the Sky 2nd Chapter,2026-09-16,post_launch_reviews_total,2026-09-17,1,,not_collected,
4225980,Trails in the Sky 2nd Chapter,2026-09-16,post_launch_reviews_total,2026-09-18,2,,not_collected,
4225980,Trails in the Sky 2nd Chapter,2026-09-16,post_launch_reviews_total,2026-09-19,3,,not_collected,
4225980,Trails in the Sky 2nd Chapter,2026-09-16,post_launch_reviews_total,2026-09-20,4,,not_collected,
4225980,Trails in the Sky 2nd Chapter,2026-09-16,post_launch_reviews_total,2026-09-21,5,,not_collected,
4225980,Trails in the Sky 2nd Chapter,2026-09-16,post_launch_reviews_total,2026-09-22,6,,not_collected,
4225980,Trails in the Sky 2nd Chapter,2026-09-16,post_launch_reviews_total,2026-09-23,7,,not_collected,
3493540,Transport Fever 3,2026-09-29,pre_launch_wishlist_rank,2026-09-22,-7,,not_collected,
3493540,Transport Fever 3,2026-09-29,pre_launch_wishlist_rank,2026-09-23,-6,,not_collected,
3493540,Transport Fever 3,2026-09-29,pre_launch_wishlist_rank,2026-09-24,-5,,not_collected,
3493540,Transport Fever 3,2026-09-29,pre_launch_wishlist_rank,2026-09-25,-4,,not_collected,
3493540,Transport Fever 3,2026-09-29,pre_launch_wishlist_rank,2026-09-26,-3,,not_collected,
3493540,Transport Fever 3,2026-09-29,pre_launch_wishlist_rank,2026-09-27,-2,,not_collected,
3493540,Transport Fever 3,2026-09-29,pre_launch_wishlist_rank,2026-09-28,-1,,not_collected,
3493540,Transport Fever 3,2026-09-29,post_launch_reviews_total,2026-09-29,0,,not_collected,
3493540,Transport Fever 3,2026-09-29,post_launch_reviews_total,2026-09-30,1,,not_collected,
3493540,Transport Fever 3,2026-09-29,post_launch_reviews_total,2026-10-01,2,,not_collected,
3493540,Transport Fever 3,2026-09-29,post_launch_reviews_total,2026-10-02,3,,not_collected,
3493540,Transport Fever 3,2026-09-29,post_launch_reviews_total,2026-10-03,4,,not_collected,
3493540,Transport Fever 3,2026-09-29,post_launch_reviews_total,2026-10-04,5,,not_collected,
3493540,Transport Fever 3,2026-09-29,post_launch_reviews_total,2026-10-05,6,,not_collected,
3493540,Transport Fever 3,2026-09-29,post_launch_reviews_total,2026-10-06,7,,not_collected,
3642010,Truck-kun is Supporting Me from Another World?!,2026-07-29,pre_launch_wishlist_rank,2026-07-22,-7,626,ok,2026-07-22T04:50:32.272Z
3642010,Truck-kun is Supporting Me from Another World?!,2026-07-29,pre_launch_wishlist_rank,2026-07-23,-6,607,ok,2026-07-23T04:56:12.842Z
3642010,Truck-kun is Supporting Me from Another World?!,2026-07-29,pre_launch_wishlist_rank,2026-07-24,-5,594,ok,2026-07-24T04:51:55.902Z
3642010,Truck-kun is Supporting Me from Another World?!,2026-07-29,pre_launch_wishlist_rank,2026-07-25,-4,584,ok,2026-07-25T04:47:58.982Z
3642010,Truck-kun is Supporting Me from Another World?!,2026-07-29,pre_launch_wishlist_rank,2026-07-26,-3,574,ok,2026-07-26T05:02:25.100Z
3642010,Truck-kun is Supporting Me from Another World?!,2026-07-29,pre_launch_wishlist_rank,2026-07-27,-2,548,ok,2026-07-27T05:28:24.621Z
3642010,Truck-kun is Supporting Me from Another World?!,2026-07-29,pre_launch_wishlist_rank,2026-07-28,-1,523,ok,2026-07-28T04:45:52.627Z
3642010,Truck-kun is Supporting Me from Another World?!,2026-07-29,post_launch_reviews_total,2026-07-29,0,0,ok,2026-07-29T04:50:58.767Z
3642010,Truck-kun is Supporting Me from Another World?!,2026-07-29,post_launch_reviews_total,2026-07-30,1,,not_collected,
3642010,Truck-kun is Supporting Me from Another World?!,2026-07-29,post_launch_reviews_total,2026-07-31,2,,not_collected,
3642010,Truck-kun is Supporting Me from Another World?!,2026-07-29,post_launch_reviews_total,2026-08-01,3,,not_collected,
3642010,Truck-kun is Supporting Me from Another World?!,2026-07-29,post_launch_reviews_total,2026-08-02,4,,not_collected,
3642010,Truck-kun is Supporting Me from Another World?!,2026-07-29,post_launch_reviews_total,2026-08-03,5,,not_collected,
3642010,Truck-kun is Supporting Me from Another World?!,2026-07-29,post_launch_reviews_total,2026-08-04,6,,not_collected,
3642010,Truck-kun is Supporting Me from Another World?!,2026-07-29,post_launch_reviews_total,2026-08-05,7,,not_collected,
3323490,Truxton Extreme,2026-07-30,pre_launch_wishlist_rank,2026-07-23,-7,,not_in_captured_wishlist_ranking,
3323490,Truxton Extreme,2026-07-30,pre_launch_wishlist_rank,2026-07-24,-6,,not_in_captured_wishlist_ranking,
3323490,Truxton Extreme,2026-07-30,pre_launch_wishlist_rank,2026-07-25,-5,,not_in_captured_wishlist_ranking,
3323490,Truxton Extreme,2026-07-30,pre_launch_wishlist_rank,2026-07-26,-4,,not_in_captured_wishlist_ranking,
3323490,Truxton Extreme,2026-07-30,pre_launch_wishlist_rank,2026-07-27,-3,,not_in_captured_wishlist_ranking,
3323490,Truxton Extreme,2026-07-30,pre_launch_wishlist_rank,2026-07-28,-2,,not_in_captured_wishlist_ranking,
3323490,Truxton Extreme,2026-07-30,pre_launch_wishlist_rank,2026-07-29,-1,,not_in_captured_wishlist_ranking,
3323490,Truxton Extreme,2026-07-30,post_launch_reviews_total,2026-07-30,0,0,ok,2026-07-30T04:38:29.620Z
3323490,Truxton Extreme,2026-07-30,post_launch_reviews_total,2026-07-31,1,,not_collected,
3323490,Truxton Extreme,2026-07-30,post_launch_reviews_total,2026-08-01,2,,not_collected,
3323490,Truxton Extreme,2026-07-30,post_launch_reviews_total,2026-08-02,3,,not_collected,
3323490,Truxton Extreme,2026-07-30,post_launch_reviews_total,2026-08-03,4,,not_collected,
3323490,Truxton Extreme,2026-07-30,post_launch_reviews_total,2026-08-04,5,,not_collected,
3323490,Truxton Extreme,2026-07-30,post_launch_reviews_total,2026-08-05,6,,not_collected,
3323490,Truxton Extreme,2026-07-30,post_launch_reviews_total,2026-08-06,7,,not_collected,
2933200,Tukoni: Forest Keepers,2026-08-17,pre_launch_wishlist_rank,2026-08-10,-7,887,ok,2026-08-10T03:29:07.136Z
2933200,Tukoni: Forest Keepers,2026-08-17,pre_launch_wishlist_rank,2026-08-11,-6,883,ok,2026-08-11T03:21:55.619Z
2933200,Tukoni: Forest Keepers,2026-08-17,pre_launch_wishlist_rank,2026-08-12,-5,866,ok,2026-08-12T03:40:42.315Z
2933200,Tukoni: Forest Keepers,2026-08-17,pre_launch_wishlist_rank,2026-08-13,-4,858,ok,2026-08-13T03:51:51.678Z
2933200,Tukoni: Forest Keepers,2026-08-17,pre_launch_wishlist_rank,2026-08-14,-3,840,ok,2026-08-14T03:41:13.555Z
2933200,Tukoni: Forest Keepers,2026-08-17,pre_launch_wishlist_rank,2026-08-15,-2,828,ok,2026-08-15T02:36:13.648Z
2933200,Tukoni: Forest Keepers,2026-08-17,pre_launch_wishlist_rank,2026-08-16,-1,820,ok,2026-08-16T02:45:28.861Z
2933200,Tukoni: Forest Keepers,2026-08-17,post_launch_reviews_total,2026-08-17,0,0,ok,2026-08-17T02:45:10.258Z
2933200,Tukoni: Forest Keepers,2026-08-17,post_launch_reviews_total,2026-08-18,1,,not_collected,
2933200,Tukoni: Forest Keepers,2026-08-17,post_launch_reviews_total,2026-08-19,2,,not_collected,
2933200,Tukoni: Forest Keepers,2026-08-17,post_launch_reviews_total,2026-08-20,3,,not_collected,
2933200,Tukoni: Forest Keepers,2026-08-17,post_launch_reviews_total,2026-08-21,4,,not_collected,
2933200,Tukoni: Forest Keepers,2026-08-17,post_launch_reviews_total,2026-08-22,5,,not_collected,
2933200,Tukoni: Forest Keepers,2026-08-17,post_launch_reviews_total,2026-08-23,6,,not_collected,
2933200,Tukoni: Forest Keepers,2026-08-17,post_launch_reviews_total,2026-08-24,7,,not_collected,
4341400,TUNG,2026-08-06,pre_launch_wishlist_rank,2026-07-30,-7,,not_in_captured_wishlist_ranking,
4341400,TUNG,2026-08-06,pre_launch_wishlist_rank,2026-07-31,-6,,not_in_captured_wishlist_ranking,
4341400,TUNG,2026-08-06,pre_launch_wishlist_rank,2026-08-01,-5,,not_in_captured_wishlist_ranking,
4341400,TUNG,2026-08-06,pre_launch_wishlist_rank,2026-08-02,-4,,not_in_captured_wishlist_ranking,
4341400,TUNG,2026-08-06,pre_launch_wishlist_rank,2026-08-03,-3,,not_in_captured_wishlist_ranking,
4341400,TUNG,2026-08-06,pre_launch_wishlist_rank,2026-08-04,-2,,not_in_captured_wishlist_ranking,
4341400,TUNG,2026-08-06,pre_launch_wishlist_rank,2026-08-05,-1,,not_in_captured_wishlist_ranking,
4341400,TUNG,2026-08-06,post_launch_reviews_total,2026-08-06,0,0,ok,2026-08-06T04:47:09.485Z
4341400,TUNG,2026-08-06,post_launch_reviews_total,2026-08-07,1,,not_collected,
4341400,TUNG,2026-08-06,post_launch_reviews_total,2026-08-08,2,,not_collected,
4341400,TUNG,2026-08-06,post_launch_reviews_total,2026-08-09,3,,not_collected,
4341400,TUNG,2026-08-06,post_launch_reviews_total,2026-08-10,4,,not_collected,
4341400,TUNG,2026-08-06,post_launch_reviews_total,2026-08-11,5,,not_collected,
4341400,TUNG,2026-08-06,post_launch_reviews_total,2026-08-12,6,,not_collected,
4341400,TUNG,2026-08-06,post_launch_reviews_total,2026-08-13,7,,not_collected,
4855760,Tung Tung Tung Survival,2026-07-16,pre_launch_wishlist_rank,2026-07-09,-7,,not_in_captured_wishlist_ranking,
4855760,Tung Tung Tung Survival,2026-07-16,pre_launch_wishlist_rank,2026-07-10,-6,,not_in_captured_wishlist_ranking,
4855760,Tung Tung Tung Survival,2026-07-16,pre_launch_wishlist_rank,2026-07-11,-5,,not_in_captured_wishlist_ranking,
4855760,Tung Tung Tung Survival,2026-07-16,pre_launch_wishlist_rank,2026-07-12,-4,,not_in_captured_wishlist_ranking,
4855760,Tung Tung Tung Survival,2026-07-16,pre_launch_wishlist_rank,2026-07-13,-3,,not_in_captured_wishlist_ranking,
4855760,Tung Tung Tung Survival,2026-07-16,pre_launch_wishlist_rank,2026-07-14,-2,,not_in_captured_wishlist_ranking,
4855760,Tung Tung Tung Survival,2026-07-16,pre_launch_wishlist_rank,2026-07-15,-1,1900,ok,2026-07-15T04:32:45.763Z
4855760,Tung Tung Tung Survival,2026-07-16,post_launch_reviews_total,2026-07-16,0,0,ok,2026-07-16T04:42:31.378Z
4855760,Tung Tung Tung Survival,2026-07-16,post_launch_reviews_total,2026-07-17,1,,not_collected,
4855760,Tung Tung Tung Survival,2026-07-16,post_launch_reviews_total,2026-07-18,2,,not_collected,
4855760,Tung Tung Tung Survival,2026-07-16,post_launch_reviews_total,2026-07-19,3,,not_collected,
4855760,Tung Tung Tung Survival,2026-07-16,post_launch_reviews_total,2026-07-20,4,,not_collected,
4855760,Tung Tung Tung Survival,2026-07-16,post_launch_reviews_total,2026-07-21,5,,not_collected,
4855760,Tung Tung Tung Survival,2026-07-16,post_launch_reviews_total,2026-07-22,6,,not_collected,
4855760,Tung Tung Tung Survival,2026-07-16,post_launch_reviews_total,2026-07-23,7,,not_collected,
4934370,TV Archive: Tidy Up Together,2026-08-14,pre_launch_wishlist_rank,2026-08-07,-7,1227,ok,2026-08-07T04:13:26.771Z
4934370,TV Archive: Tidy Up Together,2026-08-14,pre_launch_wishlist_rank,2026-08-08,-6,1144,ok,2026-08-08T03:11:38.214Z
4934370,TV Archive: Tidy Up Together,2026-08-14,pre_launch_wishlist_rank,2026-08-09,-5,1076,ok,2026-08-09T03:19:17.318Z
4934370,TV Archive: Tidy Up Together,2026-08-14,pre_launch_wishlist_rank,2026-08-10,-4,1002,ok,2026-08-10T03:29:07.136Z
4934370,TV Archive: Tidy Up Together,2026-08-14,pre_launch_wishlist_rank,2026-08-11,-3,933,ok,2026-08-11T03:21:55.619Z
4934370,TV Archive: Tidy Up Together,2026-08-14,pre_launch_wishlist_rank,2026-08-12,-2,868,ok,2026-08-12T03:40:42.315Z
4934370,TV Archive: Tidy Up Together,2026-08-14,pre_launch_wishlist_rank,2026-08-13,-1,825,ok,2026-08-13T03:51:51.678Z
4934370,TV Archive: Tidy Up Together,2026-08-14,post_launch_reviews_total,2026-08-14,0,0,ok,2026-08-14T03:41:13.555Z
4934370,TV Archive: Tidy Up Together,2026-08-14,post_launch_reviews_total,2026-08-15,1,,not_collected,
4934370,TV Archive: Tidy Up Together,2026-08-14,post_launch_reviews_total,2026-08-16,2,,not_collected,
4934370,TV Archive: Tidy Up Together,2026-08-14,post_launch_reviews_total,2026-08-17,3,,not_collected,
4934370,TV Archive: Tidy Up Together,2026-08-14,post_launch_reviews_total,2026-08-18,4,,not_collected,
4934370,TV Archive: Tidy Up Together,2026-08-14,post_launch_reviews_total,2026-08-19,5,,not_collected,
4934370,TV Archive: Tidy Up Together,2026-08-14,post_launch_reviews_total,2026-08-20,6,,not_collected,
4934370,TV Archive: Tidy Up Together,2026-08-14,post_launch_reviews_total,2026-08-21,7,,not_collected,
4332910,Twisted Party,2026-08-25,pre_launch_wishlist_rank,2026-08-18,-7,,not_in_captured_wishlist_ranking,
4332910,Twisted Party,2026-08-25,pre_launch_wishlist_rank,2026-08-19,-6,,not_in_captured_wishlist_ranking,
4332910,Twisted Party,2026-08-25,pre_launch_wishlist_rank,2026-08-20,-5,,not_in_captured_wishlist_ranking,
4332910,Twisted Party,2026-08-25,pre_launch_wishlist_rank,2026-08-21,-4,,not_in_captured_wishlist_ranking,
4332910,Twisted Party,2026-08-25,pre_launch_wishlist_rank,2026-08-22,-3,,not_in_captured_wishlist_ranking,
4332910,Twisted Party,2026-08-25,pre_launch_wishlist_rank,2026-08-23,-2,,not_in_captured_wishlist_ranking,
4332910,Twisted Party,2026-08-25,pre_launch_wishlist_rank,2026-08-24,-1,,not_in_captured_wishlist_ranking,
4332910,Twisted Party,2026-08-25,post_launch_reviews_total,2026-08-25,0,0,ok,2026-08-25T02:42:46.392Z
4332910,Twisted Party,2026-08-25,post_launch_reviews_total,2026-08-26,1,,not_collected,
4332910,Twisted Party,2026-08-25,post_launch_reviews_total,2026-08-27,2,,not_collected,
4332910,Twisted Party,2026-08-25,post_launch_reviews_total,2026-08-28,3,,not_collected,
4332910,Twisted Party,2026-08-25,post_launch_reviews_total,2026-08-29,4,,not_collected,
4332910,Twisted Party,2026-08-25,post_launch_reviews_total,2026-08-30,5,,not_collected,
4332910,Twisted Party,2026-08-25,post_launch_reviews_total,2026-08-31,6,,not_collected,
4332910,Twisted Party,2026-08-25,post_launch_reviews_total,2026-09-01,7,,not_collected,
1575990,Twisted Tower,2026-08-18,pre_launch_wishlist_rank,2026-08-11,-7,456,ok,2026-08-11T03:21:55.619Z
1575990,Twisted Tower,2026-08-18,pre_launch_wishlist_rank,2026-08-12,-6,450,ok,2026-08-12T03:40:42.315Z
1575990,Twisted Tower,2026-08-18,pre_launch_wishlist_rank,2026-08-13,-5,445,ok,2026-08-13T03:51:51.678Z
1575990,Twisted Tower,2026-08-18,pre_launch_wishlist_rank,2026-08-14,-4,431,ok,2026-08-14T03:41:13.555Z
1575990,Twisted Tower,2026-08-18,pre_launch_wishlist_rank,2026-08-15,-3,421,ok,2026-08-15T02:36:13.648Z
1575990,Twisted Tower,2026-08-18,pre_launch_wishlist_rank,2026-08-16,-2,418,ok,2026-08-16T02:45:28.861Z
1575990,Twisted Tower,2026-08-18,pre_launch_wishlist_rank,2026-08-17,-1,395,ok,2026-08-17T02:45:10.258Z
1575990,Twisted Tower,2026-08-18,post_launch_reviews_total,2026-08-18,0,0,ok,2026-08-18T02:39:27.140Z
1575990,Twisted Tower,2026-08-18,post_launch_reviews_total,2026-08-19,1,,not_collected,
1575990,Twisted Tower,2026-08-18,post_launch_reviews_total,2026-08-20,2,,not_collected,
1575990,Twisted Tower,2026-08-18,post_launch_reviews_total,2026-08-21,3,,not_collected,
1575990,Twisted Tower,2026-08-18,post_launch_reviews_total,2026-08-22,4,,not_collected,
1575990,Twisted Tower,2026-08-18,post_launch_reviews_total,2026-08-23,5,,not_collected,
1575990,Twisted Tower,2026-08-18,post_launch_reviews_total,2026-08-24,6,,not_collected,
1575990,Twisted Tower,2026-08-18,post_launch_reviews_total,2026-08-25,7,,not_collected,
2445260,Tyr,2026-09-02,pre_launch_wishlist_rank,2026-08-26,-7,548,ok,2026-08-26T02:50:15.789Z
2445260,Tyr,2026-09-02,pre_launch_wishlist_rank,2026-08-27,-6,552,ok,2026-08-27T11:57:45.810Z
2445260,Tyr,2026-09-02,pre_launch_wishlist_rank,2026-08-28,-5,552,ok,2026-08-28T13:19:41.332Z
2445260,Tyr,2026-09-02,pre_launch_wishlist_rank,2026-08-29,-4,552,ok,2026-08-29T08:16:08.181Z
2445260,Tyr,2026-09-02,pre_launch_wishlist_rank,2026-08-30,-3,546,ok,2026-08-30T07:17:27.365Z
2445260,Tyr,2026-09-02,pre_launch_wishlist_rank,2026-08-31,-2,531,ok,2026-08-31T07:32:46.352Z
2445260,Tyr,2026-09-02,pre_launch_wishlist_rank,2026-09-01,-1,521,ok,2026-09-01T06:43:33.167Z
2445260,Tyr,2026-09-02,post_launch_reviews_total,2026-09-02,0,0,ok,2026-09-02T06:21:55.398Z
2445260,Tyr,2026-09-02,post_launch_reviews_total,2026-09-03,1,,not_collected,
2445260,Tyr,2026-09-02,post_launch_reviews_total,2026-09-04,2,,not_collected,
2445260,Tyr,2026-09-02,post_launch_reviews_total,2026-09-05,3,,not_collected,
2445260,Tyr,2026-09-02,post_launch_reviews_total,2026-09-06,4,,not_collected,
2445260,Tyr,2026-09-02,post_launch_reviews_total,2026-09-07,5,,not_collected,
2445260,Tyr,2026-09-02,post_launch_reviews_total,2026-09-08,6,,not_collected,
2445260,Tyr,2026-09-02,post_launch_reviews_total,2026-09-09,7,,not_collected,
3938640,Ugoku Sushi Bar,2026-07-29,pre_launch_wishlist_rank,2026-07-22,-7,1235,ok,2026-07-22T04:50:32.272Z
3938640,Ugoku Sushi Bar,2026-07-29,pre_launch_wishlist_rank,2026-07-23,-6,1199,ok,2026-07-23T04:56:12.842Z
3938640,Ugoku Sushi Bar,2026-07-29,pre_launch_wishlist_rank,2026-07-24,-5,1172,ok,2026-07-24T04:51:55.902Z
3938640,Ugoku Sushi Bar,2026-07-29,pre_launch_wishlist_rank,2026-07-25,-4,1150,ok,2026-07-25T04:47:58.982Z
3938640,Ugoku Sushi Bar,2026-07-29,pre_launch_wishlist_rank,2026-07-26,-3,1122,ok,2026-07-26T05:02:25.100Z
3938640,Ugoku Sushi Bar,2026-07-29,pre_launch_wishlist_rank,2026-07-27,-2,1039,ok,2026-07-27T05:28:24.621Z
3938640,Ugoku Sushi Bar,2026-07-29,pre_launch_wishlist_rank,2026-07-28,-1,986,ok,2026-07-28T04:45:52.627Z
3938640,Ugoku Sushi Bar,2026-07-29,post_launch_reviews_total,2026-07-29,0,0,ok,2026-07-29T04:50:58.767Z
3938640,Ugoku Sushi Bar,2026-07-29,post_launch_reviews_total,2026-07-30,1,,not_collected,
3938640,Ugoku Sushi Bar,2026-07-29,post_launch_reviews_total,2026-07-31,2,,not_collected,
3938640,Ugoku Sushi Bar,2026-07-29,post_launch_reviews_total,2026-08-01,3,,not_collected,
3938640,Ugoku Sushi Bar,2026-07-29,post_launch_reviews_total,2026-08-02,4,,not_collected,
3938640,Ugoku Sushi Bar,2026-07-29,post_launch_reviews_total,2026-08-03,5,,not_collected,
3938640,Ugoku Sushi Bar,2026-07-29,post_launch_reviews_total,2026-08-04,6,,not_collected,
3938640,Ugoku Sushi Bar,2026-07-29,post_launch_reviews_total,2026-08-05,7,,not_collected,
4864750,Ultimate Guess Game,2026-07-10,pre_launch_wishlist_rank,2026-07-03,-7,,not_in_captured_wishlist_ranking,
4864750,Ultimate Guess Game,2026-07-10,pre_launch_wishlist_rank,2026-07-04,-6,,not_in_captured_wishlist_ranking,
4864750,Ultimate Guess Game,2026-07-10,pre_launch_wishlist_rank,2026-07-05,-5,,not_in_captured_wishlist_ranking,
4864750,Ultimate Guess Game,2026-07-10,pre_launch_wishlist_rank,2026-07-06,-4,,not_in_captured_wishlist_ranking,
4864750,Ultimate Guess Game,2026-07-10,pre_launch_wishlist_rank,2026-07-07,-3,,not_in_captured_wishlist_ranking,
4864750,Ultimate Guess Game,2026-07-10,pre_launch_wishlist_rank,2026-07-08,-2,,not_in_captured_wishlist_ranking,
4864750,Ultimate Guess Game,2026-07-10,pre_launch_wishlist_rank,2026-07-09,-1,,not_in_captured_wishlist_ranking,
4864750,Ultimate Guess Game,2026-07-10,post_launch_reviews_total,2026-07-10,0,0,ok,2026-07-10T05:43:57.377Z
4864750,Ultimate Guess Game,2026-07-10,post_launch_reviews_total,2026-07-11,1,,not_collected,
4864750,Ultimate Guess Game,2026-07-10,post_launch_reviews_total,2026-07-12,2,,not_collected,
4864750,Ultimate Guess Game,2026-07-10,post_launch_reviews_total,2026-07-13,3,,not_collected,
4864750,Ultimate Guess Game,2026-07-10,post_launch_reviews_total,2026-07-14,4,,not_collected,
4864750,Ultimate Guess Game,2026-07-10,post_launch_reviews_total,2026-07-15,5,,not_collected,
4864750,Ultimate Guess Game,2026-07-10,post_launch_reviews_total,2026-07-16,6,,not_collected,
4864750,Ultimate Guess Game,2026-07-10,post_launch_reviews_total,2026-07-17,7,,not_collected,
4652020,Ultimate Wizard Demo,2026-07-06,pre_launch_wishlist_rank,2026-06-29,-7,,not_collected,
4652020,Ultimate Wizard Demo,2026-07-06,pre_launch_wishlist_rank,2026-06-30,-6,,not_collected,
4652020,Ultimate Wizard Demo,2026-07-06,pre_launch_wishlist_rank,2026-07-01,-5,,not_collected,
4652020,Ultimate Wizard Demo,2026-07-06,pre_launch_wishlist_rank,2026-07-02,-4,,not_collected,
4652020,Ultimate Wizard Demo,2026-07-06,pre_launch_wishlist_rank,2026-07-03,-3,,not_in_captured_wishlist_ranking,
4652020,Ultimate Wizard Demo,2026-07-06,pre_launch_wishlist_rank,2026-07-04,-2,,not_in_captured_wishlist_ranking,
4652020,Ultimate Wizard Demo,2026-07-06,pre_launch_wishlist_rank,2026-07-05,-1,,not_in_captured_wishlist_ranking,
4652020,Ultimate Wizard Demo,2026-07-06,post_launch_reviews_total,2026-07-06,0,0,ok,2026-07-06T02:23:33.220Z
4652020,Ultimate Wizard Demo,2026-07-06,post_launch_reviews_total,2026-07-07,1,,not_collected,
4652020,Ultimate Wizard Demo,2026-07-06,post_launch_reviews_total,2026-07-08,2,,not_collected,
4652020,Ultimate Wizard Demo,2026-07-06,post_launch_reviews_total,2026-07-09,3,,not_collected,
4652020,Ultimate Wizard Demo,2026-07-06,post_launch_reviews_total,2026-07-10,4,,not_collected,
4652020,Ultimate Wizard Demo,2026-07-06,post_launch_reviews_total,2026-07-11,5,,not_collected,
4652020,Ultimate Wizard Demo,2026-07-06,post_launch_reviews_total,2026-07-12,6,,not_collected,
4652020,Ultimate Wizard Demo,2026-07-06,post_launch_reviews_total,2026-07-13,7,,not_collected,
4195110,Ultrapool,2026-08-24,pre_launch_wishlist_rank,2026-08-17,-7,1036,ok,2026-08-17T02:45:10.258Z
4195110,Ultrapool,2026-08-24,pre_launch_wishlist_rank,2026-08-18,-6,1022,ok,2026-08-18T02:39:27.140Z
4195110,Ultrapool,2026-08-24,pre_launch_wishlist_rank,2026-08-19,-5,1007,ok,2026-08-19T02:42:36.358Z
4195110,Ultrapool,2026-08-24,pre_launch_wishlist_rank,2026-08-20,-4,996,ok,2026-08-20T02:40:42.136Z
4195110,Ultrapool,2026-08-24,pre_launch_wishlist_rank,2026-08-21,-3,975,ok,2026-08-21T02:47:33.763Z
4195110,Ultrapool,2026-08-24,pre_launch_wishlist_rank,2026-08-22,-2,953,ok,2026-08-22T02:38:05.157Z
4195110,Ultrapool,2026-08-24,pre_launch_wishlist_rank,2026-08-23,-1,937,ok,2026-08-23T02:47:54.993Z
4195110,Ultrapool,2026-08-24,post_launch_reviews_total,2026-08-24,0,0,ok,2026-08-24T02:48:36.097Z
4195110,Ultrapool,2026-08-24,post_launch_reviews_total,2026-08-25,1,,not_collected,
4195110,Ultrapool,2026-08-24,post_launch_reviews_total,2026-08-26,2,,not_collected,
4195110,Ultrapool,2026-08-24,post_launch_reviews_total,2026-08-27,3,,not_collected,
4195110,Ultrapool,2026-08-24,post_launch_reviews_total,2026-08-28,4,,not_collected,
4195110,Ultrapool,2026-08-24,post_launch_reviews_total,2026-08-29,5,,not_collected,
4195110,Ultrapool,2026-08-24,post_launch_reviews_total,2026-08-30,6,,not_collected,
4195110,Ultrapool,2026-08-24,post_launch_reviews_total,2026-08-31,7,,not_collected,
4217690,Uncanny Tales: The Watcher,2026-08-05,pre_launch_wishlist_rank,2026-07-29,-7,,not_in_captured_wishlist_ranking,
4217690,Uncanny Tales: The Watcher,2026-08-05,pre_launch_wishlist_rank,2026-07-30,-6,,not_in_captured_wishlist_ranking,
4217690,Uncanny Tales: The Watcher,2026-08-05,pre_launch_wishlist_rank,2026-07-31,-5,,not_in_captured_wishlist_ranking,
4217690,Uncanny Tales: The Watcher,2026-08-05,pre_launch_wishlist_rank,2026-08-01,-4,,not_in_captured_wishlist_ranking,
4217690,Uncanny Tales: The Watcher,2026-08-05,pre_launch_wishlist_rank,2026-08-02,-3,,not_in_captured_wishlist_ranking,
4217690,Uncanny Tales: The Watcher,2026-08-05,pre_launch_wishlist_rank,2026-08-03,-2,,not_in_captured_wishlist_ranking,
4217690,Uncanny Tales: The Watcher,2026-08-05,pre_launch_wishlist_rank,2026-08-04,-1,,not_in_captured_wishlist_ranking,
4217690,Uncanny Tales: The Watcher,2026-08-05,post_launch_reviews_total,2026-08-05,0,0,ok,2026-08-05T04:46:35.103Z
4217690,Uncanny Tales: The Watcher,2026-08-05,post_launch_reviews_total,2026-08-06,1,,not_collected,
4217690,Uncanny Tales: The Watcher,2026-08-05,post_launch_reviews_total,2026-08-07,2,,not_collected,
4217690,Uncanny Tales: The Watcher,2026-08-05,post_launch_reviews_total,2026-08-08,3,,not_collected,
4217690,Uncanny Tales: The Watcher,2026-08-05,post_launch_reviews_total,2026-08-09,4,,not_collected,
4217690,Uncanny Tales: The Watcher,2026-08-05,post_launch_reviews_total,2026-08-10,5,,not_collected,
4217690,Uncanny Tales: The Watcher,2026-08-05,post_launch_reviews_total,2026-08-11,6,,not_collected,
4217690,Uncanny Tales: The Watcher,2026-08-05,post_launch_reviews_total,2026-08-12,7,,not_collected,
4286040,Unicycle Together,2026-07-31,pre_launch_wishlist_rank,2026-07-24,-7,,not_in_captured_wishlist_ranking,
4286040,Unicycle Together,2026-07-31,pre_launch_wishlist_rank,2026-07-25,-6,,not_in_captured_wishlist_ranking,
4286040,Unicycle Together,2026-07-31,pre_launch_wishlist_rank,2026-07-26,-5,,not_in_captured_wishlist_ranking,
4286040,Unicycle Together,2026-07-31,pre_launch_wishlist_rank,2026-07-27,-4,,not_in_captured_wishlist_ranking,
4286040,Unicycle Together,2026-07-31,pre_launch_wishlist_rank,2026-07-28,-3,,not_in_captured_wishlist_ranking,
4286040,Unicycle Together,2026-07-31,pre_launch_wishlist_rank,2026-07-29,-2,,not_in_captured_wishlist_ranking,
4286040,Unicycle Together,2026-07-31,pre_launch_wishlist_rank,2026-07-30,-1,,not_in_captured_wishlist_ranking,
4286040,Unicycle Together,2026-07-31,post_launch_reviews_total,2026-07-31,0,0,ok,2026-07-31T05:04:54.532Z
4286040,Unicycle Together,2026-07-31,post_launch_reviews_total,2026-08-01,1,,not_collected,
4286040,Unicycle Together,2026-07-31,post_launch_reviews_total,2026-08-02,2,,not_collected,
4286040,Unicycle Together,2026-07-31,post_launch_reviews_total,2026-08-03,3,,not_collected,
4286040,Unicycle Together,2026-07-31,post_launch_reviews_total,2026-08-04,4,,not_collected,
4286040,Unicycle Together,2026-07-31,post_launch_reviews_total,2026-08-05,5,,not_collected,
4286040,Unicycle Together,2026-07-31,post_launch_reviews_total,2026-08-06,6,,not_collected,
4286040,Unicycle Together,2026-07-31,post_launch_reviews_total,2026-08-07,7,,not_collected,
4345460,Unpaired Socks,2026-07-08,pre_launch_wishlist_rank,2026-07-01,-7,,not_collected,
4345460,Unpaired Socks,2026-07-08,pre_launch_wishlist_rank,2026-07-02,-6,,not_collected,
4345460,Unpaired Socks,2026-07-08,pre_launch_wishlist_rank,2026-07-03,-5,,not_in_captured_wishlist_ranking,
4345460,Unpaired Socks,2026-07-08,pre_launch_wishlist_rank,2026-07-04,-4,,not_in_captured_wishlist_ranking,
4345460,Unpaired Socks,2026-07-08,pre_launch_wishlist_rank,2026-07-05,-3,,not_in_captured_wishlist_ranking,
4345460,Unpaired Socks,2026-07-08,pre_launch_wishlist_rank,2026-07-06,-2,,not_in_captured_wishlist_ranking,
4345460,Unpaired Socks,2026-07-08,pre_launch_wishlist_rank,2026-07-07,-1,,not_in_captured_wishlist_ranking,
4345460,Unpaired Socks,2026-07-08,post_launch_reviews_total,2026-07-08,0,0,ok,2026-07-08T04:50:41.299Z
4345460,Unpaired Socks,2026-07-08,post_launch_reviews_total,2026-07-09,1,,not_collected,
4345460,Unpaired Socks,2026-07-08,post_launch_reviews_total,2026-07-10,2,,not_collected,
4345460,Unpaired Socks,2026-07-08,post_launch_reviews_total,2026-07-11,3,,not_collected,
4345460,Unpaired Socks,2026-07-08,post_launch_reviews_total,2026-07-12,4,,not_collected,
4345460,Unpaired Socks,2026-07-08,post_launch_reviews_total,2026-07-13,5,,not_collected,
4345460,Unpaired Socks,2026-07-08,post_launch_reviews_total,2026-07-14,6,,not_collected,
4345460,Unpaired Socks,2026-07-08,post_launch_reviews_total,2026-07-15,7,,not_collected,
4373870,Unpossess 2: Exorcism Simulator,2026-08-21,pre_launch_wishlist_rank,2026-08-14,-7,,not_in_captured_wishlist_ranking,
4373870,Unpossess 2: Exorcism Simulator,2026-08-21,pre_launch_wishlist_rank,2026-08-15,-6,,not_in_captured_wishlist_ranking,
4373870,Unpossess 2: Exorcism Simulator,2026-08-21,pre_launch_wishlist_rank,2026-08-16,-5,,not_in_captured_wishlist_ranking,
4373870,Unpossess 2: Exorcism Simulator,2026-08-21,pre_launch_wishlist_rank,2026-08-17,-4,,not_in_captured_wishlist_ranking,
4373870,Unpossess 2: Exorcism Simulator,2026-08-21,pre_launch_wishlist_rank,2026-08-18,-3,,not_in_captured_wishlist_ranking,
4373870,Unpossess 2: Exorcism Simulator,2026-08-21,pre_launch_wishlist_rank,2026-08-19,-2,,not_in_captured_wishlist_ranking,
4373870,Unpossess 2: Exorcism Simulator,2026-08-21,pre_launch_wishlist_rank,2026-08-20,-1,,not_in_captured_wishlist_ranking,
4373870,Unpossess 2: Exorcism Simulator,2026-08-21,post_launch_reviews_total,2026-08-21,0,0,ok,2026-08-21T02:47:33.763Z
4373870,Unpossess 2: Exorcism Simulator,2026-08-21,post_launch_reviews_total,2026-08-22,1,,not_collected,
4373870,Unpossess 2: Exorcism Simulator,2026-08-21,post_launch_reviews_total,2026-08-23,2,,not_collected,
4373870,Unpossess 2: Exorcism Simulator,2026-08-21,post_launch_reviews_total,2026-08-24,3,,not_collected,
4373870,Unpossess 2: Exorcism Simulator,2026-08-21,post_launch_reviews_total,2026-08-25,4,,not_collected,
4373870,Unpossess 2: Exorcism Simulator,2026-08-21,post_launch_reviews_total,2026-08-26,5,,not_collected,
4373870,Unpossess 2: Exorcism Simulator,2026-08-21,post_launch_reviews_total,2026-08-27,6,,not_collected,
4373870,Unpossess 2: Exorcism Simulator,2026-08-21,post_launch_reviews_total,2026-08-28,7,,not_collected,
3196440,Vacation Cafe Simulator,2026-08-20,pre_launch_wishlist_rank,2026-08-13,-7,271,ok,2026-08-13T03:51:51.678Z
3196440,Vacation Cafe Simulator,2026-08-20,pre_launch_wishlist_rank,2026-08-14,-6,266,ok,2026-08-14T03:41:13.555Z
3196440,Vacation Cafe Simulator,2026-08-20,pre_launch_wishlist_rank,2026-08-15,-5,264,ok,2026-08-15T02:36:13.648Z
3196440,Vacation Cafe Simulator,2026-08-20,pre_launch_wishlist_rank,2026-08-16,-4,263,ok,2026-08-16T02:45:28.861Z
3196440,Vacation Cafe Simulator,2026-08-20,pre_launch_wishlist_rank,2026-08-17,-3,257,ok,2026-08-17T02:45:10.258Z
3196440,Vacation Cafe Simulator,2026-08-20,pre_launch_wishlist_rank,2026-08-18,-2,253,ok,2026-08-18T02:39:27.140Z
3196440,Vacation Cafe Simulator,2026-08-20,pre_launch_wishlist_rank,2026-08-19,-1,251,ok,2026-08-19T02:42:36.358Z
3196440,Vacation Cafe Simulator,2026-08-20,post_launch_reviews_total,2026-08-20,0,0,ok,2026-08-20T02:40:42.136Z
3196440,Vacation Cafe Simulator,2026-08-20,post_launch_reviews_total,2026-08-21,1,,not_collected,
3196440,Vacation Cafe Simulator,2026-08-20,post_launch_reviews_total,2026-08-22,2,,not_collected,
3196440,Vacation Cafe Simulator,2026-08-20,post_launch_reviews_total,2026-08-23,3,,not_collected,
3196440,Vacation Cafe Simulator,2026-08-20,post_launch_reviews_total,2026-08-24,4,,not_collected,
3196440,Vacation Cafe Simulator,2026-08-20,post_launch_reviews_total,2026-08-25,5,,not_collected,
3196440,Vacation Cafe Simulator,2026-08-20,post_launch_reviews_total,2026-08-26,6,,not_collected,
3196440,Vacation Cafe Simulator,2026-08-20,post_launch_reviews_total,2026-08-27,7,,not_collected,
2871010,VanySlash,2026-08-13,pre_launch_wishlist_rank,2026-08-06,-7,1618,ok,2026-08-06T04:47:09.485Z
2871010,VanySlash,2026-08-13,pre_launch_wishlist_rank,2026-08-07,-6,1594,ok,2026-08-07T04:13:26.771Z
2871010,VanySlash,2026-08-13,pre_launch_wishlist_rank,2026-08-08,-5,1579,ok,2026-08-08T03:11:38.214Z
2871010,VanySlash,2026-08-13,pre_launch_wishlist_rank,2026-08-09,-4,1564,ok,2026-08-09T03:19:17.318Z
2871010,VanySlash,2026-08-13,pre_launch_wishlist_rank,2026-08-10,-3,1520,ok,2026-08-10T03:29:07.136Z
2871010,VanySlash,2026-08-13,pre_launch_wishlist_rank,2026-08-11,-2,1484,ok,2026-08-11T03:21:55.619Z
2871010,VanySlash,2026-08-13,pre_launch_wishlist_rank,2026-08-12,-1,1445,ok,2026-08-12T03:40:42.315Z
2871010,VanySlash,2026-08-13,post_launch_reviews_total,2026-08-13,0,0,ok,2026-08-13T03:51:51.678Z
2871010,VanySlash,2026-08-13,post_launch_reviews_total,2026-08-14,1,,not_collected,
2871010,VanySlash,2026-08-13,post_launch_reviews_total,2026-08-15,2,,not_collected,
2871010,VanySlash,2026-08-13,post_launch_reviews_total,2026-08-16,3,,not_collected,
2871010,VanySlash,2026-08-13,post_launch_reviews_total,2026-08-17,4,,not_collected,
2871010,VanySlash,2026-08-13,post_launch_reviews_total,2026-08-18,5,,not_collected,
2871010,VanySlash,2026-08-13,post_launch_reviews_total,2026-08-19,6,,not_collected,
2871010,VanySlash,2026-08-13,post_launch_reviews_total,2026-08-20,7,,not_collected,
4849630,Vape Store Miami: Prologue,2026-07-09,pre_launch_wishlist_rank,2026-07-02,-7,,not_collected,
4849630,Vape Store Miami: Prologue,2026-07-09,pre_launch_wishlist_rank,2026-07-03,-6,,not_in_captured_wishlist_ranking,
4849630,Vape Store Miami: Prologue,2026-07-09,pre_launch_wishlist_rank,2026-07-04,-5,,not_in_captured_wishlist_ranking,
4849630,Vape Store Miami: Prologue,2026-07-09,pre_launch_wishlist_rank,2026-07-05,-4,,not_in_captured_wishlist_ranking,
4849630,Vape Store Miami: Prologue,2026-07-09,pre_launch_wishlist_rank,2026-07-06,-3,,not_in_captured_wishlist_ranking,
4849630,Vape Store Miami: Prologue,2026-07-09,pre_launch_wishlist_rank,2026-07-07,-2,,not_in_captured_wishlist_ranking,
4849630,Vape Store Miami: Prologue,2026-07-09,pre_launch_wishlist_rank,2026-07-08,-1,,not_in_captured_wishlist_ranking,
4849630,Vape Store Miami: Prologue,2026-07-09,post_launch_reviews_total,2026-07-09,0,0,ok,2026-07-09T05:46:21.155Z
4849630,Vape Store Miami: Prologue,2026-07-09,post_launch_reviews_total,2026-07-10,1,,not_collected,
4849630,Vape Store Miami: Prologue,2026-07-09,post_launch_reviews_total,2026-07-11,2,,not_collected,
4849630,Vape Store Miami: Prologue,2026-07-09,post_launch_reviews_total,2026-07-12,3,,not_collected,
4849630,Vape Store Miami: Prologue,2026-07-09,post_launch_reviews_total,2026-07-13,4,,not_collected,
4849630,Vape Store Miami: Prologue,2026-07-09,post_launch_reviews_total,2026-07-14,5,,not_collected,
4849630,Vape Store Miami: Prologue,2026-07-09,post_launch_reviews_total,2026-07-15,6,,not_collected,
4849630,Vape Store Miami: Prologue,2026-07-09,post_launch_reviews_total,2026-07-16,7,,not_collected,
1996090,Vapor World: Over The Mind,2026-08-18,pre_launch_wishlist_rank,2026-08-11,-7,928,ok,2026-08-11T03:21:55.619Z
1996090,Vapor World: Over The Mind,2026-08-18,pre_launch_wishlist_rank,2026-08-12,-6,898,ok,2026-08-12T03:40:42.315Z
1996090,Vapor World: Over The Mind,2026-08-18,pre_launch_wishlist_rank,2026-08-13,-5,874,ok,2026-08-13T03:51:51.678Z
1996090,Vapor World: Over The Mind,2026-08-18,pre_launch_wishlist_rank,2026-08-14,-4,839,ok,2026-08-14T03:41:13.555Z
1996090,Vapor World: Over The Mind,2026-08-18,pre_launch_wishlist_rank,2026-08-15,-3,805,ok,2026-08-15T02:36:13.648Z
1996090,Vapor World: Over The Mind,2026-08-18,pre_launch_wishlist_rank,2026-08-16,-2,767,ok,2026-08-16T02:45:28.861Z
1996090,Vapor World: Over The Mind,2026-08-18,pre_launch_wishlist_rank,2026-08-17,-1,694,ok,2026-08-17T02:45:10.258Z
1996090,Vapor World: Over The Mind,2026-08-18,post_launch_reviews_total,2026-08-18,0,0,ok,2026-08-18T02:39:27.140Z
1996090,Vapor World: Over The Mind,2026-08-18,post_launch_reviews_total,2026-08-19,1,,not_collected,
1996090,Vapor World: Over The Mind,2026-08-18,post_launch_reviews_total,2026-08-20,2,,not_collected,
1996090,Vapor World: Over The Mind,2026-08-18,post_launch_reviews_total,2026-08-21,3,,not_collected,
1996090,Vapor World: Over The Mind,2026-08-18,post_launch_reviews_total,2026-08-22,4,,not_collected,
1996090,Vapor World: Over The Mind,2026-08-18,post_launch_reviews_total,2026-08-23,5,,not_collected,
1996090,Vapor World: Over The Mind,2026-08-18,post_launch_reviews_total,2026-08-24,6,,not_collected,
1996090,Vapor World: Over The Mind,2026-08-18,post_launch_reviews_total,2026-08-25,7,,not_collected,
2992580,Ventreville: A Cure for Sorrow,2026-08-28,pre_launch_wishlist_rank,2026-08-21,-7,,not_in_captured_wishlist_ranking,
2992580,Ventreville: A Cure for Sorrow,2026-08-28,pre_launch_wishlist_rank,2026-08-22,-6,,not_in_captured_wishlist_ranking,
2992580,Ventreville: A Cure for Sorrow,2026-08-28,pre_launch_wishlist_rank,2026-08-23,-5,,not_in_captured_wishlist_ranking,
2992580,Ventreville: A Cure for Sorrow,2026-08-28,pre_launch_wishlist_rank,2026-08-24,-4,,not_in_captured_wishlist_ranking,
2992580,Ventreville: A Cure for Sorrow,2026-08-28,pre_launch_wishlist_rank,2026-08-25,-3,,not_in_captured_wishlist_ranking,
2992580,Ventreville: A Cure for Sorrow,2026-08-28,pre_launch_wishlist_rank,2026-08-26,-2,,not_in_captured_wishlist_ranking,
2992580,Ventreville: A Cure for Sorrow,2026-08-28,pre_launch_wishlist_rank,2026-08-27,-1,,not_in_captured_wishlist_ranking,
2992580,Ventreville: A Cure for Sorrow,2026-08-28,post_launch_reviews_total,2026-08-28,0,0,ok,2026-08-28T13:19:41.332Z
2992580,Ventreville: A Cure for Sorrow,2026-08-28,post_launch_reviews_total,2026-08-29,1,,not_collected,
2992580,Ventreville: A Cure for Sorrow,2026-08-28,post_launch_reviews_total,2026-08-30,2,,not_collected,
2992580,Ventreville: A Cure for Sorrow,2026-08-28,post_launch_reviews_total,2026-08-31,3,,not_collected,
2992580,Ventreville: A Cure for Sorrow,2026-08-28,post_launch_reviews_total,2026-09-01,4,,not_collected,
2992580,Ventreville: A Cure for Sorrow,2026-08-28,post_launch_reviews_total,2026-09-02,5,,not_collected,
2992580,Ventreville: A Cure for Sorrow,2026-08-28,post_launch_reviews_total,2026-09-03,6,,not_collected,
2992580,Ventreville: A Cure for Sorrow,2026-08-28,post_launch_reviews_total,2026-09-04,7,,not_collected,
4508570,Veritas Tales: Witch of the Dark Castle,2026-07-08,pre_launch_wishlist_rank,2026-07-01,-7,,not_collected,
4508570,Veritas Tales: Witch of the Dark Castle,2026-07-08,pre_launch_wishlist_rank,2026-07-02,-6,,not_collected,
4508570,Veritas Tales: Witch of the Dark Castle,2026-07-08,pre_launch_wishlist_rank,2026-07-03,-5,,not_in_captured_wishlist_ranking,
4508570,Veritas Tales: Witch of the Dark Castle,2026-07-08,pre_launch_wishlist_rank,2026-07-04,-4,,not_in_captured_wishlist_ranking,
4508570,Veritas Tales: Witch of the Dark Castle,2026-07-08,pre_launch_wishlist_rank,2026-07-05,-3,,not_in_captured_wishlist_ranking,
4508570,Veritas Tales: Witch of the Dark Castle,2026-07-08,pre_launch_wishlist_rank,2026-07-06,-2,1315,ok,2026-07-06T04:31:47.397Z
4508570,Veritas Tales: Witch of the Dark Castle,2026-07-08,pre_launch_wishlist_rank,2026-07-07,-1,1285,ok,2026-07-07T05:48:04.813Z
4508570,Veritas Tales: Witch of the Dark Castle,2026-07-08,post_launch_reviews_total,2026-07-08,0,0,ok,2026-07-08T04:50:41.299Z
4508570,Veritas Tales: Witch of the Dark Castle,2026-07-08,post_launch_reviews_total,2026-07-09,1,,not_collected,
4508570,Veritas Tales: Witch of the Dark Castle,2026-07-08,post_launch_reviews_total,2026-07-10,2,,not_collected,
4508570,Veritas Tales: Witch of the Dark Castle,2026-07-08,post_launch_reviews_total,2026-07-11,3,,not_collected,
4508570,Veritas Tales: Witch of the Dark Castle,2026-07-08,post_launch_reviews_total,2026-07-12,4,,not_collected,
4508570,Veritas Tales: Witch of the Dark Castle,2026-07-08,post_launch_reviews_total,2026-07-13,5,,not_collected,
4508570,Veritas Tales: Witch of the Dark Castle,2026-07-08,post_launch_reviews_total,2026-07-14,6,,not_collected,
4508570,Veritas Tales: Witch of the Dark Castle,2026-07-08,post_launch_reviews_total,2026-07-15,7,,not_collected,
4131730,VHOLUME,2026-08-21,pre_launch_wishlist_rank,2026-08-14,-7,359,ok,2026-08-14T03:41:13.555Z
4131730,VHOLUME,2026-08-21,pre_launch_wishlist_rank,2026-08-15,-6,347,ok,2026-08-15T02:36:13.648Z
4131730,VHOLUME,2026-08-21,pre_launch_wishlist_rank,2026-08-16,-5,342,ok,2026-08-16T02:45:28.861Z
4131730,VHOLUME,2026-08-21,pre_launch_wishlist_rank,2026-08-17,-4,329,ok,2026-08-17T02:45:10.258Z
4131730,VHOLUME,2026-08-21,pre_launch_wishlist_rank,2026-08-18,-3,318,ok,2026-08-18T02:39:27.140Z
4131730,VHOLUME,2026-08-21,pre_launch_wishlist_rank,2026-08-19,-2,298,ok,2026-08-19T02:42:36.358Z
4131730,VHOLUME,2026-08-21,pre_launch_wishlist_rank,2026-08-20,-1,285,ok,2026-08-20T02:40:42.136Z
4131730,VHOLUME,2026-08-21,post_launch_reviews_total,2026-08-21,0,0,ok,2026-08-21T02:47:33.763Z
4131730,VHOLUME,2026-08-21,post_launch_reviews_total,2026-08-22,1,,not_collected,
4131730,VHOLUME,2026-08-21,post_launch_reviews_total,2026-08-23,2,,not_collected,
4131730,VHOLUME,2026-08-21,post_launch_reviews_total,2026-08-24,3,,not_collected,
4131730,VHOLUME,2026-08-21,post_launch_reviews_total,2026-08-25,4,,not_collected,
4131730,VHOLUME,2026-08-21,post_launch_reviews_total,2026-08-26,5,,not_collected,
4131730,VHOLUME,2026-08-21,post_launch_reviews_total,2026-08-27,6,,not_collected,
4131730,VHOLUME,2026-08-21,post_launch_reviews_total,2026-08-28,7,,not_collected,
3934250,Village in the Shade,2026-07-29,pre_launch_wishlist_rank,2026-07-22,-7,898,ok,2026-07-22T04:50:32.272Z
3934250,Village in the Shade,2026-07-29,pre_launch_wishlist_rank,2026-07-23,-6,872,ok,2026-07-23T04:56:12.842Z
3934250,Village in the Shade,2026-07-29,pre_launch_wishlist_rank,2026-07-24,-5,853,ok,2026-07-24T04:51:55.902Z
3934250,Village in the Shade,2026-07-29,pre_launch_wishlist_rank,2026-07-25,-4,835,ok,2026-07-25T04:47:58.982Z
3934250,Village in the Shade,2026-07-29,pre_launch_wishlist_rank,2026-07-26,-3,807,ok,2026-07-26T05:02:25.100Z
3934250,Village in the Shade,2026-07-29,pre_launch_wishlist_rank,2026-07-27,-2,763,ok,2026-07-27T05:28:24.621Z
3934250,Village in the Shade,2026-07-29,pre_launch_wishlist_rank,2026-07-28,-1,738,ok,2026-07-28T04:45:52.627Z
3934250,Village in the Shade,2026-07-29,post_launch_reviews_total,2026-07-29,0,0,ok,2026-07-29T04:50:58.767Z
3934250,Village in the Shade,2026-07-29,post_launch_reviews_total,2026-07-30,1,,not_collected,
3934250,Village in the Shade,2026-07-29,post_launch_reviews_total,2026-07-31,2,,not_collected,
3934250,Village in the Shade,2026-07-29,post_launch_reviews_total,2026-08-01,3,,not_collected,
3934250,Village in the Shade,2026-07-29,post_launch_reviews_total,2026-08-02,4,,not_collected,
3934250,Village in the Shade,2026-07-29,post_launch_reviews_total,2026-08-03,5,,not_collected,
3934250,Village in the Shade,2026-07-29,post_launch_reviews_total,2026-08-04,6,,not_collected,
3934250,Village in the Shade,2026-07-29,post_launch_reviews_total,2026-08-05,7,,not_collected,
4319290,Void Cargo: Equilibrium,2026-08-28,pre_launch_wishlist_rank,2026-08-21,-7,,not_in_captured_wishlist_ranking,
4319290,Void Cargo: Equilibrium,2026-08-28,pre_launch_wishlist_rank,2026-08-22,-6,,not_in_captured_wishlist_ranking,
4319290,Void Cargo: Equilibrium,2026-08-28,pre_launch_wishlist_rank,2026-08-23,-5,,not_in_captured_wishlist_ranking,
4319290,Void Cargo: Equilibrium,2026-08-28,pre_launch_wishlist_rank,2026-08-24,-4,,not_in_captured_wishlist_ranking,
4319290,Void Cargo: Equilibrium,2026-08-28,pre_launch_wishlist_rank,2026-08-25,-3,,not_in_captured_wishlist_ranking,
4319290,Void Cargo: Equilibrium,2026-08-28,pre_launch_wishlist_rank,2026-08-26,-2,,not_in_captured_wishlist_ranking,
4319290,Void Cargo: Equilibrium,2026-08-28,pre_launch_wishlist_rank,2026-08-27,-1,,not_in_captured_wishlist_ranking,
4319290,Void Cargo: Equilibrium,2026-08-28,post_launch_reviews_total,2026-08-28,0,0,ok,2026-08-28T13:19:41.332Z
4319290,Void Cargo: Equilibrium,2026-08-28,post_launch_reviews_total,2026-08-29,1,,not_collected,
4319290,Void Cargo: Equilibrium,2026-08-28,post_launch_reviews_total,2026-08-30,2,,not_collected,
4319290,Void Cargo: Equilibrium,2026-08-28,post_launch_reviews_total,2026-08-31,3,,not_collected,
4319290,Void Cargo: Equilibrium,2026-08-28,post_launch_reviews_total,2026-09-01,4,,not_collected,
4319290,Void Cargo: Equilibrium,2026-08-28,post_launch_reviews_total,2026-09-02,5,,not_collected,
4319290,Void Cargo: Equilibrium,2026-08-28,post_launch_reviews_total,2026-09-03,6,,not_collected,
4319290,Void Cargo: Equilibrium,2026-08-28,post_launch_reviews_total,2026-09-04,7,,not_collected,
3850800,WakuWaku Park,2026-08-28,pre_launch_wishlist_rank,2026-08-21,-7,,not_in_captured_wishlist_ranking,
3850800,WakuWaku Park,2026-08-28,pre_launch_wishlist_rank,2026-08-22,-6,,not_in_captured_wishlist_ranking,
3850800,WakuWaku Park,2026-08-28,pre_launch_wishlist_rank,2026-08-23,-5,,not_in_captured_wishlist_ranking,
3850800,WakuWaku Park,2026-08-28,pre_launch_wishlist_rank,2026-08-24,-4,,not_in_captured_wishlist_ranking,
3850800,WakuWaku Park,2026-08-28,pre_launch_wishlist_rank,2026-08-25,-3,1952,ok,2026-08-25T02:42:46.392Z
3850800,WakuWaku Park,2026-08-28,pre_launch_wishlist_rank,2026-08-26,-2,1922,ok,2026-08-26T02:50:15.789Z
3850800,WakuWaku Park,2026-08-28,pre_launch_wishlist_rank,2026-08-27,-1,1870,ok,2026-08-27T11:57:45.810Z
3850800,WakuWaku Park,2026-08-28,post_launch_reviews_total,2026-08-28,0,,not_collected,
3850800,WakuWaku Park,2026-08-28,post_launch_reviews_total,2026-08-29,1,,not_collected,
3850800,WakuWaku Park,2026-08-28,post_launch_reviews_total,2026-08-30,2,,not_collected,
3850800,WakuWaku Park,2026-08-28,post_launch_reviews_total,2026-08-31,3,,not_collected,
3850800,WakuWaku Park,2026-08-28,post_launch_reviews_total,2026-09-01,4,,not_collected,
3850800,WakuWaku Park,2026-08-28,post_launch_reviews_total,2026-09-02,5,,not_collected,
3850800,WakuWaku Park,2026-08-28,post_launch_reviews_total,2026-09-03,6,,not_collected,
3850800,WakuWaku Park,2026-08-28,post_launch_reviews_total,2026-09-04,7,,not_collected,
3624140,Wanderburg,2026-09-08,pre_launch_wishlist_rank,2026-09-01,-7,80,ok,2026-09-01T06:43:33.167Z
3624140,Wanderburg,2026-09-08,pre_launch_wishlist_rank,2026-09-02,-6,80,ok,2026-09-02T06:21:55.398Z
3624140,Wanderburg,2026-09-08,pre_launch_wishlist_rank,2026-09-03,-5,76,ok,2026-09-03T06:24:29.914Z
3624140,Wanderburg,2026-09-08,pre_launch_wishlist_rank,2026-09-04,-4,,not_collected,
3624140,Wanderburg,2026-09-08,pre_launch_wishlist_rank,2026-09-05,-3,,not_collected,
3624140,Wanderburg,2026-09-08,pre_launch_wishlist_rank,2026-09-06,-2,,not_collected,
3624140,Wanderburg,2026-09-08,pre_launch_wishlist_rank,2026-09-07,-1,,not_collected,
3624140,Wanderburg,2026-09-08,post_launch_reviews_total,2026-09-08,0,,not_collected,
3624140,Wanderburg,2026-09-08,post_launch_reviews_total,2026-09-09,1,,not_collected,
3624140,Wanderburg,2026-09-08,post_launch_reviews_total,2026-09-10,2,,not_collected,
3624140,Wanderburg,2026-09-08,post_launch_reviews_total,2026-09-11,3,,not_collected,
3624140,Wanderburg,2026-09-08,post_launch_reviews_total,2026-09-12,4,,not_collected,
3624140,Wanderburg,2026-09-08,post_launch_reviews_total,2026-09-13,5,,not_collected,
3624140,Wanderburg,2026-09-08,post_launch_reviews_total,2026-09-14,6,,not_collected,
3624140,Wanderburg,2026-09-08,post_launch_reviews_total,2026-09-15,7,,not_collected,
1867240,WARDOGS,2026-09-10,pre_launch_wishlist_rank,2026-09-03,-7,16,ok,2026-09-03T06:24:29.914Z
1867240,WARDOGS,2026-09-10,pre_launch_wishlist_rank,2026-09-04,-6,,not_collected,
1867240,WARDOGS,2026-09-10,pre_launch_wishlist_rank,2026-09-05,-5,,not_collected,
1867240,WARDOGS,2026-09-10,pre_launch_wishlist_rank,2026-09-06,-4,,not_collected,
1867240,WARDOGS,2026-09-10,pre_launch_wishlist_rank,2026-09-07,-3,,not_collected,
1867240,WARDOGS,2026-09-10,pre_launch_wishlist_rank,2026-09-08,-2,,not_collected,
1867240,WARDOGS,2026-09-10,pre_launch_wishlist_rank,2026-09-09,-1,,not_collected,
1867240,WARDOGS,2026-09-10,post_launch_reviews_total,2026-09-10,0,,not_collected,
1867240,WARDOGS,2026-09-10,post_launch_reviews_total,2026-09-11,1,,not_collected,
1867240,WARDOGS,2026-09-10,post_launch_reviews_total,2026-09-12,2,,not_collected,
1867240,WARDOGS,2026-09-10,post_launch_reviews_total,2026-09-13,3,,not_collected,
1867240,WARDOGS,2026-09-10,post_launch_reviews_total,2026-09-14,4,,not_collected,
1867240,WARDOGS,2026-09-10,post_launch_reviews_total,2026-09-15,5,,not_collected,
1867240,WARDOGS,2026-09-10,post_launch_reviews_total,2026-09-16,6,,not_collected,
1867240,WARDOGS,2026-09-10,post_launch_reviews_total,2026-09-17,7,,not_collected,
3929470,Warhounds,2026-08-11,pre_launch_wishlist_rank,2026-08-04,-7,666,ok,2026-08-04T04:47:02.633Z
3929470,Warhounds,2026-08-11,pre_launch_wishlist_rank,2026-08-05,-6,654,ok,2026-08-05T04:46:35.103Z
3929470,Warhounds,2026-08-11,pre_launch_wishlist_rank,2026-08-06,-5,634,ok,2026-08-06T04:47:09.485Z
3929470,Warhounds,2026-08-11,pre_launch_wishlist_rank,2026-08-07,-4,618,ok,2026-08-07T04:13:26.771Z
3929470,Warhounds,2026-08-11,pre_launch_wishlist_rank,2026-08-08,-3,598,ok,2026-08-08T03:11:38.214Z
3929470,Warhounds,2026-08-11,pre_launch_wishlist_rank,2026-08-09,-2,587,ok,2026-08-09T03:19:17.318Z
3929470,Warhounds,2026-08-11,pre_launch_wishlist_rank,2026-08-10,-1,543,ok,2026-08-10T03:29:07.136Z
3929470,Warhounds,2026-08-11,post_launch_reviews_total,2026-08-11,0,0,ok,2026-08-11T03:21:55.619Z
3929470,Warhounds,2026-08-11,post_launch_reviews_total,2026-08-12,1,,not_collected,
3929470,Warhounds,2026-08-11,post_launch_reviews_total,2026-08-13,2,,not_collected,
3929470,Warhounds,2026-08-11,post_launch_reviews_total,2026-08-14,3,,not_collected,
3929470,Warhounds,2026-08-11,post_launch_reviews_total,2026-08-15,4,,not_collected,
3929470,Warhounds,2026-08-11,post_launch_reviews_total,2026-08-16,5,,not_collected,
3929470,Warhounds,2026-08-11,post_launch_reviews_total,2026-08-17,6,,not_collected,
3929470,Warhounds,2026-08-11,post_launch_reviews_total,2026-08-18,7,,not_collected,
4429930,Water You Doing?,2026-08-26,pre_launch_wishlist_rank,2026-08-19,-7,1341,ok,2026-08-19T02:42:36.358Z
4429930,Water You Doing?,2026-08-26,pre_launch_wishlist_rank,2026-08-20,-6,1276,ok,2026-08-20T02:40:42.136Z
4429930,Water You Doing?,2026-08-26,pre_launch_wishlist_rank,2026-08-21,-5,1213,ok,2026-08-21T02:47:33.763Z
4429930,Water You Doing?,2026-08-26,pre_launch_wishlist_rank,2026-08-22,-4,1145,ok,2026-08-22T02:38:05.157Z
4429930,Water You Doing?,2026-08-26,pre_launch_wishlist_rank,2026-08-23,-3,1067,ok,2026-08-23T02:47:54.993Z
4429930,Water You Doing?,2026-08-26,pre_launch_wishlist_rank,2026-08-24,-2,941,ok,2026-08-24T02:48:36.097Z
4429930,Water You Doing?,2026-08-26,pre_launch_wishlist_rank,2026-08-25,-1,841,ok,2026-08-25T02:42:46.392Z
4429930,Water You Doing?,2026-08-26,post_launch_reviews_total,2026-08-26,0,0,ok,2026-08-26T02:50:15.789Z
4429930,Water You Doing?,2026-08-26,post_launch_reviews_total,2026-08-27,1,,not_collected,
4429930,Water You Doing?,2026-08-26,post_launch_reviews_total,2026-08-28,2,,not_collected,
4429930,Water You Doing?,2026-08-26,post_launch_reviews_total,2026-08-29,3,,not_collected,
4429930,Water You Doing?,2026-08-26,post_launch_reviews_total,2026-08-30,4,,not_collected,
4429930,Water You Doing?,2026-08-26,post_launch_reviews_total,2026-08-31,5,,not_collected,
4429930,Water You Doing?,2026-08-26,post_launch_reviews_total,2026-09-01,6,,not_collected,
4429930,Water You Doing?,2026-08-26,post_launch_reviews_total,2026-09-02,7,,not_collected,
4796830,WE ARE SO DEAD,2026-08-17,pre_launch_wishlist_rank,2026-08-10,-7,768,ok,2026-08-10T03:29:07.136Z
4796830,WE ARE SO DEAD,2026-08-17,pre_launch_wishlist_rank,2026-08-11,-6,713,ok,2026-08-11T03:21:55.619Z
4796830,WE ARE SO DEAD,2026-08-17,pre_launch_wishlist_rank,2026-08-12,-5,674,ok,2026-08-12T03:40:42.315Z
4796830,WE ARE SO DEAD,2026-08-17,pre_launch_wishlist_rank,2026-08-13,-4,645,ok,2026-08-13T03:51:51.678Z
4796830,WE ARE SO DEAD,2026-08-17,pre_launch_wishlist_rank,2026-08-14,-3,594,ok,2026-08-14T03:41:13.555Z
4796830,WE ARE SO DEAD,2026-08-17,pre_launch_wishlist_rank,2026-08-15,-2,577,ok,2026-08-15T02:36:13.648Z
4796830,WE ARE SO DEAD,2026-08-17,pre_launch_wishlist_rank,2026-08-16,-1,535,ok,2026-08-16T02:45:28.861Z
4796830,WE ARE SO DEAD,2026-08-17,post_launch_reviews_total,2026-08-17,0,0,ok,2026-08-17T02:45:10.258Z
4796830,WE ARE SO DEAD,2026-08-17,post_launch_reviews_total,2026-08-18,1,,not_collected,
4796830,WE ARE SO DEAD,2026-08-17,post_launch_reviews_total,2026-08-19,2,,not_collected,
4796830,WE ARE SO DEAD,2026-08-17,post_launch_reviews_total,2026-08-20,3,,not_collected,
4796830,WE ARE SO DEAD,2026-08-17,post_launch_reviews_total,2026-08-21,4,,not_collected,
4796830,WE ARE SO DEAD,2026-08-17,post_launch_reviews_total,2026-08-22,5,,not_collected,
4796830,WE ARE SO DEAD,2026-08-17,post_launch_reviews_total,2026-08-23,6,,not_collected,
4796830,WE ARE SO DEAD,2026-08-17,post_launch_reviews_total,2026-08-24,7,,not_collected,
3195440,Welcome to Elderfield,2026-09-10,pre_launch_wishlist_rank,2026-09-03,-7,212,ok,2026-09-03T06:24:29.914Z
3195440,Welcome to Elderfield,2026-09-10,pre_launch_wishlist_rank,2026-09-04,-6,,not_collected,
3195440,Welcome to Elderfield,2026-09-10,pre_launch_wishlist_rank,2026-09-05,-5,,not_collected,
3195440,Welcome to Elderfield,2026-09-10,pre_launch_wishlist_rank,2026-09-06,-4,,not_collected,
3195440,Welcome to Elderfield,2026-09-10,pre_launch_wishlist_rank,2026-09-07,-3,,not_collected,
3195440,Welcome to Elderfield,2026-09-10,pre_launch_wishlist_rank,2026-09-08,-2,,not_collected,
3195440,Welcome to Elderfield,2026-09-10,pre_launch_wishlist_rank,2026-09-09,-1,,not_collected,
3195440,Welcome to Elderfield,2026-09-10,post_launch_reviews_total,2026-09-10,0,,not_collected,
3195440,Welcome to Elderfield,2026-09-10,post_launch_reviews_total,2026-09-11,1,,not_collected,
3195440,Welcome to Elderfield,2026-09-10,post_launch_reviews_total,2026-09-12,2,,not_collected,
3195440,Welcome to Elderfield,2026-09-10,post_launch_reviews_total,2026-09-13,3,,not_collected,
3195440,Welcome to Elderfield,2026-09-10,post_launch_reviews_total,2026-09-14,4,,not_collected,
3195440,Welcome to Elderfield,2026-09-10,post_launch_reviews_total,2026-09-15,5,,not_collected,
3195440,Welcome to Elderfield,2026-09-10,post_launch_reviews_total,2026-09-16,6,,not_collected,
3195440,Welcome to Elderfield,2026-09-10,post_launch_reviews_total,2026-09-17,7,,not_collected,
3869850,Welcome to the Game III,2026-07-16,pre_launch_wishlist_rank,2026-07-09,-7,1354,ok,2026-07-09T05:46:21.155Z
3869850,Welcome to the Game III,2026-07-16,pre_launch_wishlist_rank,2026-07-10,-6,1337,ok,2026-07-10T05:43:57.377Z
3869850,Welcome to the Game III,2026-07-16,pre_launch_wishlist_rank,2026-07-11,-5,1311,ok,2026-07-11T04:45:57.358Z
3869850,Welcome to the Game III,2026-07-16,pre_launch_wishlist_rank,2026-07-12,-4,1292,ok,2026-07-12T04:57:39.930Z
3869850,Welcome to the Game III,2026-07-16,pre_launch_wishlist_rank,2026-07-13,-3,1242,ok,2026-07-13T05:04:37.802Z
3869850,Welcome to the Game III,2026-07-16,pre_launch_wishlist_rank,2026-07-14,-2,1203,ok,2026-07-14T04:32:48.120Z
3869850,Welcome to the Game III,2026-07-16,pre_launch_wishlist_rank,2026-07-15,-1,1165,ok,2026-07-15T04:32:45.763Z
3869850,Welcome to the Game III,2026-07-16,post_launch_reviews_total,2026-07-16,0,0,ok,2026-07-16T04:42:31.378Z
3869850,Welcome to the Game III,2026-07-16,post_launch_reviews_total,2026-07-17,1,,not_collected,
3869850,Welcome to the Game III,2026-07-16,post_launch_reviews_total,2026-07-18,2,,not_collected,
3869850,Welcome to the Game III,2026-07-16,post_launch_reviews_total,2026-07-19,3,,not_collected,
3869850,Welcome to the Game III,2026-07-16,post_launch_reviews_total,2026-07-20,4,,not_collected,
3869850,Welcome to the Game III,2026-07-16,post_launch_reviews_total,2026-07-21,5,,not_collected,
3869850,Welcome to the Game III,2026-07-16,post_launch_reviews_total,2026-07-22,6,,not_collected,
3869850,Welcome to the Game III,2026-07-16,post_launch_reviews_total,2026-07-23,7,,not_collected,
2358630,Western Rye,2026-08-25,pre_launch_wishlist_rank,2026-08-18,-7,1242,ok,2026-08-18T02:39:27.140Z
2358630,Western Rye,2026-08-25,pre_launch_wishlist_rank,2026-08-19,-6,1217,ok,2026-08-19T02:42:36.358Z
2358630,Western Rye,2026-08-25,pre_launch_wishlist_rank,2026-08-20,-5,1189,ok,2026-08-20T02:40:42.136Z
2358630,Western Rye,2026-08-25,pre_launch_wishlist_rank,2026-08-21,-4,1158,ok,2026-08-21T02:47:33.763Z
2358630,Western Rye,2026-08-25,pre_launch_wishlist_rank,2026-08-22,-3,1114,ok,2026-08-22T02:38:05.157Z
2358630,Western Rye,2026-08-25,pre_launch_wishlist_rank,2026-08-23,-2,1083,ok,2026-08-23T02:47:54.993Z
2358630,Western Rye,2026-08-25,pre_launch_wishlist_rank,2026-08-24,-1,1026,ok,2026-08-24T02:48:36.097Z
2358630,Western Rye,2026-08-25,post_launch_reviews_total,2026-08-25,0,0,ok,2026-08-25T02:42:46.392Z
2358630,Western Rye,2026-08-25,post_launch_reviews_total,2026-08-26,1,,not_collected,
2358630,Western Rye,2026-08-25,post_launch_reviews_total,2026-08-27,2,,not_collected,
2358630,Western Rye,2026-08-25,post_launch_reviews_total,2026-08-28,3,,not_collected,
2358630,Western Rye,2026-08-25,post_launch_reviews_total,2026-08-29,4,,not_collected,
2358630,Western Rye,2026-08-25,post_launch_reviews_total,2026-08-30,5,,not_collected,
2358630,Western Rye,2026-08-25,post_launch_reviews_total,2026-08-31,6,,not_collected,
2358630,Western Rye,2026-08-25,post_launch_reviews_total,2026-09-01,7,,not_collected,
3905450,WheelMates,2026-09-01,pre_launch_wishlist_rank,2026-08-25,-7,196,ok,2026-08-25T02:42:46.392Z
3905450,WheelMates,2026-09-01,pre_launch_wishlist_rank,2026-08-26,-6,192,ok,2026-08-26T02:50:15.789Z
3905450,WheelMates,2026-09-01,pre_launch_wishlist_rank,2026-08-27,-5,191,ok,2026-08-27T11:57:45.810Z
3905450,WheelMates,2026-09-01,pre_launch_wishlist_rank,2026-08-28,-4,186,ok,2026-08-28T13:19:41.332Z
3905450,WheelMates,2026-09-01,pre_launch_wishlist_rank,2026-08-29,-3,185,ok,2026-08-29T08:16:08.181Z
3905450,WheelMates,2026-09-01,pre_launch_wishlist_rank,2026-08-30,-2,181,ok,2026-08-30T07:17:27.365Z
3905450,WheelMates,2026-09-01,pre_launch_wishlist_rank,2026-08-31,-1,176,ok,2026-08-31T07:32:46.352Z
3905450,WheelMates,2026-09-01,post_launch_reviews_total,2026-09-01,0,0,ok,2026-09-01T06:43:33.167Z
3905450,WheelMates,2026-09-01,post_launch_reviews_total,2026-09-02,1,,not_collected,
3905450,WheelMates,2026-09-01,post_launch_reviews_total,2026-09-03,2,,not_collected,
3905450,WheelMates,2026-09-01,post_launch_reviews_total,2026-09-04,3,,not_collected,
3905450,WheelMates,2026-09-01,post_launch_reviews_total,2026-09-05,4,,not_collected,
3905450,WheelMates,2026-09-01,post_launch_reviews_total,2026-09-06,5,,not_collected,
3905450,WheelMates,2026-09-01,post_launch_reviews_total,2026-09-07,6,,not_collected,
3905450,WheelMates,2026-09-01,post_launch_reviews_total,2026-09-08,7,,not_collected,
1921490,Wild Blue Skies,2026-08-13,pre_launch_wishlist_rank,2026-08-06,-7,457,ok,2026-08-06T04:47:09.485Z
1921490,Wild Blue Skies,2026-08-13,pre_launch_wishlist_rank,2026-08-07,-6,451,ok,2026-08-07T04:13:26.771Z
1921490,Wild Blue Skies,2026-08-13,pre_launch_wishlist_rank,2026-08-08,-5,447,ok,2026-08-08T03:11:38.214Z
1921490,Wild Blue Skies,2026-08-13,pre_launch_wishlist_rank,2026-08-09,-4,444,ok,2026-08-09T03:19:17.318Z
1921490,Wild Blue Skies,2026-08-13,pre_launch_wishlist_rank,2026-08-10,-3,436,ok,2026-08-10T03:29:07.136Z
1921490,Wild Blue Skies,2026-08-13,pre_launch_wishlist_rank,2026-08-11,-2,429,ok,2026-08-11T03:21:55.619Z
1921490,Wild Blue Skies,2026-08-13,pre_launch_wishlist_rank,2026-08-12,-1,420,ok,2026-08-12T03:40:42.315Z
1921490,Wild Blue Skies,2026-08-13,post_launch_reviews_total,2026-08-13,0,0,ok,2026-08-13T03:51:51.678Z
1921490,Wild Blue Skies,2026-08-13,post_launch_reviews_total,2026-08-14,1,,not_collected,
1921490,Wild Blue Skies,2026-08-13,post_launch_reviews_total,2026-08-15,2,,not_collected,
1921490,Wild Blue Skies,2026-08-13,post_launch_reviews_total,2026-08-16,3,,not_collected,
1921490,Wild Blue Skies,2026-08-13,post_launch_reviews_total,2026-08-17,4,,not_collected,
1921490,Wild Blue Skies,2026-08-13,post_launch_reviews_total,2026-08-18,5,,not_collected,
1921490,Wild Blue Skies,2026-08-13,post_launch_reviews_total,2026-08-19,6,,not_collected,
1921490,Wild Blue Skies,2026-08-13,post_launch_reviews_total,2026-08-20,7,,not_collected,
3441990,Withering Realms,2026-09-02,pre_launch_wishlist_rank,2026-08-26,-7,1375,ok,2026-08-26T02:50:15.789Z
3441990,Withering Realms,2026-09-02,pre_launch_wishlist_rank,2026-08-27,-6,1355,ok,2026-08-27T11:57:45.810Z
3441990,Withering Realms,2026-09-02,pre_launch_wishlist_rank,2026-08-28,-5,1346,ok,2026-08-28T13:19:41.332Z
3441990,Withering Realms,2026-09-02,pre_launch_wishlist_rank,2026-08-29,-4,1336,ok,2026-08-29T08:16:08.181Z
3441990,Withering Realms,2026-09-02,pre_launch_wishlist_rank,2026-08-30,-3,1322,ok,2026-08-30T07:17:27.365Z
3441990,Withering Realms,2026-09-02,pre_launch_wishlist_rank,2026-08-31,-2,1288,ok,2026-08-31T07:32:46.352Z
3441990,Withering Realms,2026-09-02,pre_launch_wishlist_rank,2026-09-01,-1,1250,ok,2026-09-01T06:43:33.167Z
3441990,Withering Realms,2026-09-02,post_launch_reviews_total,2026-09-02,0,0,ok,2026-09-02T06:21:55.398Z
3441990,Withering Realms,2026-09-02,post_launch_reviews_total,2026-09-03,1,,not_collected,
3441990,Withering Realms,2026-09-02,post_launch_reviews_total,2026-09-04,2,,not_collected,
3441990,Withering Realms,2026-09-02,post_launch_reviews_total,2026-09-05,3,,not_collected,
3441990,Withering Realms,2026-09-02,post_launch_reviews_total,2026-09-06,4,,not_collected,
3441990,Withering Realms,2026-09-02,post_launch_reviews_total,2026-09-07,5,,not_collected,
3441990,Withering Realms,2026-09-02,post_launch_reviews_total,2026-09-08,6,,not_collected,
3441990,Withering Realms,2026-09-02,post_launch_reviews_total,2026-09-09,7,,not_collected,
3547270,Worming from Home,2026-09-04,pre_launch_wishlist_rank,2026-08-28,-7,802,ok,2026-08-28T13:19:41.332Z
3547270,Worming from Home,2026-09-04,pre_launch_wishlist_rank,2026-08-29,-6,793,ok,2026-08-29T08:16:08.181Z
3547270,Worming from Home,2026-09-04,pre_launch_wishlist_rank,2026-08-30,-5,781,ok,2026-08-30T07:17:27.365Z
3547270,Worming from Home,2026-09-04,pre_launch_wishlist_rank,2026-08-31,-4,771,ok,2026-08-31T07:32:46.352Z
3547270,Worming from Home,2026-09-04,pre_launch_wishlist_rank,2026-09-01,-3,752,ok,2026-09-01T06:43:33.167Z
3547270,Worming from Home,2026-09-04,pre_launch_wishlist_rank,2026-09-02,-2,729,ok,2026-09-02T06:21:55.398Z
3547270,Worming from Home,2026-09-04,pre_launch_wishlist_rank,2026-09-03,-1,706,ok,2026-09-03T06:24:29.914Z
3547270,Worming from Home,2026-09-04,post_launch_reviews_total,2026-09-04,0,,not_collected,
3547270,Worming from Home,2026-09-04,post_launch_reviews_total,2026-09-05,1,,not_collected,
3547270,Worming from Home,2026-09-04,post_launch_reviews_total,2026-09-06,2,,not_collected,
3547270,Worming from Home,2026-09-04,post_launch_reviews_total,2026-09-07,3,,not_collected,
3547270,Worming from Home,2026-09-04,post_launch_reviews_total,2026-09-08,4,,not_collected,
3547270,Worming from Home,2026-09-04,post_launch_reviews_total,2026-09-09,5,,not_collected,
3547270,Worming from Home,2026-09-04,post_launch_reviews_total,2026-09-10,6,,not_collected,
3547270,Worming from Home,2026-09-04,post_launch_reviews_total,2026-09-11,7,,not_collected,
1473960,Wreck Runners,2026-07-16,pre_launch_wishlist_rank,2026-07-09,-7,1298,ok,2026-07-09T05:46:21.155Z
1473960,Wreck Runners,2026-07-16,pre_launch_wishlist_rank,2026-07-10,-6,1278,ok,2026-07-10T05:43:57.377Z
1473960,Wreck Runners,2026-07-16,pre_launch_wishlist_rank,2026-07-11,-5,1257,ok,2026-07-11T04:45:57.358Z
1473960,Wreck Runners,2026-07-16,pre_launch_wishlist_rank,2026-07-12,-4,1241,ok,2026-07-12T04:57:39.930Z
1473960,Wreck Runners,2026-07-16,pre_launch_wishlist_rank,2026-07-13,-3,1216,ok,2026-07-13T05:04:37.802Z
1473960,Wreck Runners,2026-07-16,pre_launch_wishlist_rank,2026-07-14,-2,1192,ok,2026-07-14T04:32:48.120Z
1473960,Wreck Runners,2026-07-16,pre_launch_wishlist_rank,2026-07-15,-1,1166,ok,2026-07-15T04:32:45.763Z
1473960,Wreck Runners,2026-07-16,post_launch_reviews_total,2026-07-16,0,0,ok,2026-07-16T04:42:31.378Z
1473960,Wreck Runners,2026-07-16,post_launch_reviews_total,2026-07-17,1,,not_collected,
1473960,Wreck Runners,2026-07-16,post_launch_reviews_total,2026-07-18,2,,not_collected,
1473960,Wreck Runners,2026-07-16,post_launch_reviews_total,2026-07-19,3,,not_collected,
1473960,Wreck Runners,2026-07-16,post_launch_reviews_total,2026-07-20,4,,not_collected,
1473960,Wreck Runners,2026-07-16,post_launch_reviews_total,2026-07-21,5,,not_collected,
1473960,Wreck Runners,2026-07-16,post_launch_reviews_total,2026-07-22,6,,not_collected,
1473960,Wreck Runners,2026-07-16,post_launch_reviews_total,2026-07-23,7,,not_collected,
4327470,XeGrader for MSX2 mode,2026-07-06,pre_launch_wishlist_rank,2026-06-29,-7,,not_collected,
4327470,XeGrader for MSX2 mode,2026-07-06,pre_launch_wishlist_rank,2026-06-30,-6,,not_collected,
4327470,XeGrader for MSX2 mode,2026-07-06,pre_launch_wishlist_rank,2026-07-01,-5,,not_collected,
4327470,XeGrader for MSX2 mode,2026-07-06,pre_launch_wishlist_rank,2026-07-02,-4,,not_collected,
4327470,XeGrader for MSX2 mode,2026-07-06,pre_launch_wishlist_rank,2026-07-03,-3,,not_in_captured_wishlist_ranking,
4327470,XeGrader for MSX2 mode,2026-07-06,pre_launch_wishlist_rank,2026-07-04,-2,,not_in_captured_wishlist_ranking,
4327470,XeGrader for MSX2 mode,2026-07-06,pre_launch_wishlist_rank,2026-07-05,-1,,not_in_captured_wishlist_ranking,
4327470,XeGrader for MSX2 mode,2026-07-06,post_launch_reviews_total,2026-07-06,0,0,ok,2026-07-06T04:31:47.397Z
4327470,XeGrader for MSX2 mode,2026-07-06,post_launch_reviews_total,2026-07-07,1,,not_collected,
4327470,XeGrader for MSX2 mode,2026-07-06,post_launch_reviews_total,2026-07-08,2,,not_collected,
4327470,XeGrader for MSX2 mode,2026-07-06,post_launch_reviews_total,2026-07-09,3,,not_collected,
4327470,XeGrader for MSX2 mode,2026-07-06,post_launch_reviews_total,2026-07-10,4,,not_collected,
4327470,XeGrader for MSX2 mode,2026-07-06,post_launch_reviews_total,2026-07-11,5,,not_collected,
4327470,XeGrader for MSX2 mode,2026-07-06,post_launch_reviews_total,2026-07-12,6,,not_collected,
4327470,XeGrader for MSX2 mode,2026-07-06,post_launch_reviews_total,2026-07-13,7,,not_collected,
4327460,XeGrader for Origin mode,2026-07-06,pre_launch_wishlist_rank,2026-06-29,-7,,not_collected,
4327460,XeGrader for Origin mode,2026-07-06,pre_launch_wishlist_rank,2026-06-30,-6,,not_collected,
4327460,XeGrader for Origin mode,2026-07-06,pre_launch_wishlist_rank,2026-07-01,-5,,not_collected,
4327460,XeGrader for Origin mode,2026-07-06,pre_launch_wishlist_rank,2026-07-02,-4,,not_collected,
4327460,XeGrader for Origin mode,2026-07-06,pre_launch_wishlist_rank,2026-07-03,-3,,not_in_captured_wishlist_ranking,
4327460,XeGrader for Origin mode,2026-07-06,pre_launch_wishlist_rank,2026-07-04,-2,,not_in_captured_wishlist_ranking,
4327460,XeGrader for Origin mode,2026-07-06,pre_launch_wishlist_rank,2026-07-05,-1,,not_in_captured_wishlist_ranking,
4327460,XeGrader for Origin mode,2026-07-06,post_launch_reviews_total,2026-07-06,0,0,ok,2026-07-06T04:31:47.397Z
4327460,XeGrader for Origin mode,2026-07-06,post_launch_reviews_total,2026-07-07,1,,not_collected,
4327460,XeGrader for Origin mode,2026-07-06,post_launch_reviews_total,2026-07-08,2,,not_collected,
4327460,XeGrader for Origin mode,2026-07-06,post_launch_reviews_total,2026-07-09,3,,not_collected,
4327460,XeGrader for Origin mode,2026-07-06,post_launch_reviews_total,2026-07-10,4,,not_collected,
4327460,XeGrader for Origin mode,2026-07-06,post_launch_reviews_total,2026-07-11,5,,not_collected,
4327460,XeGrader for Origin mode,2026-07-06,post_launch_reviews_total,2026-07-12,6,,not_collected,
4327460,XeGrader for Origin mode,2026-07-06,post_launch_reviews_total,2026-07-13,7,,not_collected,
4323520,XeGrader plus,2026-07-06,pre_launch_wishlist_rank,2026-06-29,-7,,not_collected,
4323520,XeGrader plus,2026-07-06,pre_launch_wishlist_rank,2026-06-30,-6,,not_collected,
4323520,XeGrader plus,2026-07-06,pre_launch_wishlist_rank,2026-07-01,-5,,not_collected,
4323520,XeGrader plus,2026-07-06,pre_launch_wishlist_rank,2026-07-02,-4,,not_collected,
4323520,XeGrader plus,2026-07-06,pre_launch_wishlist_rank,2026-07-03,-3,,not_in_captured_wishlist_ranking,
4323520,XeGrader plus,2026-07-06,pre_launch_wishlist_rank,2026-07-04,-2,,not_in_captured_wishlist_ranking,
4323520,XeGrader plus,2026-07-06,pre_launch_wishlist_rank,2026-07-05,-1,,not_in_captured_wishlist_ranking,
4323520,XeGrader plus,2026-07-06,post_launch_reviews_total,2026-07-06,0,0,ok,2026-07-06T04:31:47.397Z
4323520,XeGrader plus,2026-07-06,post_launch_reviews_total,2026-07-07,1,,not_collected,
4323520,XeGrader plus,2026-07-06,post_launch_reviews_total,2026-07-08,2,,not_collected,
4323520,XeGrader plus,2026-07-06,post_launch_reviews_total,2026-07-09,3,,not_collected,
4323520,XeGrader plus,2026-07-06,post_launch_reviews_total,2026-07-10,4,,not_collected,
4323520,XeGrader plus,2026-07-06,post_launch_reviews_total,2026-07-11,5,,not_collected,
4323520,XeGrader plus,2026-07-06,post_launch_reviews_total,2026-07-12,6,,not_collected,
4323520,XeGrader plus,2026-07-06,post_launch_reviews_total,2026-07-13,7,,not_collected,
4293910,XenoFeels,2026-01-01,pre_launch_wishlist_rank,2025-12-25,-7,,not_collected,
4293910,XenoFeels,2026-01-01,pre_launch_wishlist_rank,2025-12-26,-6,,not_collected,
4293910,XenoFeels,2026-01-01,pre_launch_wishlist_rank,2025-12-27,-5,,not_collected,
4293910,XenoFeels,2026-01-01,pre_launch_wishlist_rank,2025-12-28,-4,,not_collected,
4293910,XenoFeels,2026-01-01,pre_launch_wishlist_rank,2025-12-29,-3,,not_collected,
4293910,XenoFeels,2026-01-01,pre_launch_wishlist_rank,2025-12-30,-2,,not_collected,
4293910,XenoFeels,2026-01-01,pre_launch_wishlist_rank,2025-12-31,-1,,not_collected,
4293910,XenoFeels,2026-01-01,post_launch_reviews_total,2026-01-01,0,,not_collected,
4293910,XenoFeels,2026-01-01,post_launch_reviews_total,2026-01-02,1,,not_collected,
4293910,XenoFeels,2026-01-01,post_launch_reviews_total,2026-01-03,2,,not_collected,
4293910,XenoFeels,2026-01-01,post_launch_reviews_total,2026-01-04,3,,not_collected,
4293910,XenoFeels,2026-01-01,post_launch_reviews_total,2026-01-05,4,,not_collected,
4293910,XenoFeels,2026-01-01,post_launch_reviews_total,2026-01-06,5,,not_collected,
4293910,XenoFeels,2026-01-01,post_launch_reviews_total,2026-01-07,6,,not_collected,
4293910,XenoFeels,2026-01-01,post_launch_reviews_total,2026-01-08,7,,not_collected,
3059360,Yips!,2026-07-05,pre_launch_wishlist_rank,2026-06-28,-7,,not_collected,
3059360,Yips!,2026-07-05,pre_launch_wishlist_rank,2026-06-29,-6,,not_collected,
3059360,Yips!,2026-07-05,pre_launch_wishlist_rank,2026-06-30,-5,,not_collected,
3059360,Yips!,2026-07-05,pre_launch_wishlist_rank,2026-07-01,-4,,not_collected,
3059360,Yips!,2026-07-05,pre_launch_wishlist_rank,2026-07-02,-3,,not_collected,
3059360,Yips!,2026-07-05,pre_launch_wishlist_rank,2026-07-03,-2,,not_in_captured_wishlist_ranking,
3059360,Yips!,2026-07-05,pre_launch_wishlist_rank,2026-07-04,-1,,not_in_captured_wishlist_ranking,
3059360,Yips!,2026-07-05,post_launch_reviews_total,2026-07-05,0,0,ok,2026-07-05T05:38:17.292Z
3059360,Yips!,2026-07-05,post_launch_reviews_total,2026-07-06,1,,not_collected,
3059360,Yips!,2026-07-05,post_launch_reviews_total,2026-07-07,2,,not_collected,
3059360,Yips!,2026-07-05,post_launch_reviews_total,2026-07-08,3,,not_collected,
3059360,Yips!,2026-07-05,post_launch_reviews_total,2026-07-09,4,,not_collected,
3059360,Yips!,2026-07-05,post_launch_reviews_total,2026-07-10,5,,not_collected,
3059360,Yips!,2026-07-05,post_launch_reviews_total,2026-07-11,6,,not_collected,
3059360,Yips!,2026-07-05,post_launch_reviews_total,2026-07-12,7,,not_collected,
4412000,Zad Archery,2026-09-01,pre_launch_wishlist_rank,2026-08-25,-7,1169,ok,2026-08-25T02:42:46.392Z
4412000,Zad Archery,2026-09-01,pre_launch_wishlist_rank,2026-08-26,-6,1165,ok,2026-08-26T02:50:15.789Z
4412000,Zad Archery,2026-09-01,pre_launch_wishlist_rank,2026-08-27,-5,1143,ok,2026-08-27T11:57:45.810Z
4412000,Zad Archery,2026-09-01,pre_launch_wishlist_rank,2026-08-28,-4,1128,ok,2026-08-28T13:19:41.332Z
4412000,Zad Archery,2026-09-01,pre_launch_wishlist_rank,2026-08-29,-3,1117,ok,2026-08-29T08:16:08.181Z
4412000,Zad Archery,2026-09-01,pre_launch_wishlist_rank,2026-08-30,-2,1097,ok,2026-08-30T07:17:27.365Z
4412000,Zad Archery,2026-09-01,pre_launch_wishlist_rank,2026-08-31,-1,1040,ok,2026-08-31T07:32:46.352Z
4412000,Zad Archery,2026-09-01,post_launch_reviews_total,2026-09-01,0,0,ok,2026-09-01T06:43:33.167Z
4412000,Zad Archery,2026-09-01,post_launch_reviews_total,2026-09-02,1,,not_collected,
4412000,Zad Archery,2026-09-01,post_launch_reviews_total,2026-09-03,2,,not_collected,
4412000,Zad Archery,2026-09-01,post_launch_reviews_total,2026-09-04,3,,not_collected,
4412000,Zad Archery,2026-09-01,post_launch_reviews_total,2026-09-05,4,,not_collected,
4412000,Zad Archery,2026-09-01,post_launch_reviews_total,2026-09-06,5,,not_collected,
4412000,Zad Archery,2026-09-01,post_launch_reviews_total,2026-09-07,6,,not_collected,
4412000,Zad Archery,2026-09-01,post_launch_reviews_total,2026-09-08,7,,not_collected,
4538960,ZENONIA 1,2026-08-31,pre_launch_wishlist_rank,2026-08-24,-7,1121,ok,2026-08-24T02:48:36.097Z
4538960,ZENONIA 1,2026-08-31,pre_launch_wishlist_rank,2026-08-25,-6,1078,ok,2026-08-25T02:42:46.392Z
4538960,ZENONIA 1,2026-08-31,pre_launch_wishlist_rank,2026-08-26,-5,1040,ok,2026-08-26T02:50:15.789Z
4538960,ZENONIA 1,2026-08-31,pre_launch_wishlist_rank,2026-08-27,-4,1009,ok,2026-08-27T11:57:45.810Z
4538960,ZENONIA 1,2026-08-31,pre_launch_wishlist_rank,2026-08-28,-3,966,ok,2026-08-28T13:19:41.332Z
4538960,ZENONIA 1,2026-08-31,pre_launch_wishlist_rank,2026-08-29,-2,935,ok,2026-08-29T08:16:08.181Z
4538960,ZENONIA 1,2026-08-31,pre_launch_wishlist_rank,2026-08-30,-1,847,ok,2026-08-30T07:17:27.365Z
4538960,ZENONIA 1,2026-08-31,post_launch_reviews_total,2026-08-31,0,,not_collected,
4538960,ZENONIA 1,2026-08-31,post_launch_reviews_total,2026-09-01,1,,not_collected,
4538960,ZENONIA 1,2026-08-31,post_launch_reviews_total,2026-09-02,2,,not_collected,
4538960,ZENONIA 1,2026-08-31,post_launch_reviews_total,2026-09-03,3,,not_collected,
4538960,ZENONIA 1,2026-08-31,post_launch_reviews_total,2026-09-04,4,,not_collected,
4538960,ZENONIA 1,2026-08-31,post_launch_reviews_total,2026-09-05,5,,not_collected,
4538960,ZENONIA 1,2026-08-31,post_launch_reviews_total,2026-09-06,6,,not_collected,
4538960,ZENONIA 1,2026-08-31,post_launch_reviews_total,2026-09-07,7,,not_collected,
1605850,ZeroSpace,2026-07-20,pre_launch_wishlist_rank,2026-07-13,-7,208,ok,2026-07-13T05:04:37.802Z
1605850,ZeroSpace,2026-07-20,pre_launch_wishlist_rank,2026-07-14,-6,204,ok,2026-07-14T04:32:48.120Z
1605850,ZeroSpace,2026-07-20,pre_launch_wishlist_rank,2026-07-15,-5,202,ok,2026-07-15T04:32:45.763Z
1605850,ZeroSpace,2026-07-20,pre_launch_wishlist_rank,2026-07-16,-4,199,ok,2026-07-16T04:42:31.378Z
1605850,ZeroSpace,2026-07-20,pre_launch_wishlist_rank,2026-07-17,-3,195,ok,2026-07-17T04:45:39.030Z
1605850,ZeroSpace,2026-07-20,pre_launch_wishlist_rank,2026-07-18,-2,193,ok,2026-07-18T04:29:54.503Z
1605850,ZeroSpace,2026-07-20,pre_launch_wishlist_rank,2026-07-19,-1,184,ok,2026-07-19T04:54:49.781Z
1605850,ZeroSpace,2026-07-20,post_launch_reviews_total,2026-07-20,0,0,ok,2026-07-20T05:09:45.900Z
1605850,ZeroSpace,2026-07-20,post_launch_reviews_total,2026-07-21,1,,not_collected,
1605850,ZeroSpace,2026-07-20,post_launch_reviews_total,2026-07-22,2,,not_collected,
1605850,ZeroSpace,2026-07-20,post_launch_reviews_total,2026-07-23,3,,not_collected,
1605850,ZeroSpace,2026-07-20,post_launch_reviews_total,2026-07-24,4,,not_collected,
1605850,ZeroSpace,2026-07-20,post_launch_reviews_total,2026-07-25,5,,not_collected,
1605850,ZeroSpace,2026-07-20,post_launch_reviews_total,2026-07-26,6,,not_collected,
1605850,ZeroSpace,2026-07-20,post_launch_reviews_total,2026-07-27,7,,not_collected,
4864450,ΠΟΛΙΣ — Athens,2026-07-09,pre_launch_wishlist_rank,2026-07-02,-7,,not_collected,
4864450,ΠΟΛΙΣ — Athens,2026-07-09,pre_launch_wishlist_rank,2026-07-03,-6,,not_in_captured_wishlist_ranking,
4864450,ΠΟΛΙΣ — Athens,2026-07-09,pre_launch_wishlist_rank,2026-07-04,-5,,not_in_captured_wishlist_ranking,
4864450,ΠΟΛΙΣ — Athens,2026-07-09,pre_launch_wishlist_rank,2026-07-05,-4,,not_in_captured_wishlist_ranking,
4864450,ΠΟΛΙΣ — Athens,2026-07-09,pre_launch_wishlist_rank,2026-07-06,-3,,not_in_captured_wishlist_ranking,
4864450,ΠΟΛΙΣ — Athens,2026-07-09,pre_launch_wishlist_rank,2026-07-07,-2,,not_in_captured_wishlist_ranking,
4864450,ΠΟΛΙΣ — Athens,2026-07-09,pre_launch_wishlist_rank,2026-07-08,-1,,not_in_captured_wishlist_ranking,
4864450,ΠΟΛΙΣ — Athens,2026-07-09,post_launch_reviews_total,2026-07-09,0,0,ok,2026-07-09T05:46:21.155Z
4864450,ΠΟΛΙΣ — Athens,2026-07-09,post_launch_reviews_total,2026-07-10,1,,not_collected,
4864450,ΠΟΛΙΣ — Athens,2026-07-09,post_launch_reviews_total,2026-07-11,2,,not_collected,
4864450,ΠΟΛΙΣ — Athens,2026-07-09,post_launch_reviews_total,2026-07-12,3,,not_collected,
4864450,ΠΟΛΙΣ — Athens,2026-07-09,post_launch_reviews_total,2026-07-13,4,,not_collected,
4864450,ΠΟΛΙΣ — Athens,2026-07-09,post_launch_reviews_total,2026-07-14,5,,not_collected,
4864450,ΠΟΛΙΣ — Athens,2026-07-09,post_launch_reviews_total,2026-07-15,6,,not_collected,
4864450,ΠΟΛΙΣ — Athens,2026-07-09,post_launch_reviews_total,2026-07-16,7,,not_collected,
3592160,Альтушка для скуфа: Скачать бесплатно,2026-07-30,pre_launch_wishlist_rank,2026-07-23,-7,,not_in_captured_wishlist_ranking,
3592160,Альтушка для скуфа: Скачать бесплатно,2026-07-30,pre_launch_wishlist_rank,2026-07-24,-6,,not_in_captured_wishlist_ranking,
3592160,Альтушка для скуфа: Скачать бесплатно,2026-07-30,pre_launch_wishlist_rank,2026-07-25,-5,,not_in_captured_wishlist_ranking,
3592160,Альтушка для скуфа: Скачать бесплатно,2026-07-30,pre_launch_wishlist_rank,2026-07-26,-4,,not_in_captured_wishlist_ranking,
3592160,Альтушка для скуфа: Скачать бесплатно,2026-07-30,pre_launch_wishlist_rank,2026-07-27,-3,,not_in_captured_wishlist_ranking,
3592160,Альтушка для скуфа: Скачать бесплатно,2026-07-30,pre_launch_wishlist_rank,2026-07-28,-2,,not_in_captured_wishlist_ranking,
3592160,Альтушка для скуфа: Скачать бесплатно,2026-07-30,pre_launch_wishlist_rank,2026-07-29,-1,,not_in_captured_wishlist_ranking,
3592160,Альтушка для скуфа: Скачать бесплатно,2026-07-30,post_launch_reviews_total,2026-07-30,0,0,ok,2026-07-30T04:38:29.620Z
3592160,Альтушка для скуфа: Скачать бесплатно,2026-07-30,post_launch_reviews_total,2026-07-31,1,,not_collected,
3592160,Альтушка для скуфа: Скачать бесплатно,2026-07-30,post_launch_reviews_total,2026-08-01,2,,not_collected,
3592160,Альтушка для скуфа: Скачать бесплатно,2026-07-30,post_launch_reviews_total,2026-08-02,3,,not_collected,
3592160,Альтушка для скуфа: Скачать бесплатно,2026-07-30,post_launch_reviews_total,2026-08-03,4,,not_collected,
3592160,Альтушка для скуфа: Скачать бесплатно,2026-07-30,post_launch_reviews_total,2026-08-04,5,,not_collected,
3592160,Альтушка для скуфа: Скачать бесплатно,2026-07-30,post_launch_reviews_total,2026-08-05,6,,not_collected,
3592160,Альтушка для скуфа: Скачать бесплатно,2026-07-30,post_launch_reviews_total,2026-08-06,7,,not_collected,
4914860,三国模拟器之我有一个妙计,2026-08-01,pre_launch_wishlist_rank,2026-07-25,-7,,not_in_captured_wishlist_ranking,
4914860,三国模拟器之我有一个妙计,2026-08-01,pre_launch_wishlist_rank,2026-07-26,-6,,not_in_captured_wishlist_ranking,
4914860,三国模拟器之我有一个妙计,2026-08-01,pre_launch_wishlist_rank,2026-07-27,-5,,not_in_captured_wishlist_ranking,
4914860,三国模拟器之我有一个妙计,2026-08-01,pre_launch_wishlist_rank,2026-07-28,-4,,not_in_captured_wishlist_ranking,
4914860,三国模拟器之我有一个妙计,2026-08-01,pre_launch_wishlist_rank,2026-07-29,-3,,not_in_captured_wishlist_ranking,
4914860,三国模拟器之我有一个妙计,2026-08-01,pre_launch_wishlist_rank,2026-07-30,-2,,not_in_captured_wishlist_ranking,
4914860,三国模拟器之我有一个妙计,2026-08-01,pre_launch_wishlist_rank,2026-07-31,-1,,not_in_captured_wishlist_ranking,
4914860,三国模拟器之我有一个妙计,2026-08-01,post_launch_reviews_total,2026-08-01,0,,not_collected,
4914860,三国模拟器之我有一个妙计,2026-08-01,post_launch_reviews_total,2026-08-02,1,,not_collected,
4914860,三国模拟器之我有一个妙计,2026-08-01,post_launch_reviews_total,2026-08-03,2,,not_collected,
4914860,三国模拟器之我有一个妙计,2026-08-01,post_launch_reviews_total,2026-08-04,3,,not_collected,
4914860,三国模拟器之我有一个妙计,2026-08-01,post_launch_reviews_total,2026-08-05,4,,not_collected,
4914860,三国模拟器之我有一个妙计,2026-08-01,post_launch_reviews_total,2026-08-06,5,,not_collected,
4914860,三国模拟器之我有一个妙计,2026-08-01,post_launch_reviews_total,2026-08-07,6,,not_collected,
4914860,三国模拟器之我有一个妙计,2026-08-01,post_launch_reviews_total,2026-08-08,7,,not_collected,
3863760,侠影录,2026-07-23,pre_launch_wishlist_rank,2026-07-16,-7,1274,ok,2026-07-16T04:42:31.378Z
3863760,侠影录,2026-07-23,pre_launch_wishlist_rank,2026-07-17,-6,1243,ok,2026-07-17T04:45:39.030Z
3863760,侠影录,2026-07-23,pre_launch_wishlist_rank,2026-07-18,-5,1229,ok,2026-07-18T04:29:54.503Z
3863760,侠影录,2026-07-23,pre_launch_wishlist_rank,2026-07-19,-4,1204,ok,2026-07-19T04:54:49.781Z
3863760,侠影录,2026-07-23,pre_launch_wishlist_rank,2026-07-20,-3,1156,ok,2026-07-20T05:09:45.900Z
3863760,侠影录,2026-07-23,pre_launch_wishlist_rank,2026-07-21,-2,1120,ok,2026-07-21T04:50:39.944Z
3863760,侠影录,2026-07-23,pre_launch_wishlist_rank,2026-07-22,-1,1083,ok,2026-07-22T04:50:32.272Z
3863760,侠影录,2026-07-23,post_launch_reviews_total,2026-07-23,0,0,ok,2026-07-23T04:56:12.842Z
3863760,侠影录,2026-07-23,post_launch_reviews_total,2026-07-24,1,,not_collected,
3863760,侠影录,2026-07-23,post_launch_reviews_total,2026-07-25,2,,not_collected,
3863760,侠影录,2026-07-23,post_launch_reviews_total,2026-07-26,3,,not_collected,
3863760,侠影录,2026-07-23,post_launch_reviews_total,2026-07-27,4,,not_collected,
3863760,侠影录,2026-07-23,post_launch_reviews_total,2026-07-28,5,,not_collected,
3863760,侠影录,2026-07-23,post_launch_reviews_total,2026-07-29,6,,not_collected,
3863760,侠影录,2026-07-23,post_launch_reviews_total,2026-07-30,7,,not_collected,
4622110,我的傲娇妹妹 MY TSUNDERE SISTER,2026-08-12,pre_launch_wishlist_rank,2026-08-05,-7,,not_in_captured_wishlist_ranking,
4622110,我的傲娇妹妹 MY TSUNDERE SISTER,2026-08-12,pre_launch_wishlist_rank,2026-08-06,-6,,not_in_captured_wishlist_ranking,
4622110,我的傲娇妹妹 MY TSUNDERE SISTER,2026-08-12,pre_launch_wishlist_rank,2026-08-07,-5,,not_in_captured_wishlist_ranking,
4622110,我的傲娇妹妹 MY TSUNDERE SISTER,2026-08-12,pre_launch_wishlist_rank,2026-08-08,-4,,not_in_captured_wishlist_ranking,
4622110,我的傲娇妹妹 MY TSUNDERE SISTER,2026-08-12,pre_launch_wishlist_rank,2026-08-09,-3,,not_in_captured_wishlist_ranking,
4622110,我的傲娇妹妹 MY TSUNDERE SISTER,2026-08-12,pre_launch_wishlist_rank,2026-08-10,-2,1967,ok,2026-08-10T03:29:07.136Z
4622110,我的傲娇妹妹 MY TSUNDERE SISTER,2026-08-12,pre_launch_wishlist_rank,2026-08-11,-1,1870,ok,2026-08-11T03:21:55.619Z
4622110,我的傲娇妹妹 MY TSUNDERE SISTER,2026-08-12,post_launch_reviews_total,2026-08-12,0,0,ok,2026-08-12T03:40:42.315Z
4622110,我的傲娇妹妹 MY TSUNDERE SISTER,2026-08-12,post_launch_reviews_total,2026-08-13,1,,not_collected,
4622110,我的傲娇妹妹 MY TSUNDERE SISTER,2026-08-12,post_launch_reviews_total,2026-08-14,2,,not_collected,
4622110,我的傲娇妹妹 MY TSUNDERE SISTER,2026-08-12,post_launch_reviews_total,2026-08-15,3,,not_collected,
4622110,我的傲娇妹妹 MY TSUNDERE SISTER,2026-08-12,post_launch_reviews_total,2026-08-16,4,,not_collected,
4622110,我的傲娇妹妹 MY TSUNDERE SISTER,2026-08-12,post_launch_reviews_total,2026-08-17,5,,not_collected,
4622110,我的傲娇妹妹 MY TSUNDERE SISTER,2026-08-12,post_launch_reviews_total,2026-08-18,6,,not_collected,
4622110,我的傲娇妹妹 MY TSUNDERE SISTER,2026-08-12,post_launch_reviews_total,2026-08-19,7,,not_collected,
